knot,april,june,verdict,unknotting_crossings,in_crossing_dataset
10_1,"[1,1]","[1,1]",u = 1,"[0,5]",True
10_10,"[1,1]","[1,1]",u = 1,[4],True
10_102,"[1,1]","[1,1]",u = 1,"[4,8]",True
10_104,"[1,1]","[1,1]",u = 1,"[3,4]",True
10_107,"[1,1]","[1,1]",u = 1,[8],True
10_113,"[1,1]","[1,1]",u = 1,"[0,8]",True
10_114,"[1,1]","[1,1]",u = 1,"[0,5]",True
10_118,"[1,1]","[1,1]",u = 1,"[0,5]",True
10_119,"[1,1]","[1,1]",u = 1,[8],True
10_17,"[1,1]","[1,1]",u = 1,"[0,2]",True
10_18,"[1,1]","[1,1]",u = 1,[1],True
10_23,"[1,1]","[1,1]",u = 1,[6],True
10_26,"[1,1]","[1,1]",u = 1,[5],True
10_27,"[1,1]","[1,1]",u = 1,[9],True
10_30,"[1,1]","[1,1]",u = 1,[1],True
10_31,"[1,1]","[1,1]",u = 1,[5],True
10_32,"[1,1]","[1,1]",u = 1,[4],True
10_33,"[1,1]","[1,1]",u = 1,"[1,3]",True
10_42,"[1,1]","[1,1]",u = 1,[1],True
10_44,"[1,1]","[1,1]",u = 1,[5],True
10_59,"[1,1]","[1,1]",u = 1,[4],True
10_60,"[1,1]","[1,1]",u = 1,"[1,9]",True
10_7,"[1,1]","[1,1]",u = 1,[6],True
10_71,"[1,1]","[1,1]",u = 1,[0],True
10_73,"[1,1]","[1,1]",u = 1,[1],True
10_82,"[1,1]","[1,1]",u = 1,[1],True
10_84,"[1,1]","[1,1]",u = 1,[8],True
10_88,"[1,1]","[1,1]",u = 1,"[4,6]",True
10_9,"[1,1]","[1,1]",u = 1,[3],True
10_91,"[1,1]","[1,1]",u = 1,[4],True
10_95,"[1,1]","[1,1]",u = 1,[1],True
11a_10,"[1,1]","[1,1]",u = 1,[0],True
11a_101,"[1,1]","[1,1]",u = 1,[7],True
11a_104,"[1,1]","[1,1]",u = 1,[4],True
11a_106,"[1,1]","[1,1]",u = 1,"[0,7]",True
11a_11,"[1,1]","[1,1]",u = 1,[1],True
11a_114,"[1,1]","[1,1]",u = 1,[4],True
11a_12,"[1,1]","[1,1]",u = 1,[1],True
11a_121,"[1,1]","[1,1]",u = 1,"[4,7]",True
11a_122,"[1,1]","[1,1]",u = 1,[10],True
11a_136,"[1,1]","[1,1]",u = 1,[9],True
11a_138,"[1,1]","[1,1]",u = 1,[1],True
11a_139,"[1,1]","[1,1]",u = 1,[0],True
11a_146,"[1,1]","[1,1]",u = 1,[8],True
11a_149,"[1,1]","[1,1]",u = 1,[5],True
11a_160,"[1,1]","[1,1]",u = 1,"[4,9]",True
11a_167,"[1,1]","[1,1]",u = 1,[8],True
11a_168,"[1,1]","[1,1]",u = 1,[7],True
11a_180,"[1,1]","[1,1]",u = 1,[6],True
11a_184,"[1,1]","[1,1]",u = 1,[7],True
11a_187,"[1,1]","[1,1]",u = 1,[5],True
11a_189,"[1,1]","[1,1]",u = 1,"[0,6]",True
11a_190,"[1,1]","[1,1]",u = 1,[2],True
11a_195,"[1,1]","[1,1]",u = 1,[0],True
11a_198,"[1,1]","[1,1]",u = 1,"[0,6]",True
11a_209,"[1,1]","[1,1]",u = 1,[4],True
11a_210,"[1,1]","[1,1]",u = 1,[5],True
11a_216,"[1,1]","[1,1]",u = 1,[0],True
11a_222,"[1,1]","[1,1]",u = 1,[5],True
11a_226,"[1,1]","[1,1]",u = 1,[6],True
11a_230,"[1,1]","[1,1]",u = 1,[0],True
11a_233,"[1,1]","[1,1]",u = 1,"[5,6]",True
11a_247,"[1,1]","[1,1]",u = 1,"[1,10]",True
11a_255,"[1,1]","[1,1]",u = 1,[3],True
11a_256,"[1,1]","[1,1]",u = 1,[1],True
11a_257,"[1,1]","[1,1]",u = 1,[8],True
11a_264,"[1,1]","[1,1]",u = 1,[1],True
11a_266,"[1,1]","[1,1]",u = 1,"[0,6]",True
11a_267,"[1,1]","[1,1]",u = 1,[3],True
11a_272,"[1,1]","[1,1]",u = 1,[3],True
11a_280,"[1,1]","[1,1]",u = 1,"[0,1]",True
11a_282,"[1,1]","[1,1]",u = 1,[2],True
11a_283,"[1,1]","[1,1]",u = 1,[9],True
11a_287,"[1,1]","[1,1]",u = 1,[6],True
11a_289,"[1,1]","[1,1]",u = 1,"[0,8]",True
11a_290,"[1,1]","[1,1]",u = 1,[3],True
11a_300,"[1,1]","[1,1]",u = 1,[9],True
11a_307,"[1,1]","[1,1]",u = 1,[3],True
11a_311,"[1,1]","[1,1]",u = 1,[1],True
11a_326,"[1,1]","[1,1]",u = 1,[9],True
11a_34,"[1,1]","[1,1]",u = 1,[7],True
11a_345,"[1,1]","[1,1]",u = 1,[10],True
11a_35,"[1,1]","[1,1]",u = 1,[6],True
11a_351,"[1,1]","[1,1]",u = 1,"[1,5,6,10]",True
11a_41,"[1,1]","[1,1]",u = 1,"[0,6]",True
11a_56,"[1,1]","[1,1]",u = 1,[0],True
11a_69,"[1,1]","[1,1]",u = 1,[1],True
11a_70,"[1,1]","[1,1]",u = 1,[5],True
11a_71,"[1,1]","[1,1]",u = 1,[4],True
11a_73,"[1,1]","[1,1]",u = 1,"[5,9]",True
11a_77,"[1,1]","[1,1]",u = 1,[5],True
11a_78,"[1,1]","[1,1]",u = 1,"[0,7]",True
11a_8,"[1,1]","[1,1]",u = 1,[0],True
11a_80,"[1,1]","[1,1]",u = 1,[8],True
11a_82,"[1,1]","[1,1]",u = 1,[2],True
11a_86,"[1,1]","[1,1]",u = 1,[0],True
11a_88,"[1,1]","[1,1]",u = 1,[0],True
11a_91,"[1,1]","[1,1]",u = 1,[4],True
11a_96,"[1,1]","[1,1]",u = 1,[4],True
11a_98,"[1,1]","[1,1]",u = 1,[1],True
12a_1,"[1,1]","[1,1]",u = 1,[0],True
12a_1005,"[1,1]","[1,1]",u = 1,[0],True
12a_1008,"[1,1]","[1,1]",u = 1,"[7,8]",True
12a_1011,"[1,1]","[1,1]",u = 1,[9],True
12a_1023,"[1,1]","[1,1]",u = 1,[3],True
12a_1034,"[1,1]","[1,1]",u = 1,[0],True
12a_1048,"[1,1]","[1,1]",u = 1,[8],True
12a_1056,"[1,1]","[1,1]",u = 1,[0],True
12a_1060,"[1,1]","[1,1]",u = 1,[0],True
12a_1063,"[1,1]","[1,1]",u = 1,[2],True
12a_1076,"[1,1]","[1,1]",u = 1,[7],True
12a_1081,"[1,1]","[1,1]",u = 1,[0],True
12a_1126,"[1,1]","[1,1]",u = 1,[0],True
12a_1128,"[1,1]","[1,1]",u = 1,[8],True
12a_1129,"[1,1]","[1,1]",u = 1,[0],True
12a_1130,"[1,1]","[1,1]",u = 1,[3],True
12a_1135,"[1,1]","[1,1]",u = 1,[0],True
12a_1139,"[1,1]","[1,1]",u = 1,[2],True
12a_1140,"[1,1]","[1,1]",u = 1,[8],True
12a_1169,"[1,1]","[1,1]",u = 1,"[0,3]",True
12a_1176,"[1,1]","[1,1]",u = 1,"[3,7]",True
12a_1182,"[1,1]","[1,1]",u = 1,"[7,11]",True
12a_1187,"[1,1]","[1,1]",u = 1,[1],True
12a_1188,"[1,1]","[1,1]",u = 1,"[1,2]",True
12a_1198,"[1,1]","[1,1]",u = 1,[0],True
12a_1199,"[1,1]","[1,1]",u = 1,"[1,6]",True
12a_121,"[1,1]","[1,1]",u = 1,[0],True
12a_1217,"[1,1]","[1,1]",u = 1,"[4,10]",True
12a_1219,"[1,1]","[1,1]",u = 1,[5],True
12a_1228,"[1,1]","[1,1]",u = 1,[0],True
12a_1231,"[1,1]","[1,1]",u = 1,[8],True
12a_1235,"[1,1]","[1,1]",u = 1,[4],True
12a_1239,"[1,1]","[1,1]",u = 1,[4],True
12a_1245,"[1,1]","[1,1]",u = 1,[9],True
12a_1249,"[1,1]","[1,1]",u = 1,"[3,9]",True
12a_1250,"[1,1]","[1,1]",u = 1,"[1,6]",True
12a_1258,"[1,1]","[1,1]",u = 1,[10],True
12a_1268,"[1,1]","[1,1]",u = 1,[0],True
12a_1271,"[1,1]","[1,1]",u = 1,[7],True
12a_1273,"[1,1]","[1,1]",u = 1,"[0,9]",True
12a_138,"[1,1]","[1,1]",u = 1,[2],True
12a_151,"[1,1]","[1,1]",u = 1,[0],True
12a_173,"[1,1]","[1,1]",u = 1,[11],True
12a_174,"[1,1]","[1,1]",u = 1,[11],True
12a_180,"[1,1]","[1,1]",u = 1,[5],True
12a_184,"[1,1]","[1,1]",u = 1,[3],True
12a_19,"[1,1]","[1,1]",u = 1,[11],True
12a_191,"[1,1]","[1,1]",u = 1,[2],True
12a_2,"[1,1]","[1,1]",u = 1,[0],True
12a_20,"[1,1]","[1,1]",u = 1,[11],True
12a_202,"[1,1]","[1,1]",u = 1,[9],True
12a_208,"[1,1]","[1,1]",u = 1,"[0,6]",True
12a_209,"[1,1]","[1,1]",u = 1,"[6,9]",True
12a_214,"[1,1]","[1,1]",u = 1,[9],True
12a_217,"[1,1]","[1,1]",u = 1,[0],True
12a_22,"[1,1]","[1,1]",u = 1,[0],True
12a_220,"[1,1]","[1,1]",u = 1,[0],True
12a_25,"[1,1]","[1,1]",u = 1,"[2,5]",True
12a_256,"[1,1]","[1,1]",u = 1,[0],True
12a_261,"[1,1]","[1,1]",u = 1,[6],True
12a_27,"[1,1]","[1,1]",u = 1,[5],True
12a_272,"[1,1]","[1,1]",u = 1,[6],True
12a_28,"[1,1]","[1,1]",u = 1,[2],True
12a_280,"[1,1]","[1,1]",u = 1,"[0,10]",True
12a_282,"[1,1]","[1,1]",u = 1,[9],True
12a_287,"[1,1]","[1,1]",u = 1,[11],True
12a_290,"[1,1]","[1,1]",u = 1,[2],True
12a_300,"[1,1]","[1,1]",u = 1,[2],True
12a_301,"[1,1]","[1,1]",u = 1,[0],True
12a_303,"[1,1]","[1,1]",u = 1,[2],True
12a_308,"[1,1]","[1,1]",u = 1,[2],True
12a_309,"[1,1]","[1,1]",u = 1,[4],True
12a_31,"[1,1]","[1,1]",u = 1,[0],True
12a_310,"[1,1]","[1,1]",u = 1,[7],True
12a_316,"[1,1]","[1,1]",u = 1,[6],True
12a_340,"[1,1]","[1,1]",u = 1,[10],True
12a_346,"[1,1]","[1,1]",u = 1,"[5,8]",True
12a_358,"[1,1]","[1,1]",u = 1,"[2,9]",True
12a_359,"[1,1]","[1,1]",u = 1,"[8,11]",True
12a_360,"[1,1]","[1,1]",u = 1,[9],True
12a_374,"[1,1]","[1,1]",u = 1,[0],True
12a_388,"[1,1]","[1,1]",u = 1,[8],True
12a_40,"[1,1]","[1,1]",u = 1,[10],True
12a_407,"[1,1]","[1,1]",u = 1,[11],True
12a_415,"[1,1]","[1,1]",u = 1,[9],True
12a_426,"[1,1]","[1,1]",u = 1,"[3,5,8,11]",True
12a_439,"[1,1]","[1,1]",u = 1,[7],True
12a_451,"[1,1]","[1,1]",u = 1,[8],True
12a_455,"[1,1]","[1,1]",u = 1,[11],True
12a_467,"[1,1]","[1,1]",u = 1,[9],True
12a_470,"[1,1]","[1,1]",u = 1,[11],True
12a_483,"[1,1]","[1,1]",u = 1,"[8,9]",True
12a_497,"[1,1]","[1,1]",u = 1,[7],True
12a_498,"[1,1]","[1,1]",u = 1,[7],True
12a_509,"[1,1]","[1,1]",u = 1,[7],True
12a_524,"[1,1]","[1,1]",u = 1,[0],True
12a_535,"[1,1]","[1,1]",u = 1,[7],True
12a_537,"[1,1]","[1,1]",u = 1,[7],True
12a_551,"[1,1]","[1,1]",u = 1,[2],True
12a_559,"[1,1]","[1,1]",u = 1,[8],True
12a_560,"[1,1]","[1,1]",u = 1,[0],True
12a_571,"[1,1]","[1,1]",u = 1,[6],True
12a_579,"[1,1]","[1,1]",u = 1,[7],True
12a_58,"[1,1]","[1,1]",u = 1,"[0,10]",True
12a_585,"[1,1]","[1,1]",u = 1,[7],True
12a_588,"[1,1]","[1,1]",u = 1,[2],True
12a_6,"[1,1]","[1,1]",u = 1,[0],True
12a_604,"[1,1]","[1,1]",u = 1,[8],True
12a_606,"[1,1]","[1,1]",u = 1,[2],True
12a_608,"[1,1]","[1,1]",u = 1,[7],True
12a_61,"[1,1]","[1,1]",u = 1,[0],True
12a_614,"[1,1]","[1,1]",u = 1,[11],True
12a_626,"[1,1]","[1,1]",u = 1,[2],True
12a_631,"[1,1]","[1,1]",u = 1,"[4,8]",True
12a_635,"[1,1]","[1,1]",u = 1,[8],True
12a_637,"[1,1]","[1,1]",u = 1,[2],True
12a_646,"[1,1]","[1,1]",u = 1,[4],True
12a_656,"[1,1]","[1,1]",u = 1,"[6,8]",True
12a_662,"[1,1]","[1,1]",u = 1,[6],True
12a_670,"[1,1]","[1,1]",u = 1,[4],True
12a_695,"[1,1]","[1,1]",u = 1,"[0,4]",True
12a_696,"[1,1]","[1,1]",u = 1,"[0,11]",True
12a_697,"[1,1]","[1,1]",u = 1,[10],True
12a_715,"[1,1]","[1,1]",u = 1,"[2,11]",True
12a_721,"[1,1]","[1,1]",u = 1,[2],True
12a_729,"[1,1]","[1,1]",u = 1,[11],True
12a_73,"[1,1]","[1,1]",u = 1,[2],True
12a_732,"[1,1]","[1,1]",u = 1,[7],True
12a_736,"[1,1]","[1,1]",u = 1,[8],True
12a_744,"[1,1]","[1,1]",u = 1,[0],True
12a_745,"[1,1]","[1,1]",u = 1,[0],True
12a_751,"[1,1]","[1,1]",u = 1,[11],True
12a_761,"[1,1]","[1,1]",u = 1,[8],True
12a_765,"[1,1]","[1,1]",u = 1,[9],True
12a_766,"[1,1]","[1,1]",u = 1,[4],True
12a_770,"[1,1]","[1,1]",u = 1,[9],True
12a_773,"[1,1]","[1,1]",u = 1,[2],True
12a_774,"[1,1]","[1,1]",u = 1,[2],True
12a_781,"[1,1]","[1,1]",u = 1,[9],True
12a_793,"[1,1]","[1,1]",u = 1,"[2,4,8,10]",True
12a_799,"[1,1]","[1,1]",u = 1,"[3,8]",True
12a_8,"[1,1]","[1,1]",u = 1,[0],True
12a_80,"[1,1]","[1,1]",u = 1,[0],True
12a_803,"[1,1]","[1,1]",u = 1,"[1,7]",True
12a_807,"[1,1]","[1,1]",u = 1,"[3,9]",True
12a_821,"[1,1]","[1,1]",u = 1,"[3,8]",True
12a_849,"[1,1]","[1,1]",u = 1,[3],True
12a_851,"[1,1]","[1,1]",u = 1,[3],True
12a_857,"[1,1]","[1,1]",u = 1,[1],True
12a_858,"[1,1]","[1,1]",u = 1,[3],True
12a_864,"[1,1]","[1,1]",u = 1,[1],True
12a_865,"[1,1]","[1,1]",u = 1,[5],True
12a_875,"[1,1]","[1,1]",u = 1,[2],True
12a_887,"[1,1]","[1,1]",u = 1,"[8,9]",True
12a_888,"[1,1]","[1,1]",u = 1,[10],True
12a_893,"[1,1]","[1,1]",u = 1,[1],True
12a_919,"[1,1]","[1,1]",u = 1,[3],True
12a_928,"[1,1]","[1,1]",u = 1,[10],True
12a_935,"[1,1]","[1,1]",u = 1,[10],True
12a_944,"[1,1]","[1,1]",u = 1,[1],True
12a_954,"[1,1]","[1,1]",u = 1,[8],True
12a_966,"[1,1]","[1,1]",u = 1,[4],True
12a_976,"[1,1]","[1,1]",u = 1,"[9,11]",True
12a_993,"[1,1]","[1,1]",u = 1,[2],True
12a_998,"[1,1]","[1,1]",u = 1,[3],True
13a_1,"[1,1]","[1,1]",u = 1,"[0,12]",True
13a_10,"[1,1]","[1,1]",u = 1,[0],True
13a_1000,"[1,2]","[2,2]",u >= 2 (McCoy),[],True
13a_1001,"[1,2]","[2,2]",u >= 2 (McCoy),[],True
13a_1003,"[1,3]","[2,3]",u >= 2 (McCoy),[],False
13a_1004,"[1,2]","[2,2]",u >= 2 (McCoy),[],True
13a_1005,"[1,3]","[2,3]",u >= 2 (McCoy),[],False
13a_1006,"[1,3]","[2,3]",u >= 2 (McCoy),[],False
13a_1007,"[1,2]","[2,2]",u >= 2 (McCoy),[],True
13a_1008,"[1,1]","[1,1]",u = 1,"[10,11]",True
13a_1009,"[1,2]","[2,2]",u >= 2 (McCoy),[],True
13a_101,"[1,1]","[1,1]",u = 1,[3],True
13a_1010,"[1,2]","[2,2]",u >= 2 (McCoy),[],True
13a_1011,"[1,1]","[1,1]",u = 1,[4],True
13a_1012,"[1,2]","[2,2]",u >= 2 (McCoy),[],True
13a_1014,"[1,2]","[2,2]",u >= 2 (McCoy),[],True
13a_1015,"[1,2]","[2,2]",u >= 2 (McCoy),[],True
13a_1016,"[1,1]","[1,1]",u = 1,[12],True
13a_1017,"[1,2]","[2,2]",u >= 2 (McCoy),[],True
13a_1018,"[1,2]","[2,2]",u >= 2 (McCoy),[],True
13a_1019,"[1,2]","[2,2]",u >= 2 (McCoy),[],True
13a_102,"[1,2]","[2,2]",u >= 2 (McCoy),[],True
13a_1020,"[1,2]","[2,2]",u >= 2 (McCoy),[],True
13a_1022,"[1,2]","[2,2]",u >= 2 (McCoy),[],True
13a_1023,"[1,2]","[2,2]",u >= 2 (McCoy),[],True
13a_1024,"[1,2]","[2,2]",u >= 2 (McCoy),[],True
13a_1026,"[1,2]","[2,2]",u >= 2 (McCoy),[],True
13a_1027,"[1,2]","[2,2]",u >= 2 (McCoy),[],True
13a_1029,"[1,2]","[2,2]",u >= 2 (McCoy),[],True
13a_103,"[1,2]","[2,2]",u >= 2 (McCoy),[],True
13a_1030,"[1,3]","[2,3]",u >= 2 (McCoy),[],False
13a_1033,"[1,2]","[2,2]",u >= 2 (McCoy),[],True
13a_1034,"[1,3]","[2,3]",u >= 2 (McCoy),[],False
13a_1035,"[1,1]","[1,1]",u = 1,[7],True
13a_1039,"[1,2]","[2,2]",u >= 2 (McCoy),[],True
13a_104,"[1,2]","[2,2]",u >= 2 (McCoy),[],True
13a_1040,"[1,2]","[2,2]",u >= 2 (McCoy),[],True
13a_1041,"[1,2]","[2,2]",u >= 2 (McCoy),[],True
13a_1042,"[1,2]","[2,2]",u >= 2 (McCoy),[],True
13a_1044,"[1,2]","[2,2]",u >= 2 (McCoy),[],True
13a_1045,"[1,2]","[2,2]",u >= 2 (McCoy),[],True
13a_1046,"[1,2]","[2,2]",u >= 2 (McCoy),[],True
13a_1049,"[1,1]","[1,1]",u = 1,[8],True
13a_105,"[1,2]","[2,2]",u >= 2 (McCoy),[],True
13a_1050,"[1,2]","[2,2]",u >= 2 (McCoy),[],True
13a_1052,"[1,2]","[2,2]",u >= 2 (McCoy),[],True
13a_1053,"[1,2]","[2,2]",u >= 2 (McCoy),[],True
13a_1054,"[1,2]","[2,2]",u >= 2 (McCoy),[],True
13a_1055,"[1,2]","[2,2]",u >= 2 (McCoy),[],True
13a_1056,"[1,2]","[2,2]",u >= 2 (McCoy),[],True
13a_1057,"[1,2]","[2,2]",u >= 2 (McCoy),[],True
13a_1058,"[1,2]","[2,2]",u >= 2 (McCoy),[],True
13a_1059,"[1,2]","[2,2]",u >= 2 (McCoy),[],True
13a_1060,"[1,3]","[2,3]",u >= 2 (McCoy),[],False
13a_1065,"[1,2]","[2,2]",u >= 2 (McCoy),[],True
13a_1066,"[1,2]","[2,2]",u >= 2 (McCoy),[],True
13a_1067,"[1,2]","[2,2]",u >= 2 (McCoy),[],True
13a_1068,"[1,2]","[2,2]",u >= 2 (McCoy),[],True
13a_1069,"[1,4]","[2,3]",u >= 2 (McCoy),[],False
13a_107,"[1,2]","[2,2]",u >= 2 (McCoy),[],True
13a_1070,"[1,3]","[2,3]",u >= 2 (McCoy),[],False
13a_1071,"[1,1]","[1,1]",u = 1,[9],True
13a_1072,"[1,2]","[2,2]",u >= 2 (McCoy),[],True
13a_1075,"[1,2]","[2,2]",u >= 2 (McCoy),[],True
13a_1076,"[1,1]","[1,1]",u = 1,"[7,12]",True
13a_1078,"[1,2]","[2,2]",u >= 2 (McCoy),[],True
13a_1079,"[1,2]","[2,2]",u >= 2 (McCoy),[],True
13a_1080,"[1,3]","[2,3]",u >= 2 (McCoy),[],False
13a_1082,"[1,2]","[2,2]",u >= 2 (McCoy),[],True
13a_1084,"[1,2]","[2,2]",u >= 2 (McCoy),[],True
13a_1085,"[1,1]","[1,1]",u = 1,[12],True
13a_1086,"[1,2]","[2,2]",u >= 2 (McCoy),[],True
13a_1087,"[1,2]","[2,2]",u >= 2 (McCoy),[],True
13a_1088,"[1,2]","[2,2]",u >= 2 (McCoy),[],True
13a_1089,"[1,2]","[2,2]",u >= 2 (McCoy),[],True
13a_109,"[1,2]","[2,2]",u >= 2 (McCoy),[],True
13a_1090,"[1,3]","[2,3]",u >= 2 (McCoy),[],False
13a_1091,"[1,2]","[2,2]",u >= 2 (McCoy),[],True
13a_1092,"[1,1]","[1,1]",u = 1,[5],True
13a_1093,"[1,2]","[2,2]",u >= 2 (McCoy),[],True
13a_1094,"[1,2]","[2,2]",u >= 2 (McCoy),[],True
13a_1095,"[1,2]","[2,2]",u >= 2 (McCoy),[],True
13a_1096,"[1,2]","[2,2]",u >= 2 (McCoy),[],True
13a_1097,"[1,2]","[2,2]",u >= 2 (McCoy),[],True
13a_1099,"[1,2]","[2,2]",u >= 2 (McCoy),[],True
13a_11,"[1,2]","[2,2]",u >= 2 (McCoy),[],True
13a_110,"[1,2]","[2,2]",u >= 2 (McCoy),[],True
13a_1100,"[1,2]","[2,2]",u >= 2 (McCoy),[],True
13a_1103,"[1,3]","[2,3]",u >= 2 (McCoy),[],False
13a_1104,"[1,2]","[2,2]",u >= 2 (McCoy),[],True
13a_1106,"[1,2]","[2,2]",u >= 2 (McCoy),[],True
13a_1108,"[1,2]","[2,2]",u >= 2 (McCoy),[],True
13a_1109,"[1,2]","[2,2]",u >= 2 (McCoy),[],True
13a_111,"[1,2]","[2,2]",u >= 2 (McCoy),[],True
13a_1110,"[1,2]","[2,2]",u >= 2 (McCoy),[],True
13a_1111,"[1,2]","[2,2]",u >= 2 (McCoy),[],True
13a_1113,"[1,2]","[2,2]",u >= 2 (McCoy),[],True
13a_1114,"[1,2]","[2,2]",u >= 2 (McCoy),[],True
13a_1115,"[1,2]","[2,2]",u >= 2 (McCoy),[],True
13a_1116,"[1,2]","[2,2]",u >= 2 (McCoy),[],True
13a_1117,"[1,2]","[2,2]",u >= 2 (McCoy),[],True
13a_1121,"[1,2]","[2,2]",u >= 2 (McCoy),[],True
13a_1122,"[1,3]","[2,3]",u >= 2 (McCoy),[],False
13a_1124,"[1,2]","[2,2]",u >= 2 (McCoy),[],True
13a_1126,"[1,2]","[2,2]",u >= 2 (McCoy),[],True
13a_1127,"[1,2]","[2,2]",u >= 2 (McCoy),[],True
13a_1128,"[1,1]","[1,1]",u = 1,[5],True
13a_1129,"[1,2]","[2,2]",u >= 2 (McCoy),[],True
13a_113,"[1,3]","[2,3]",u >= 2 (McCoy),[],False
13a_1131,"[1,1]","[1,1]",u = 1,"[0,5]",True
13a_1132,"[1,1]","[1,1]",u = 1,[4],True
13a_1133,"[1,3]","[2,3]",u >= 2 (McCoy),[],False
13a_1134,"[1,2]","[2,2]",u >= 2 (McCoy),[],True
13a_1135,"[1,2]","[2,2]",u >= 2 (McCoy),[],True
13a_1136,"[1,2]","[2,2]",u >= 2 (McCoy),[],True
13a_1138,"[1,2]","[2,2]",u >= 2 (McCoy),[],True
13a_1139,"[1,3]","[2,3]",u >= 2 (McCoy),[],False
13a_114,"[1,2]","[2,2]",u >= 2 (McCoy),[],True
13a_1141,"[1,2]","[2,2]",u >= 2 (McCoy),[],True
13a_1142,"[1,2]","[2,2]",u >= 2 (McCoy),[],True
13a_1143,"[1,2]","[2,2]",u >= 2 (McCoy),[],True
13a_1144,"[1,2]","[2,2]",u >= 2 (McCoy),[],True
13a_1145,"[1,2]","[2,2]",u >= 2 (McCoy),[],True
13a_1146,"[1,2]","[2,2]",u >= 2 (McCoy),[],True
13a_115,"[1,2]","[2,2]",u >= 2 (McCoy),[],True
13a_1150,"[1,3]","[2,3]",u >= 2 (McCoy),[],False
13a_1151,"[1,2]","[2,2]",u >= 2 (McCoy),[],True
13a_1152,"[1,2]","[2,2]",u >= 2 (McCoy),[],True
13a_1153,"[1,3]","[2,3]",u >= 2 (McCoy),[],False
13a_1154,"[1,3]","[2,3]",u >= 2 (McCoy),[],False
13a_1155,"[1,2]","[2,2]",u >= 2 (McCoy),[],True
13a_1157,"[1,2]","[2,2]",u >= 2 (McCoy),[],True
13a_1159,"[1,3]","[2,3]",u >= 2 (McCoy),[],False
13a_116,"[1,3]","[2,3]",u >= 2 (McCoy),[],False
13a_1160,"[1,2]","[2,2]",u >= 2 (McCoy),[],True
13a_1161,"[1,2]","[2,2]",u >= 2 (McCoy),[],True
13a_1162,"[1,2]","[2,2]",u >= 2 (McCoy),[],True
13a_1163,"[1,2]","[2,2]",u >= 2 (McCoy),[],True
13a_1165,"[1,3]","[2,3]",u >= 2 (McCoy),[],False
13a_1167,"[1,2]","[2,2]",u >= 2 (McCoy),[],True
13a_1168,"[1,2]","[2,2]",u >= 2 (McCoy),[],True
13a_1169,"[1,3]","[2,3]",u >= 2 (McCoy),[],False
13a_117,"[1,2]","[2,2]",u >= 2 (McCoy),[],True
13a_1170,"[1,2]","[2,2]",u >= 2 (McCoy),[],True
13a_1171,"[1,2]","[2,2]",u >= 2 (McCoy),[],True
13a_1172,"[1,2]","[2,2]",u >= 2 (McCoy),[],True
13a_1173,"[1,2]","[2,2]",u >= 2 (McCoy),[],True
13a_1174,"[1,2]","[2,2]",u >= 2 (McCoy),[],True
13a_1175,"[1,3]","[2,3]",u >= 2 (McCoy),[],False
13a_1176,"[1,2]","[2,2]",u >= 2 (McCoy),[],True
13a_1177,"[1,2]","[2,2]",u >= 2 (McCoy),[],True
13a_1178,"[1,1]","[1,1]",u = 1,[11],True
13a_1179,"[1,2]","[2,2]",u >= 2 (McCoy),[],True
13a_1180,"[1,2]","[2,2]",u >= 2 (McCoy),[],True
13a_1181,"[1,2]","[2,2]",u >= 2 (McCoy),[],True
13a_1183,"[1,2]","[2,2]",u >= 2 (McCoy),[],True
13a_1185,"[1,3]","[2,3]",u >= 2 (McCoy),[],False
13a_1186,"[1,2]","[2,2]",u >= 2 (McCoy),[],True
13a_1188,"[1,2]","[2,2]",u >= 2 (McCoy),[],True
13a_1189,"[1,2]","[2,2]",u >= 2 (McCoy),[],True
13a_119,"[1,3]","[2,3]",u >= 2 (McCoy),[],False
13a_1190,"[1,2]","[2,2]",u >= 2 (McCoy),[],True
13a_1191,"[1,2]","[2,2]",u >= 2 (McCoy),[],True
13a_1192,"[1,2]","[2,2]",u >= 2 (McCoy),[],True
13a_1193,"[1,1]","[1,1]",u = 1,[10],True
13a_1194,"[1,1]","[1,1]",u = 1,[8],True
13a_1195,"[1,1]","[1,1]",u = 1,[9],True
13a_1196,"[1,2]","[2,2]",u >= 2 (McCoy),[],True
13a_1197,"[1,3]","[2,3]",u >= 2 (McCoy),[],False
13a_1198,"[1,3]","[2,3]",u >= 2 (McCoy),[],False
13a_1199,"[1,2]","[2,2]",u >= 2 (McCoy),[],True
13a_12,"[1,3]","[2,2]",u >= 2 (McCoy),[],False
13a_120,"[1,3]","[2,2]",u >= 2 (McCoy),[],False
13a_1200,"[1,2]","[2,2]",u >= 2 (McCoy),[],True
13a_1201,"[1,2]","[2,2]",u >= 2 (McCoy),[],True
13a_1203,"[1,2]","[2,2]",u >= 2 (McCoy),[],True
13a_1207,"[1,1]","[1,1]",u = 1,[8],True
13a_1208,"[1,2]","[2,2]",u >= 2 (McCoy),[],True
13a_1209,"[1,2]","[2,2]",u >= 2 (McCoy),[],True
13a_121,"[1,3]","[2,2]",u >= 2 (McCoy),[],False
13a_1210,"[1,1]","[1,1]",u = 1,[8],True
13a_1211,"[1,2]","[2,2]",u >= 2 (McCoy),[],True
13a_1212,"[1,2]","[2,2]",u >= 2 (McCoy),[],True
13a_1213,"[1,2]","[2,2]",u >= 2 (McCoy),[],True
13a_1214,"[1,3]","[2,3]",u >= 2 (McCoy),[],False
13a_1215,"[1,2]","[2,2]",u >= 2 (McCoy),[],True
13a_1216,"[1,3]","[2,3]",u >= 2 (McCoy),[],False
13a_1217,"[1,2]","[2,2]",u >= 2 (McCoy),[],True
13a_122,"[1,2]","[2,2]",u >= 2 (McCoy),[],True
13a_1220,"[1,1]","[1,1]",u = 1,[0],True
13a_1221,"[1,1]","[1,1]",u = 1,[7],True
13a_1223,"[1,2]","[2,2]",u >= 2 (McCoy),[],True
13a_1225,"[1,2]","[2,2]",u >= 2 (McCoy),[],True
13a_1226,"[1,3]","[2,3]",u >= 2 (McCoy),[],False
13a_1227,"[1,2]","[2,2]",u >= 2 (McCoy),[],True
13a_1228,"[1,2]","[2,2]",u >= 2 (McCoy),[],True
13a_1231,"[1,2]","[2,2]",u >= 2 (McCoy),[],True
13a_1232,"[1,3]","[2,3]",u >= 2 (McCoy),[],True
13a_1235,"[1,2]","[2,2]",u >= 2 (McCoy),[],True
13a_1236,"[1,2]","[2,2]",u >= 2 (McCoy),[],True
13a_1237,"[1,2]","[2,2]",u >= 2 (McCoy),[],True
13a_1238,"[1,3]","[2,3]",u >= 2 (McCoy),[],True
13a_1239,"[1,3]","[2,3]",u >= 2 (McCoy),[],False
13a_124,"[1,3]","[2,3]",u >= 2 (McCoy),[],False
13a_1240,"[1,2]","[2,2]",u >= 2 (McCoy),[],True
13a_1241,"[1,2]","[2,2]",u >= 2 (McCoy),[],True
13a_1242,"[1,2]","[2,2]",u >= 2 (McCoy),[],True
13a_1248,"[1,2]","[2,2]",u >= 2 (McCoy),[],True
13a_1249,"[1,2]","[2,2]",u >= 2 (McCoy),[],True
13a_1250,"[1,2]","[2,2]",u >= 2 (McCoy),[],True
13a_1251,"[1,1]","[1,1]",u = 1,[11],True
13a_1252,"[1,2]","[2,2]",u >= 2 (McCoy),[],True
13a_1253,"[1,2]","[2,2]",u >= 2 (McCoy),[],True
13a_1259,"[1,3]","[2,3]",u >= 2 (McCoy),[],False
13a_1260,"[1,1]","[1,1]",u = 1,[12],True
13a_1262,"[1,2]","[2,2]",u >= 2 (McCoy),[],True
13a_1263,"[1,2]","[2,2]",u >= 2 (McCoy),[],True
13a_1264,"[1,1]","[1,1]",u = 1,[12],True
13a_1265,"[1,2]","[2,2]",u >= 2 (McCoy),[],True
13a_1266,"[1,1]","[1,1]",u = 1,[12],True
13a_1267,"[1,3]","[2,3]",u >= 2 (McCoy),[],False
13a_1268,"[1,2]","[2,2]",u >= 2 (McCoy),[],True
13a_1269,"[1,2]","[2,2]",u >= 2 (McCoy),[],True
13a_127,"[1,3]","[2,3]",u >= 2 (McCoy),[],False
13a_1272,"[1,2]","[2,2]",u >= 2 (McCoy),[],True
13a_1274,"[1,3]","[2,3]",u >= 2 (McCoy),[],False
13a_1276,"[1,2]","[2,2]",u >= 2 (McCoy),[],True
13a_1277,"[1,2]","[2,2]",u >= 2 (McCoy),[],True
13a_1278,"[1,2]","[2,2]",u >= 2 (McCoy),[],True
13a_1279,"[1,2]","[2,2]",u >= 2 (McCoy),[],True
13a_128,"[1,2]","[2,2]",u >= 2 (McCoy),[],True
13a_1280,"[1,2]","[2,2]",u >= 2 (McCoy),[],True
13a_1282,"[1,1]","[1,1]",u = 1,[11],True
13a_1283,"[1,2]","[2,2]",u >= 2 (McCoy),[],True
13a_1285,"[1,1]","[1,1]",u = 1,[3],True
13a_1286,"[1,2]","[2,2]",u >= 2 (McCoy),[],True
13a_1289,"[1,2]","[2,2]",u >= 2 (McCoy),[],True
13a_129,"[1,3]","[2,3]",u >= 2 (McCoy),[],False
13a_1292,"[1,2]","[2,2]",u >= 2 (McCoy),[],True
13a_1293,"[1,1]","[1,1]",u = 1,[3],True
13a_1294,"[1,2]","[2,2]",u >= 2 (McCoy),[],True
13a_1296,"[1,1]","[1,1]",u = 1,[3],True
13a_1297,"[1,2]","[2,2]",u >= 2 (McCoy),[],True
13a_1298,"[1,1]","[1,1]",u = 1,[10],True
13a_1299,"[1,2]","[2,2]",u >= 2 (McCoy),[],True
13a_13,"[1,1]","[1,1]",u = 1,[0],True
13a_130,"[1,3]","[2,3]",u >= 2 (McCoy),[],False
13a_1300,"[1,2]","[2,2]",u >= 2 (McCoy),[],True
13a_1302,"[1,2]","[2,2]",u >= 2 (McCoy),[],True
13a_1304,"[1,3]","[2,3]",u >= 2 (McCoy),[],False
13a_1308,"[1,2]","[2,2]",u >= 2 (McCoy),[],True
13a_1309,"[1,3]","[2,3]",u >= 2 (McCoy),[],False
13a_131,"[1,2]","[2,2]",u >= 2 (McCoy),[],True
13a_1310,"[1,2]","[2,2]",u >= 2 (McCoy),[],True
13a_1311,"[1,3]","[2,3]",u >= 2 (McCoy),[],False
13a_1312,"[1,2]","[2,2]",u >= 2 (McCoy),[],True
13a_1314,"[1,2]","[2,2]",u >= 2 (McCoy),[],True
13a_1315,"[1,2]","[2,2]",u >= 2 (McCoy),[],True
13a_1316,"[1,2]","[2,2]",u >= 2 (McCoy),[],True
13a_1318,"[1,2]","[2,2]",u >= 2 (McCoy),[],True
13a_1320,"[1,2]","[2,2]",u >= 2 (McCoy),[],True
13a_1321,"[1,2]","[2,2]",u >= 2 (McCoy),[],True
13a_1322,"[1,2]","[2,2]",u >= 2 (McCoy),[],True
13a_1326,"[1,2]","[2,2]",u >= 2 (McCoy),[],True
13a_1327,"[1,2]","[2,2]",u >= 2 (McCoy),[],True
13a_1328,"[1,1]","[1,1]",u = 1,[11],True
13a_133,"[1,4]","[2,3]",u >= 2 (McCoy),[],False
13a_1332,"[1,3]","[2,3]",u >= 2 (McCoy),[],False
13a_1334,"[1,2]","[2,2]",u >= 2 (McCoy),[],True
13a_1335,"[1,2]","[2,2]",u >= 2 (McCoy),[],True
13a_1338,"[1,2]","[2,2]",u >= 2 (McCoy),[],True
13a_134,"[1,3]","[2,3]",u >= 2 (McCoy),[],False
13a_1340,"[1,2]","[2,2]",u >= 2 (McCoy),[],True
13a_1341,"[1,2]","[2,2]",u >= 2 (McCoy),[],True
13a_1342,"[1,2]","[2,2]",u >= 2 (McCoy),[],True
13a_1343,"[1,3]","[2,3]",u >= 2 (McCoy),[],False
13a_1344,"[1,3]","[2,3]",u >= 2 (McCoy),[],False
13a_1345,"[1,1]","[1,1]",u = 1,"[8,10]",True
13a_1346,"[1,2]","[2,2]",u >= 2 (McCoy),[],True
13a_1349,"[1,2]","[2,2]",u >= 2 (McCoy),[],True
13a_1350,"[1,2]","[2,2]",u >= 2 (McCoy),[],True
13a_1351,"[1,2]","[2,2]",u >= 2 (McCoy),[],True
13a_1352,"[1,2]","[2,2]",u >= 2 (McCoy),[],True
13a_1357,"[1,2]","[2,2]",u >= 2 (McCoy),[],True
13a_1359,"[1,4]","[2,4]",u >= 2 (McCoy),[],False
13a_136,"[1,3]","[2,3]",u >= 2 (McCoy),[],False
13a_1360,"[1,4]","[2,4]",u >= 2 (McCoy),[],False
13a_1361,"[1,3]","[2,3]",u >= 2 (McCoy),[],False
13a_1362,"[1,2]","[2,2]",u >= 2 (McCoy),[],True
13a_1363,"[1,3]","[2,3]",u >= 2 (McCoy),[],False
13a_1364,"[1,1]","[1,1]",u = 1,[11],True
13a_1365,"[1,2]","[2,2]",u >= 2 (McCoy),[],True
13a_1366,"[1,2]","[2,2]",u >= 2 (McCoy),[],True
13a_1367,"[1,2]","[2,2]",u >= 2 (McCoy),[],True
13a_1370,"[1,2]","[2,2]",u >= 2 (McCoy),[],True
13a_1371,"[1,2]","[2,2]",u >= 2 (McCoy),[],True
13a_1372,"[1,3]","[2,3]",u >= 2 (McCoy),[],False
13a_1373,"[1,2]","[2,2]",u >= 2 (McCoy),[],True
13a_1374,"[1,1]","[1,1]",u = 1,[6],True
13a_1375,"[1,2]","[2,2]",u >= 2 (McCoy),[],True
13a_1379,"[1,3]","[2,3]",u >= 2 (McCoy),[],False
13a_138,"[1,2]","[2,2]",u >= 2 (McCoy),[],True
13a_1380,"[1,2]","[2,2]",u >= 2 (McCoy),[],True
13a_1381,"[1,2]","[2,2]",u >= 2 (McCoy),[],True
13a_1382,"[1,2]","[2,2]",u >= 2 (McCoy),[],True
13a_1384,"[1,2]","[2,2]",u >= 2 (McCoy),[],True
13a_1385,"[1,2]","[2,2]",u >= 2 (McCoy),[],True
13a_1386,"[1,2]","[2,2]",u >= 2 (McCoy),[],True
13a_1387,"[1,2]","[2,2]",u >= 2 (McCoy),[],True
13a_1388,"[1,2]","[2,2]",u >= 2 (McCoy),[],True
13a_1389,"[1,3]","[2,3]",u >= 2 (McCoy),[],False
13a_139,"[1,2]","[2,2]",u >= 2 (McCoy),[],True
13a_1391,"[1,2]","[2,2]",u >= 2 (McCoy),[],True
13a_1392,"[1,3]","[2,3]",u >= 2 (McCoy),[],False
13a_1393,"[1,3]","[2,3]",u >= 2 (McCoy),[],False
13a_1395,"[1,1]","[1,1]",u = 1,"[7,10]",True
13a_1397,"[1,2]","[2,2]",u >= 2 (McCoy),[],True
13a_1399,"[1,2]","[2,2]",u >= 2 (McCoy),[],True
13a_140,"[1,3]","[2,3]",u >= 2 (McCoy),[],False
13a_1400,"[1,2]","[2,2]",u >= 2 (McCoy),[],True
13a_1401,"[1,3]","[2,3]",u >= 2 (McCoy),[],False
13a_1402,"[1,2]","[2,2]",u >= 2 (McCoy),[],True
13a_1405,"[1,2]","[2,2]",u >= 2 (McCoy),[],True
13a_1406,"[1,3]","[2,3]",u >= 2 (McCoy),[],False
13a_1407,"[1,3]","[2,3]",u >= 2 (McCoy),[],False
13a_1408,"[1,3]","[2,3]",u >= 2 (McCoy),[],False
13a_1409,"[1,3]","[2,3]",u >= 2 (McCoy),[],False
13a_141,"[1,2]","[2,2]",u >= 2 (McCoy),[],True
13a_1410,"[1,3]","[2,3]",u >= 2 (McCoy),[],False
13a_1411,"[1,2]","[2,2]",u >= 2 (McCoy),[],True
13a_1412,"[1,2]","[2,2]",u >= 2 (McCoy),[],True
13a_1414,"[1,3]","[2,3]",u >= 2 (McCoy),[],False
13a_1415,"[1,2]","[2,2]",u >= 2 (McCoy),[],True
13a_1416,"[1,2]","[2,2]",u >= 2 (McCoy),[],True
13a_1417,"[1,2]","[2,2]",u >= 2 (McCoy),[],True
13a_1419,"[1,2]","[2,2]",u >= 2 (McCoy),[],True
13a_142,"[1,2]","[2,2]",u >= 2 (McCoy),[],True
13a_1420,"[1,2]","[2,2]",u >= 2 (McCoy),[],True
13a_1421,"[1,2]","[2,2]",u >= 2 (McCoy),[],True
13a_1422,"[1,2]","[2,2]",u >= 2 (McCoy),[],True
13a_1423,"[1,2]","[2,2]",u >= 2 (McCoy),[],True
13a_1424,"[1,2]","[2,2]",u >= 2 (McCoy),[],True
13a_1425,"[1,2]","[2,2]",u >= 2 (McCoy),[],True
13a_1426,"[1,2]","[2,2]",u >= 2 (McCoy),[],True
13a_1427,"[1,2]","[2,2]",u >= 2 (McCoy),[],True
13a_1429,"[1,2]","[2,2]",u >= 2 (McCoy),[],True
13a_143,"[1,2]","[2,2]",u >= 2 (McCoy),[],True
13a_1430,"[1,1]","[1,1]",u = 1,[0],True
13a_1431,"[1,2]","[2,2]",u >= 2 (McCoy),[],True
13a_1433,"[1,2]","[2,2]",u >= 2 (McCoy),[],True
13a_1435,"[1,2]","[2,2]",u >= 2 (McCoy),[],True
13a_1437,"[1,3]","[2,3]",u >= 2 (McCoy),[],False
13a_1438,"[1,3]","[2,3]",u >= 2 (McCoy),[],False
13a_1439,"[1,3]","[2,3]",u >= 2 (McCoy),[],False
13a_144,"[1,2]","[2,2]",u >= 2 (McCoy),[],True
13a_1441,"[1,2]","[2,2]",u >= 2 (McCoy),[],True
13a_1442,"[1,3]","[2,3]",u >= 2 (McCoy),[],False
13a_1443,"[1,1]","[1,1]",u = 1,"[3,6]",True
13a_1444,"[1,2]","[2,2]",u >= 2 (McCoy),[],True
13a_1445,"[1,2]","[2,2]",u >= 2 (McCoy),[],True
13a_1446,"[1,2]","[2,2]",u >= 2 (McCoy),[],True
13a_1447,"[1,2]","[2,2]",u >= 2 (McCoy),[],True
13a_1448,"[1,2]","[2,2]",u >= 2 (McCoy),[],True
13a_1449,"[1,1]","[1,1]",u = 1,[11],True
13a_1451,"[1,2]","[2,2]",u >= 2 (McCoy),[],True
13a_1453,"[1,3]","[2,3]",u >= 2 (McCoy),[],False
13a_1454,"[1,2]","[2,2]",u >= 2 (McCoy),[],True
13a_1455,"[1,2]","[2,2]",u >= 2 (McCoy),[],True
13a_1456,"[1,1]","[1,1]",u = 1,[5],True
13a_1457,"[1,1]","[1,1]",u = 1,[0],True
13a_1458,"[1,2]","[2,2]",u >= 2 (McCoy),[],True
13a_1459,"[1,2]","[2,2]",u >= 2 (McCoy),[],True
13a_146,"[1,2]","[2,2]",u >= 2 (McCoy),[],True
13a_1460,"[1,2]","[2,2]",u >= 2 (McCoy),[],True
13a_1463,"[1,2]","[2,2]",u >= 2 (McCoy),[],True
13a_1470,"[1,2]","[2,2]",u >= 2 (McCoy),[],True
13a_1473,"[1,2]","[2,2]",u >= 2 (McCoy),[],True
13a_1474,"[1,2]","[2,2]",u >= 2 (McCoy),[],True
13a_1476,"[1,3]","[2,3]",u >= 2 (McCoy),[],False
13a_1477,"[1,2]","[2,2]",u >= 2 (McCoy),[],True
13a_1479,"[1,2]","[2,2]",u >= 2 (McCoy),[],True
13a_1481,"[1,2]","[2,2]",u >= 2 (McCoy),[],True
13a_1482,"[1,2]","[2,2]",u >= 2 (McCoy),[],True
13a_1484,"[1,2]","[2,2]",u >= 2 (McCoy),[],True
13a_1485,"[1,1]","[1,1]",u = 1,[10],True
13a_1486,"[1,2]","[2,2]",u >= 2 (McCoy),[],True
13a_1487,"[1,2]","[2,2]",u >= 2 (McCoy),[],True
13a_1488,"[1,1]","[1,1]",u = 1,[0],True
13a_1489,"[1,2]","[2,2]",u >= 2 (McCoy),[],True
13a_1490,"[1,2]","[2,2]",u >= 2 (McCoy),[],True
13a_1492,"[1,2]","[2,2]",u >= 2 (McCoy),[],True
13a_1493,"[1,2]","[2,2]",u >= 2 (McCoy),[],True
13a_1496,"[1,3]","[2,3]",u >= 2 (McCoy),[],False
13a_1497,"[1,2]","[2,2]",u >= 2 (McCoy),[],True
13a_1498,"[1,2]","[2,2]",u >= 2 (McCoy),[],True
13a_1500,"[1,2]","[2,2]",u >= 2 (McCoy),[],True
13a_1501,"[1,3]","[2,3]",u >= 2 (McCoy),[],False
13a_1502,"[1,1]","[1,1]",u = 1,[9],True
13a_1504,"[1,3]","[2,3]",u >= 2 (McCoy),[],False
13a_1505,"[1,3]","[2,3]",u >= 2 (McCoy),[],False
13a_1506,"[1,3]","[2,3]",u >= 2 (McCoy),[],False
13a_1508,"[1,2]","[2,2]",u >= 2 (McCoy),[],True
13a_1509,"[1,1]","[1,1]",u = 1,[4],True
13a_1510,"[1,3]","[2,3]",u >= 2 (McCoy),[],False
13a_1511,"[1,2]","[2,2]",u >= 2 (McCoy),[],True
13a_1512,"[1,2]","[2,2]",u >= 2 (McCoy),[],True
13a_1513,"[1,2]","[2,2]",u >= 2 (McCoy),[],True
13a_1514,"[1,2]","[2,2]",u >= 2 (McCoy),[],True
13a_1515,"[1,2]","[2,2]",u >= 2 (McCoy),[],True
13a_1516,"[1,2]","[2,2]",u >= 2 (McCoy),[],True
13a_1517,"[1,2]","[2,2]",u >= 2 (McCoy),[],True
13a_1519,"[1,2]","[2,2]",u >= 2 (McCoy),[],True
13a_152,"[1,3]","[2,3]",u >= 2 (McCoy),[],False
13a_1522,"[1,2]","[2,2]",u >= 2 (McCoy),[],True
13a_1523,"[1,2]","[2,2]",u >= 2 (McCoy),[],True
13a_1524,"[1,2]","[2,2]",u >= 2 (McCoy),[],True
13a_1525,"[1,1]","[1,1]",u = 1,[7],True
13a_1526,"[1,3]","[2,3]",u >= 2 (McCoy),[],False
13a_1527,"[1,2]","[2,2]",u >= 2 (McCoy),[],True
13a_1528,"[1,3]","[2,3]",u >= 2 (McCoy),[],False
13a_1529,"[1,3]","[2,3]",u >= 2 (McCoy),[],False
13a_153,"[1,2]","[2,2]",u >= 2 (McCoy),[],True
13a_1530,"[1,2]","[2,2]",u >= 2 (McCoy),[],True
13a_1531,"[1,2]","[2,2]",u >= 2 (McCoy),[],True
13a_1532,"[1,3]","[2,3]",u >= 2 (McCoy),[],False
13a_1533,"[1,2]","[2,2]",u >= 2 (McCoy),[],True
13a_1534,"[1,3]","[2,3]",u >= 2 (McCoy),[],False
13a_1535,"[1,2]","[2,2]",u >= 2 (McCoy),[],True
13a_1536,"[1,3]","[2,3]",u >= 2 (McCoy),[],False
13a_1537,"[1,2]","[2,2]",u >= 2 (McCoy),[],True
13a_1539,"[1,3]","[2,3]",u >= 2 (McCoy),[],False
13a_1540,"[1,2]","[2,2]",u >= 2 (McCoy),[],True
13a_1542,"[1,3]","[2,3]",u >= 2 (McCoy),[],False
13a_1544,"[1,2]","[2,2]",u >= 2 (McCoy),[],True
13a_1548,"[1,3]","[2,3]",u >= 2 (McCoy),[],False
13a_1549,"[1,3]","[2,2]",u >= 2 (McCoy),[],False
13a_155,"[1,3]","[2,3]",u >= 2 (McCoy),[],False
13a_1550,"[1,2]","[2,2]",u >= 2 (McCoy),[],True
13a_1551,"[1,2]","[2,2]",u >= 2 (McCoy),[],True
13a_1553,"[1,3]","[2,3]",u >= 2 (McCoy),[],False
13a_1555,"[1,2]","[2,2]",u >= 2 (McCoy),[],True
13a_1556,"[1,2]","[2,2]",u >= 2 (McCoy),[],True
13a_1558,"[1,2]","[2,2]",u >= 2 (McCoy),[],True
13a_156,"[1,3]","[2,3]",u >= 2 (McCoy),[],False
13a_1560,"[1,3]","[2,3]",u >= 2 (McCoy),[],False
13a_1561,"[1,3]","[2,3]",u >= 2 (McCoy),[],False
13a_1562,"[1,2]","[2,2]",u >= 2 (McCoy),[],True
13a_1563,"[1,2]","[2,2]",u >= 2 (McCoy),[],True
13a_1564,"[1,2]","[2,2]",u >= 2 (McCoy),[],True
13a_1565,"[1,1]","[1,1]",u = 1,[8],True
13a_1566,"[1,2]","[2,2]",u >= 2 (McCoy),[],True
13a_1568,"[1,2]","[2,2]",u >= 2 (McCoy),[],True
13a_1569,"[1,3]","[2,3]",u >= 2 (McCoy),[],False
13a_1570,"[1,2]","[2,2]",u >= 2 (McCoy),[],True
13a_1571,"[1,2]","[2,2]",u >= 2 (McCoy),[],True
13a_1572,"[1,2]","[2,2]",u >= 2 (McCoy),[],True
13a_1573,"[1,2]","[2,2]",u >= 2 (McCoy),[],True
13a_1574,"[1,1]","[1,1]",u = 1,[8],True
13a_1575,"[1,3]","[2,3]",u >= 2 (McCoy),[],False
13a_1576,"[1,1]","[1,1]",u = 1,[0],True
13a_1577,"[1,2]","[2,2]",u >= 2 (McCoy),[],True
13a_1578,"[1,1]","[1,1]",u = 1,[0],True
13a_1579,"[1,2]","[2,2]",u >= 2 (McCoy),[],True
13a_158,"[1,3]","[2,3]",u >= 2 (McCoy),[],False
13a_1581,"[1,3]","[2,3]",u >= 2 (McCoy),[],False
13a_1585,"[1,2]","[2,2]",u >= 2 (McCoy),[],True
13a_1587,"[1,2]","[2,2]",u >= 2 (McCoy),[],True
13a_1588,"[1,2]","[2,2]",u >= 2 (McCoy),[],True
13a_1589,"[1,3]","[2,3]",u >= 2 (McCoy),[],False
13a_159,"[1,3]","[2,3]",u >= 2 (McCoy),[],False
13a_1590,"[1,2]","[2,2]",u >= 2 (McCoy),[],True
13a_1591,"[1,2]","[2,2]",u >= 2 (McCoy),[],True
13a_1592,"[1,1]","[1,1]",u = 1,[10],True
13a_1593,"[1,2]","[2,2]",u >= 2 (McCoy),[],True
13a_1594,"[1,2]","[2,2]",u >= 2 (McCoy),[],True
13a_1595,"[1,2]","[2,2]",u >= 2 (McCoy),[],True
13a_1596,"[1,2]","[2,2]",u >= 2 (McCoy),[],True
13a_1597,"[1,2]","[2,2]",u >= 2 (McCoy),[],True
13a_1598,"[1,2]","[2,2]",u >= 2 (McCoy),[],True
13a_1599,"[1,2]","[2,2]",u >= 2 (McCoy),[],True
13a_1600,"[1,2]","[2,2]",u >= 2 (McCoy),[],True
13a_1601,"[1,3]","[2,3]",u >= 2 (McCoy),[],False
13a_1602,"[1,2]","[2,2]",u >= 2 (McCoy),[],True
13a_1604,"[1,2]","[2,2]",u >= 2 (McCoy),[],True
13a_1605,"[1,1]","[1,1]",u = 1,"[9,12]",True
13a_1606,"[1,2]","[2,2]",u >= 2 (McCoy),[],True
13a_1607,"[1,2]","[2,2]",u >= 2 (McCoy),[],True
13a_1608,"[1,3]","[2,3]",u >= 2 (McCoy),[],False
13a_1609,"[1,3]","[2,3]",u >= 2 (McCoy),[],False
13a_1610,"[1,2]","[2,2]",u >= 2 (McCoy),[],True
13a_1611,"[1,2]","[2,2]",u >= 2 (McCoy),[],True
13a_1612,"[1,2]","[2,2]",u >= 2 (McCoy),[],True
13a_1613,"[1,2]","[2,2]",u >= 2 (McCoy),[],True
13a_1619,"[1,3]","[2,3]",u >= 2 (McCoy),[],False
13a_1620,"[1,2]","[2,2]",u >= 2 (McCoy),[],True
13a_1621,"[1,2]","[2,2]",u >= 2 (McCoy),[],True
13a_1622,"[1,2]","[2,2]",u >= 2 (McCoy),[],True
13a_1624,"[1,2]","[2,2]",u >= 2 (McCoy),[],True
13a_1625,"[1,2]","[2,2]",u >= 2 (McCoy),[],True
13a_1626,"[1,1]","[1,1]",u = 1,[10],True
13a_1627,"[1,2]","[2,2]",u >= 2 (McCoy),[],True
13a_1628,"[1,2]","[2,2]",u >= 2 (McCoy),[],True
13a_1629,"[1,2]","[2,2]",u >= 2 (McCoy),[],True
13a_163,"[1,3]","[2,3]",u >= 2 (McCoy),[],False
13a_1631,"[1,2]","[2,2]",u >= 2 (McCoy),[],True
13a_1632,"[1,2]","[2,2]",u >= 2 (McCoy),[],True
13a_1633,"[1,2]","[2,2]",u >= 2 (McCoy),[],True
13a_1634,"[1,2]","[2,2]",u >= 2 (McCoy),[],True
13a_1635,"[1,2]","[2,2]",u >= 2 (McCoy),[],True
13a_1636,"[1,2]","[2,2]",u >= 2 (McCoy),[],True
13a_1637,"[1,2]","[2,2]",u >= 2 (McCoy),[],True
13a_1638,"[1,3]","[2,3]",u >= 2 (McCoy),[],True
13a_1639,"[1,3]","[2,3]",u >= 2 (McCoy),[],False
13a_164,"[1,1]","[1,1]",u = 1,[0],True
13a_1640,"[1,3]","[2,3]",u >= 2 (McCoy),[],False
13a_1641,"[1,2]","[2,2]",u >= 2 (McCoy),[],True
13a_1642,"[1,2]","[2,2]",u >= 2 (McCoy),[],True
13a_1644,"[1,2]","[2,2]",u >= 2 (McCoy),[],True
13a_1646,"[1,2]","[2,2]",u >= 2 (McCoy),[],True
13a_1647,"[1,2]","[2,2]",u >= 2 (McCoy),[],True
13a_1648,"[1,2]","[2,2]",u >= 2 (McCoy),[],True
13a_1649,"[1,1]","[1,1]",u = 1,[6],True
13a_165,"[1,2]","[2,2]",u >= 2 (McCoy),[],True
13a_1650,"[1,1]","[1,1]",u = 1,[12],True
13a_1651,"[1,2]","[2,2]",u >= 2 (McCoy),[],True
13a_1652,"[1,2]","[2,2]",u >= 2 (McCoy),[],True
13a_1653,"[1,2]","[2,2]",u >= 2 (McCoy),[],True
13a_1654,"[1,2]","[2,2]",u >= 2 (McCoy),[],True
13a_1655,"[1,1]","[1,1]",u = 1,[7],True
13a_1656,"[1,3]","[2,2]",u >= 2 (McCoy),[],False
13a_1657,"[1,2]","[2,2]",u >= 2 (McCoy),[],True
13a_1658,"[1,2]","[2,2]",u >= 2 (McCoy),[],True
13a_1659,"[1,1]","[1,1]",u = 1,"[4,5]",True
13a_166,"[1,2]","[2,2]",u >= 2 (McCoy),[],True
13a_1660,"[1,2]","[2,2]",u >= 2 (McCoy),[],True
13a_1661,"[1,2]","[2,2]",u >= 2 (McCoy),[],True
13a_1662,"[1,3]","[2,3]",u >= 2 (McCoy),[],False
13a_1664,"[1,1]","[1,1]",u = 1,[5],True
13a_1665,"[1,3]","[2,3]",u >= 2 (McCoy),[],False
13a_1666,"[1,2]","[2,2]",u >= 2 (McCoy),[],True
13a_1667,"[1,2]","[2,2]",u >= 2 (McCoy),[],True
13a_1668,"[1,2]","[2,2]",u >= 2 (McCoy),[],True
13a_1669,"[1,2]","[2,2]",u >= 2 (McCoy),[],True
13a_1671,"[1,2]","[2,2]",u >= 2 (McCoy),[],True
13a_1672,"[1,2]","[2,2]",u >= 2 (McCoy),[],True
13a_1673,"[1,2]","[2,2]",u >= 2 (McCoy),[],True
13a_1674,"[1,2]","[2,2]",u >= 2 (McCoy),[],True
13a_1675,"[1,3]","[2,3]",u >= 2 (McCoy),[],False
13a_1676,"[1,3]","[2,3]",u >= 2 (McCoy),[],False
13a_1677,"[1,3]","[2,3]",u >= 2 (McCoy),[],False
13a_1678,"[1,2]","[2,2]",u >= 2 (McCoy),[],True
13a_1679,"[1,2]","[2,2]",u >= 2 (McCoy),[],True
13a_168,"[1,2]","[2,2]",u >= 2 (McCoy),[],True
13a_1680,"[1,2]","[2,2]",u >= 2 (McCoy),[],True
13a_1681,"[1,2]","[2,2]",u >= 2 (McCoy),[],True
13a_1682,"[1,2]","[2,2]",u >= 2 (McCoy),[],True
13a_1684,"[1,2]","[2,2]",u >= 2 (McCoy),[],True
13a_1685,"[1,2]","[2,2]",u >= 2 (McCoy),[],True
13a_1686,"[1,2]","[2,2]",u >= 2 (McCoy),[],True
13a_1687,"[1,2]","[2,2]",u >= 2 (McCoy),[],True
13a_1689,"[1,2]","[2,2]",u >= 2 (McCoy),[],True
13a_1690,"[1,2]","[2,2]",u >= 2 (McCoy),[],True
13a_1691,"[1,2]","[2,2]",u >= 2 (McCoy),[],True
13a_1693,"[1,2]","[2,2]",u >= 2 (McCoy),[],True
13a_1694,"[1,2]","[2,2]",u >= 2 (McCoy),[],True
13a_1695,"[1,2]","[2,2]",u >= 2 (McCoy),[],True
13a_1696,"[1,2]","[2,2]",u >= 2 (McCoy),[],True
13a_1698,"[1,4]","[2,3]",u >= 2 (McCoy),[],False
13a_17,"[1,3]","[2,3]",u >= 2 (McCoy),[],False
13a_1700,"[1,3]","[2,3]",u >= 2 (McCoy),[],False
13a_1701,"[1,2]","[2,2]",u >= 2 (McCoy),[],True
13a_1702,"[1,2]","[2,2]",u >= 2 (McCoy),[],True
13a_1704,"[1,2]","[2,2]",u >= 2 (McCoy),[],True
13a_1705,"[1,2]","[2,2]",u >= 2 (McCoy),[],True
13a_1706,"[1,2]","[2,2]",u >= 2 (McCoy),[],True
13a_1707,"[1,2]","[2,2]",u >= 2 (McCoy),[],True
13a_1708,"[1,2]","[2,2]",u >= 2 (McCoy),[],True
13a_1710,"[1,2]","[2,2]",u >= 2 (McCoy),[],True
13a_1711,"[1,2]","[2,2]",u >= 2 (McCoy),[],True
13a_1712,"[1,3]","[2,2]",u >= 2 (McCoy),[],False
13a_1713,"[1,2]","[2,2]",u >= 2 (McCoy),[],True
13a_1714,"[1,1]","[1,1]",u = 1,[7],True
13a_1716,"[1,2]","[2,2]",u >= 2 (McCoy),[],True
13a_1717,"[1,3]","[2,3]",u >= 2 (McCoy),[],False
13a_1719,"[1,3]","[2,3]",u >= 2 (McCoy),[],False
13a_1720,"[1,2]","[2,2]",u >= 2 (McCoy),[],True
13a_1722,"[1,2]","[2,2]",u >= 2 (McCoy),[],True
13a_1723,"[1,2]","[2,2]",u >= 2 (McCoy),[],True
13a_1724,"[1,2]","[2,2]",u >= 2 (McCoy),[],True
13a_1725,"[1,3]","[2,3]",u >= 2 (McCoy),[],False
13a_1726,"[1,2]","[2,2]",u >= 2 (McCoy),[],True
13a_1727,"[1,2]","[2,2]",u >= 2 (McCoy),[],True
13a_1728,"[1,2]","[2,2]",u >= 2 (McCoy),[],True
13a_1729,"[1,2]","[2,2]",u >= 2 (McCoy),[],True
13a_173,"[1,2]","[2,2]",u >= 2 (McCoy),[],True
13a_1730,"[1,2]","[2,2]",u >= 2 (McCoy),[],True
13a_1731,"[1,2]","[2,2]",u >= 2 (McCoy),[],True
13a_1733,"[1,2]","[2,2]",u >= 2 (McCoy),[],True
13a_1734,"[1,1]","[1,1]",u = 1,[4],True
13a_1735,"[1,2]","[2,2]",u >= 2 (McCoy),[],True
13a_1736,"[1,2]","[2,2]",u >= 2 (McCoy),[],True
13a_1737,"[1,2]","[2,2]",u >= 2 (McCoy),[],True
13a_1738,"[1,2]","[2,2]",u >= 2 (McCoy),[],True
13a_1739,"[1,2]","[2,2]",u >= 2 (McCoy),[],True
13a_1742,"[1,2]","[2,2]",u >= 2 (McCoy),[],True
13a_1743,"[1,2]","[2,2]",u >= 2 (McCoy),[],True
13a_1745,"[1,2]","[2,2]",u >= 2 (McCoy),[],True
13a_1746,"[1,1]","[1,1]",u = 1,[10],True
13a_1747,"[1,2]","[2,2]",u >= 2 (McCoy),[],True
13a_1748,"[1,2]","[2,2]",u >= 2 (McCoy),[],True
13a_175,"[1,3]","[2,3]",u >= 2 (McCoy),[],False
13a_1750,"[1,2]","[2,2]",u >= 2 (McCoy),[],True
13a_1752,"[1,2]","[2,2]",u >= 2 (McCoy),[],True
13a_1753,"[1,1]","[1,1]",u = 1,"[0,4]",True
13a_1755,"[1,2]","[2,2]",u >= 2 (McCoy),[],True
13a_1756,"[1,2]","[2,2]",u >= 2 (McCoy),[],True
13a_1758,"[1,2]","[2,2]",u >= 2 (McCoy),[],True
13a_1759,"[1,2]","[2,2]",u >= 2 (McCoy),[],True
13a_1760,"[1,2]","[2,2]",u >= 2 (McCoy),[],True
13a_1761,"[1,1]","[1,1]",u = 1,[3],True
13a_1762,"[1,2]","[2,2]",u >= 2 (McCoy),[],True
13a_1764,"[1,3]","[2,3]",u >= 2 (McCoy),[],False
13a_1765,"[1,2]","[2,2]",u >= 2 (McCoy),[],True
13a_1766,"[1,2]","[2,2]",u >= 2 (McCoy),[],True
13a_1767,"[1,1]","[1,1]",u = 1,[3],True
13a_1768,"[1,2]","[2,2]",u >= 2 (McCoy),[],True
13a_1769,"[1,2]","[2,2]",u >= 2 (McCoy),[],True
13a_1770,"[1,2]","[2,2]",u >= 2 (McCoy),[],True
13a_1771,"[1,2]","[2,2]",u >= 2 (McCoy),[],True
13a_1773,"[1,2]","[2,2]",u >= 2 (McCoy),[],True
13a_1774,"[1,2]","[2,2]",u >= 2 (McCoy),[],True
13a_1775,"[1,1]","[1,1]",u = 1,"[0,10]",True
13a_1776,"[1,2]","[2,2]",u >= 2 (McCoy),[],True
13a_1777,"[1,1]","[1,1]",u = 1,[11],True
13a_1778,"[1,2]","[2,2]",u >= 2 (McCoy),[],True
13a_178,"[1,2]","[2,2]",u >= 2 (McCoy),[],True
13a_1780,"[1,2]","[2,2]",u >= 2 (McCoy),[],True
13a_1781,"[1,2]","[2,2]",u >= 2 (McCoy),[],True
13a_1782,"[1,2]","[2,2]",u >= 2 (McCoy),[],True
13a_1784,"[1,2]","[2,2]",u >= 2 (McCoy),[],True
13a_1785,"[1,2]","[2,2]",u >= 2 (McCoy),[],True
13a_1786,"[1,3]","[2,3]",u >= 2 (McCoy),[],True
13a_1787,"[1,1]","[1,1]",u = 1,[4],True
13a_1788,"[1,3]","[2,3]",u >= 2 (McCoy),[],False
13a_1789,"[1,1]","[1,1]",u = 1,[4],True
13a_1790,"[1,3]","[2,3]",u >= 2 (McCoy),[],False
13a_1791,"[1,2]","[2,2]",u >= 2 (McCoy),[],True
13a_1793,"[1,2]","[2,2]",u >= 2 (McCoy),[],True
13a_1794,"[1,2]","[2,2]",u >= 2 (McCoy),[],True
13a_1795,"[1,2]","[2,2]",u >= 2 (McCoy),[],True
13a_1796,"[1,2]","[2,2]",u >= 2 (McCoy),[],True
13a_1797,"[1,1]","[1,1]",u = 1,[4],True
13a_180,"[1,2]","[2,2]",u >= 2 (McCoy),[],True
13a_1800,"[1,2]","[2,2]",u >= 2 (McCoy),[],True
13a_1801,"[1,2]","[2,2]",u >= 2 (McCoy),[],True
13a_1802,"[1,2]","[2,2]",u >= 2 (McCoy),[],True
13a_1803,"[1,2]","[2,2]",u >= 2 (McCoy),[],True
13a_1804,"[1,3]","[2,3]",u >= 2 (McCoy),[],False
13a_1805,"[1,1]","[1,1]",u = 1,[10],True
13a_1806,"[1,1]","[1,1]",u = 1,[4],True
13a_1807,"[1,2]","[2,2]",u >= 2 (McCoy),[],True
13a_1808,"[1,2]","[2,2]",u >= 2 (McCoy),[],True
13a_1809,"[1,2]","[2,2]",u >= 2 (McCoy),[],True
13a_181,"[1,2]","[2,2]",u >= 2 (McCoy),[],True
13a_1810,"[1,2]","[2,2]",u >= 2 (McCoy),[],True
13a_1812,"[1,2]","[2,2]",u >= 2 (McCoy),[],True
13a_1813,"[1,2]","[2,2]",u >= 2 (McCoy),[],True
13a_1814,"[1,2]","[2,2]",u >= 2 (McCoy),[],True
13a_1815,"[1,2]","[2,2]",u >= 2 (McCoy),[],True
13a_1816,"[1,2]","[2,2]",u >= 2 (McCoy),[],True
13a_1818,"[1,1]","[1,1]",u = 1,"[0,10]",True
13a_1819,"[1,1]","[1,1]",u = 1,[0],True
13a_182,"[1,2]","[2,2]",u >= 2 (McCoy),[],True
13a_1820,"[1,3]","[2,3]",u >= 2 (McCoy),[],False
13a_1821,"[1,2]","[2,2]",u >= 2 (McCoy),[],True
13a_1822,"[1,2]","[2,2]",u >= 2 (McCoy),[],True
13a_1823,"[1,2]","[2,2]",u >= 2 (McCoy),[],True
13a_1824,"[1,2]","[2,2]",u >= 2 (McCoy),[],True
13a_1825,"[1,2]","[2,2]",u >= 2 (McCoy),[],True
13a_1828,"[1,2]","[2,2]",u >= 2 (McCoy),[],True
13a_1829,"[1,3]","[2,3]",u >= 2 (McCoy),[],False
13a_183,"[1,2]","[2,2]",u >= 2 (McCoy),[],True
13a_1830,"[1,2]","[2,2]",u >= 2 (McCoy),[],True
13a_1831,"[1,2]","[2,2]",u >= 2 (McCoy),[],True
13a_1832,"[1,2]","[2,2]",u >= 2 (McCoy),[],True
13a_1833,"[1,2]","[2,2]",u >= 2 (McCoy),[],True
13a_1834,"[1,1]","[1,1]",u = 1,"[8,11]",True
13a_1835,"[1,1]","[1,1]",u = 1,[7],True
13a_1836,"[1,2]","[2,2]",u >= 2 (McCoy),[],True
13a_1837,"[1,2]","[2,2]",u >= 2 (McCoy),[],True
13a_1838,"[1,2]","[2,2]",u >= 2 (McCoy),[],True
13a_184,"[1,2]","[2,2]",u >= 2 (McCoy),[],True
13a_1840,"[1,2]","[2,2]",u >= 2 (McCoy),[],True
13a_1841,"[1,2]","[2,2]",u >= 2 (McCoy),[],True
13a_1842,"[1,2]","[2,2]",u >= 2 (McCoy),[],True
13a_1843,"[1,1]","[1,1]",u = 1,"[10,12]",True
13a_1844,"[1,2]","[2,2]",u >= 2 (McCoy),[],True
13a_1845,"[1,3]","[2,3]",u >= 2 (McCoy),[],False
13a_1846,"[1,2]","[2,2]",u >= 2 (McCoy),[],True
13a_1847,"[1,2]","[2,2]",u >= 2 (McCoy),[],True
13a_1848,"[1,2]","[2,2]",u >= 2 (McCoy),[],True
13a_1849,"[1,2]","[2,2]",u >= 2 (McCoy),[],True
13a_185,"[1,2]","[2,2]",u >= 2 (McCoy),[],True
13a_1850,"[1,2]","[2,2]",u >= 2 (McCoy),[],True
13a_1851,"[1,2]","[2,2]",u >= 2 (McCoy),[],True
13a_1852,"[1,2]","[2,2]",u >= 2 (McCoy),[],True
13a_1853,"[1,2]","[2,2]",u >= 2 (McCoy),[],True
13a_1854,"[1,2]","[2,2]",u >= 2 (McCoy),[],True
13a_1855,"[1,2]","[2,2]",u >= 2 (McCoy),[],True
13a_1856,"[1,2]","[2,2]",u >= 2 (McCoy),[],True
13a_1858,"[1,2]","[2,2]",u >= 2 (McCoy),[],True
13a_1859,"[1,2]","[2,2]",u >= 2 (McCoy),[],True
13a_1860,"[1,2]","[2,2]",u >= 2 (McCoy),[],True
13a_1861,"[1,1]","[1,1]",u = 1,[8],True
13a_1862,"[1,2]","[2,2]",u >= 2 (McCoy),[],True
13a_1863,"[1,1]","[1,1]",u = 1,[9],True
13a_1866,"[1,2]","[2,2]",u >= 2 (McCoy),[],True
13a_1868,"[1,3]","[2,3]",u >= 2 (McCoy),[],False
13a_1869,"[1,2]","[2,2]",u >= 2 (McCoy),[],True
13a_187,"[1,2]","[2,2]",u >= 2 (McCoy),[],True
13a_1870,"[1,2]","[2,2]",u >= 2 (McCoy),[],True
13a_1872,"[1,1]","[1,1]",u = 1,[0],True
13a_1873,"[1,2]","[2,2]",u >= 2 (McCoy),[],True
13a_1874,"[1,2]","[2,2]",u >= 2 (McCoy),[],True
13a_1875,"[1,1]","[1,1]",u = 1,[0],True
13a_1877,"[1,2]","[2,2]",u >= 2 (McCoy),[],True
13a_1878,"[1,2]","[2,2]",u >= 2 (McCoy),[],True
13a_188,"[1,2]","[2,2]",u >= 2 (McCoy),[],True
13a_1880,"[1,2]","[2,2]",u >= 2 (McCoy),[],True
13a_1881,"[1,2]","[2,2]",u >= 2 (McCoy),[],True
13a_1882,"[1,2]","[2,2]",u >= 2 (McCoy),[],True
13a_1883,"[1,2]","[2,2]",u >= 2 (McCoy),[],True
13a_1884,"[1,2]","[2,2]",u >= 2 (McCoy),[],True
13a_1885,"[1,2]","[2,2]",u >= 2 (McCoy),[],True
13a_1887,"[1,3]","[2,3]",u >= 2 (McCoy),[],False
13a_1888,"[1,2]","[2,2]",u >= 2 (McCoy),[],True
13a_1889,"[1,2]","[2,2]",u >= 2 (McCoy),[],True
13a_189,"[1,3]","[2,3]",u >= 2 (McCoy),[],False
13a_1890,"[1,2]","[2,2]",u >= 2 (McCoy),[],True
13a_1891,"[1,2]","[2,2]",u >= 2 (McCoy),[],True
13a_1894,"[1,2]","[2,2]",u >= 2 (McCoy),[],True
13a_1895,"[1,2]","[2,2]",u >= 2 (McCoy),[],True
13a_1896,"[1,1]","[1,1]",u = 1,"[10,12]",True
13a_1897,"[1,2]","[2,2]",u >= 2 (McCoy),[],True
13a_1899,"[1,2]","[2,2]",u >= 2 (McCoy),[],True
13a_19,"[1,3]","[2,2]",u >= 2 (McCoy),[],False
13a_190,"[1,2]","[2,2]",u >= 2 (McCoy),[],True
13a_1900,"[1,2]","[2,2]",u >= 2 (McCoy),[],True
13a_1901,"[1,2]","[2,2]",u >= 2 (McCoy),[],True
13a_1902,"[1,2]","[2,2]",u >= 2 (McCoy),[],True
13a_1903,"[1,2]","[2,2]",u >= 2 (McCoy),[],True
13a_1904,"[1,2]","[2,2]",u >= 2 (McCoy),[],True
13a_1905,"[1,1]","[1,1]",u = 1,[3],True
13a_1907,"[1,1]","[1,1]",u = 1,[10],True
13a_1909,"[1,2]","[2,2]",u >= 2 (McCoy),[],True
13a_1913,"[1,2]","[2,2]",u >= 2 (McCoy),[],True
13a_1915,"[1,1]","[1,1]",u = 1,"[3,12]",True
13a_1916,"[1,2]","[2,2]",u >= 2 (McCoy),[],True
13a_1917,"[1,2]","[2,2]",u >= 2 (McCoy),[],True
13a_1918,"[1,1]","[1,1]",u = 1,[0],True
13a_192,"[1,3]","[2,3]",u >= 2 (McCoy),[],False
13a_1922,"[1,2]","[2,2]",u >= 2 (McCoy),[],True
13a_1924,"[1,2]","[2,2]",u >= 2 (McCoy),[],True
13a_1925,"[1,2]","[2,2]",u >= 2 (McCoy),[],True
13a_1926,"[1,2]","[2,2]",u >= 2 (McCoy),[],True
13a_1927,"[1,3]","[2,3]",u >= 2 (McCoy),[],False
13a_1928,"[1,2]","[2,2]",u >= 2 (McCoy),[],True
13a_1931,"[1,2]","[2,2]",u >= 2 (McCoy),[],True
13a_1932,"[1,2]","[2,2]",u >= 2 (McCoy),[],True
13a_1933,"[1,2]","[2,2]",u >= 2 (McCoy),[],True
13a_1934,"[1,2]","[2,2]",u >= 2 (McCoy),[],True
13a_1935,"[1,2]","[2,2]",u >= 2 (McCoy),[],True
13a_1936,"[1,2]","[2,2]",u >= 2 (McCoy),[],True
13a_1937,"[1,2]","[2,2]",u >= 2 (McCoy),[],True
13a_1938,"[1,2]","[2,2]",u >= 2 (McCoy),[],True
13a_194,"[1,3]","[2,3]",u >= 2 (McCoy),[],False
13a_1944,"[1,2]","[2,2]",u >= 2 (McCoy),[],True
13a_1945,"[1,2]","[2,2]",u >= 2 (McCoy),[],True
13a_1946,"[1,2]","[2,2]",u >= 2 (McCoy),[],True
13a_1949,"[1,2]","[2,2]",u >= 2 (McCoy),[],True
13a_195,"[1,4]","[2,3]",u >= 2 (McCoy),[],False
13a_1950,"[1,2]","[2,2]",u >= 2 (McCoy),[],True
13a_1953,"[1,3]","[2,3]",u >= 2 (McCoy),[],False
13a_1954,"[1,2]","[2,2]",u >= 2 (McCoy),[],True
13a_1955,"[1,3]","[2,3]",u >= 2 (McCoy),[],False
13a_1956,"[1,2]","[2,2]",u >= 2 (McCoy),[],True
13a_1957,"[1,3]","[2,3]",u >= 2 (McCoy),[],False
13a_1958,"[1,3]","[2,3]",u >= 2 (McCoy),[],False
13a_1959,"[1,3]","[2,3]",u >= 2 (McCoy),[],False
13a_1960,"[1,2]","[2,2]",u >= 2 (McCoy),[],True
13a_1961,"[1,2]","[2,2]",u >= 2 (McCoy),[],True
13a_1963,"[1,1]","[1,1]",u = 1,[9],True
13a_1964,"[1,2]","[2,2]",u >= 2 (McCoy),[],True
13a_1965,"[1,3]","[2,3]",u >= 2 (McCoy),[],False
13a_1967,"[1,2]","[2,2]",u >= 2 (McCoy),[],True
13a_197,"[1,3]","[2,3]",u >= 2 (McCoy),[],False
13a_1970,"[1,2]","[2,2]",u >= 2 (McCoy),[],True
13a_1971,"[1,2]","[2,2]",u >= 2 (McCoy),[],True
13a_1972,"[1,2]","[2,2]",u >= 2 (McCoy),[],True
13a_1973,"[1,2]","[2,2]",u >= 2 (McCoy),[],True
13a_1975,"[1,1]","[1,1]",u = 1,[10],True
13a_1976,"[1,2]","[2,2]",u >= 2 (McCoy),[],True
13a_1977,"[1,1]","[1,1]",u = 1,[3],True
13a_1978,"[1,2]","[2,2]",u >= 2 (McCoy),[],True
13a_1980,"[1,2]","[2,2]",u >= 2 (McCoy),[],True
13a_1981,"[1,2]","[2,2]",u >= 2 (McCoy),[],True
13a_1982,"[1,2]","[2,2]",u >= 2 (McCoy),[],True
13a_1983,"[1,1]","[1,1]",u = 1,[10],True
13a_1986,"[1,3]","[2,3]",u >= 2 (McCoy),[],False
13a_1987,"[1,2]","[2,2]",u >= 2 (McCoy),[],True
13a_1989,"[1,2]","[2,2]",u >= 2 (McCoy),[],True
13a_199,"[1,2]","[2,2]",u >= 2 (McCoy),[],True
13a_1990,"[1,2]","[2,2]",u >= 2 (McCoy),[],True
13a_1991,"[1,2]","[2,2]",u >= 2 (McCoy),[],True
13a_1992,"[1,2]","[2,2]",u >= 2 (McCoy),[],True
13a_1993,"[1,3]","[2,3]",u >= 2 (McCoy),[],False
13a_1994,"[1,2]","[2,2]",u >= 2 (McCoy),[],True
13a_1995,"[1,2]","[2,2]",u >= 2 (McCoy),[],True
13a_1996,"[1,2]","[2,2]",u >= 2 (McCoy),[],True
13a_1998,"[1,3]","[2,3]",u >= 2 (McCoy),[],False
13a_1999,"[1,2]","[2,2]",u >= 2 (McCoy),[],True
13a_2,"[1,1]","[1,1]",u = 1,[0],True
13a_20,"[1,2]","[2,2]",u >= 2 (McCoy),[],True
13a_200,"[1,2]","[2,2]",u >= 2 (McCoy),[],True
13a_2000,"[1,2]","[2,2]",u >= 2 (McCoy),[],True
13a_2002,"[1,2]","[2,2]",u >= 2 (McCoy),[],True
13a_2003,"[1,2]","[2,2]",u >= 2 (McCoy),[],True
13a_2004,"[1,2]","[2,2]",u >= 2 (McCoy),[],True
13a_2005,"[1,3]","[2,3]",u >= 2 (McCoy),[],False
13a_2006,"[1,2]","[2,2]",u >= 2 (McCoy),[],True
13a_2007,"[1,2]","[2,2]",u >= 2 (McCoy),[],True
13a_2008,"[1,3]","[2,3]",u >= 2 (McCoy),[],True
13a_201,"[1,2]","[2,2]",u >= 2 (McCoy),[],True
13a_2011,"[1,1]","[1,1]",u = 1,[4],True
13a_2012,"[1,2]","[2,2]",u >= 2 (McCoy),[],True
13a_2013,"[1,2]","[2,2]",u >= 2 (McCoy),[],True
13a_2014,"[1,2]","[2,2]",u >= 2 (McCoy),[],True
13a_2015,"[1,3]","[2,3]",u >= 2 (McCoy),[],False
13a_2016,"[1,2]","[2,2]",u >= 2 (McCoy),[],True
13a_2017,"[1,2]","[2,2]",u >= 2 (McCoy),[],True
13a_2018,"[1,2]","[2,2]",u >= 2 (McCoy),[],True
13a_2019,"[1,1]","[1,1]",u = 1,[10],True
13a_202,"[1,3]","[2,3]",u >= 2 (McCoy),[],False
13a_2020,"[1,2]","[2,2]",u >= 2 (McCoy),[],True
13a_2021,"[1,2]","[2,2]",u >= 2 (McCoy),[],True
13a_2022,"[1,2]","[2,2]",u >= 2 (McCoy),[],True
13a_2023,"[1,3]","[2,3]",u >= 2 (McCoy),[],False
13a_2024,"[1,3]","[2,3]",u >= 2 (McCoy),[],False
13a_2026,"[1,2]","[2,2]",u >= 2 (McCoy),[],True
13a_2027,"[1,3]","[2,3]",u >= 2 (McCoy),[],False
13a_2028,"[1,1]","[1,1]",u = 1,[12],True
13a_2031,"[1,3]","[2,3]",u >= 2 (McCoy),[],False
13a_2032,"[1,2]","[2,2]",u >= 2 (McCoy),[],True
13a_2033,"[1,1]","[1,1]",u = 1,[3],True
13a_2034,"[1,2]","[2,2]",u >= 2 (McCoy),[],True
13a_2039,"[1,2]","[2,2]",u >= 2 (McCoy),[],True
13a_204,"[1,2]","[2,2]",u >= 2 (McCoy),[],True
13a_2040,"[1,1]","[1,1]",u = 1,"[0,12]",True
13a_2041,"[1,2]","[2,2]",u >= 2 (McCoy),[],True
13a_2043,"[1,3]","[2,3]",u >= 2 (McCoy),[],False
13a_2044,"[1,2]","[2,2]",u >= 2 (McCoy),[],True
13a_2045,"[1,2]","[2,2]",u >= 2 (McCoy),[],True
13a_2046,"[1,2]","[2,2]",u >= 2 (McCoy),[],True
13a_2047,"[1,3]","[2,3]",u >= 2 (McCoy),[],False
13a_2048,"[1,2]","[2,2]",u >= 2 (McCoy),[],True
13a_2049,"[1,2]","[2,2]",u >= 2 (McCoy),[],True
13a_205,"[1,2]","[2,2]",u >= 2 (McCoy),[],True
13a_2051,"[1,2]","[2,2]",u >= 2 (McCoy),[],True
13a_2052,"[1,2]","[2,2]",u >= 2 (McCoy),[],True
13a_2053,"[1,2]","[2,2]",u >= 2 (McCoy),[],True
13a_2054,"[1,2]","[2,2]",u >= 2 (McCoy),[],True
13a_2055,"[1,2]","[2,2]",u >= 2 (McCoy),[],True
13a_2058,"[1,2]","[2,2]",u >= 2 (McCoy),[],True
13a_2059,"[1,2]","[2,2]",u >= 2 (McCoy),[],True
13a_206,"[1,2]","[2,2]",u >= 2 (McCoy),[],True
13a_2060,"[1,2]","[2,2]",u >= 2 (McCoy),[],True
13a_2062,"[1,2]","[2,2]",u >= 2 (McCoy),[],True
13a_2063,"[1,3]","[2,3]",u >= 2 (McCoy),[],False
13a_2065,"[1,2]","[2,2]",u >= 2 (McCoy),[],True
13a_2066,"[1,1]","[1,1]",u = 1,[0],True
13a_2068,"[1,2]","[2,2]",u >= 2 (McCoy),[],True
13a_207,"[1,2]","[2,2]",u >= 2 (McCoy),[],True
13a_2070,"[1,3]","[2,3]",u >= 2 (McCoy),[],False
13a_2071,"[1,1]","[1,1]",u = 1,[10],True
13a_2075,"[1,2]","[2,2]",u >= 2 (McCoy),[],True
13a_2078,"[1,2]","[2,2]",u >= 2 (McCoy),[],True
13a_2079,"[1,3]","[2,3]",u >= 2 (McCoy),[],False
13a_208,"[1,2]","[2,2]",u >= 2 (McCoy),[],True
13a_2081,"[1,2]","[2,2]",u >= 2 (McCoy),[],True
13a_2082,"[1,1]","[1,1]",u = 1,[10],True
13a_2083,"[1,2]","[2,2]",u >= 2 (McCoy),[],True
13a_2084,"[1,2]","[2,2]",u >= 2 (McCoy),[],True
13a_2085,"[1,2]","[2,2]",u >= 2 (McCoy),[],True
13a_2086,"[1,1]","[1,1]",u = 1,[0],True
13a_2087,"[1,3]","[2,3]",u >= 2 (McCoy),[],False
13a_2088,"[1,2]","[2,2]",u >= 2 (McCoy),[],True
13a_2089,"[1,2]","[2,2]",u >= 2 (McCoy),[],True
13a_2090,"[1,3]","[2,3]",u >= 2 (McCoy),[],False
13a_2092,"[1,2]","[2,2]",u >= 2 (McCoy),[],True
13a_2093,"[1,2]","[2,2]",u >= 2 (McCoy),[],True
13a_2094,"[1,2]","[2,2]",u >= 2 (McCoy),[],True
13a_2095,"[1,2]","[2,2]",u >= 2 (McCoy),[],True
13a_2096,"[1,2]","[2,2]",u >= 2 (McCoy),[],True
13a_2097,"[1,2]","[2,2]",u >= 2 (McCoy),[],True
13a_2099,"[1,3]","[2,3]",u >= 2 (McCoy),[],False
13a_21,"[1,2]","[2,2]",u >= 2 (McCoy),[],True
13a_210,"[1,2]","[2,2]",u >= 2 (McCoy),[],True
13a_2100,"[1,3]","[2,3]",u >= 2 (McCoy),[],False
13a_2101,"[1,2]","[2,2]",u >= 2 (McCoy),[],True
13a_2102,"[1,2]","[2,2]",u >= 2 (McCoy),[],True
13a_2103,"[1,3]","[2,3]",u >= 2 (McCoy),[],False
13a_2104,"[1,3]","[2,3]",u >= 2 (McCoy),[],False
13a_2105,"[1,2]","[2,2]",u >= 2 (McCoy),[],True
13a_2106,"[1,2]","[2,2]",u >= 2 (McCoy),[],True
13a_2107,"[1,2]","[2,2]",u >= 2 (McCoy),[],True
13a_2109,"[1,2]","[2,2]",u >= 2 (McCoy),[],True
13a_211,"[1,2]","[2,2]",u >= 2 (McCoy),[],True
13a_2110,"[1,3]","[2,3]",u >= 2 (McCoy),[],False
13a_2111,"[1,2]","[2,2]",u >= 2 (McCoy),[],True
13a_2113,"[1,2]","[2,2]",u >= 2 (McCoy),[],True
13a_2114,"[1,3]","[2,3]",u >= 2 (McCoy),[],False
13a_2115,"[1,2]","[2,2]",u >= 2 (McCoy),[],True
13a_2117,"[1,2]","[2,2]",u >= 2 (McCoy),[],True
13a_212,"[1,2]","[2,2]",u >= 2 (McCoy),[],True
13a_2122,"[1,2]","[2,2]",u >= 2 (McCoy),[],True
13a_2123,"[1,2]","[2,2]",u >= 2 (McCoy),[],True
13a_213,"[1,3]","[2,3]",u >= 2 (McCoy),[],False
13a_2131,"[1,1]","[1,1]",u = 1,[3],True
13a_2134,"[1,3]","[2,3]",u >= 2 (McCoy),[],False
13a_2139,"[1,2]","[2,2]",u >= 2 (McCoy),[],True
13a_214,"[1,2]","[2,2]",u >= 2 (McCoy),[],True
13a_2140,"[1,2]","[2,2]",u >= 2 (McCoy),[],True
13a_2141,"[1,2]","[2,2]",u >= 2 (McCoy),[],True
13a_2142,"[1,3]","[2,3]",u >= 2 (McCoy),[],False
13a_2143,"[1,2]","[2,2]",u >= 2 (McCoy),[],True
13a_2144,"[1,2]","[2,2]",u >= 2 (McCoy),[],True
13a_2145,"[1,2]","[2,2]",u >= 2 (McCoy),[],True
13a_2146,"[1,1]","[1,1]",u = 1,[10],True
13a_2147,"[1,2]","[2,2]",u >= 2 (McCoy),[],True
13a_215,"[1,2]","[2,2]",u >= 2 (McCoy),[],True
13a_2151,"[1,2]","[2,2]",u >= 2 (McCoy),[],True
13a_2152,"[1,3]","[2,3]",u >= 2 (McCoy),[],False
13a_2153,"[1,3]","[2,3]",u >= 2 (McCoy),[],False
13a_2156,"[1,3]","[2,3]",u >= 2 (McCoy),[],False
13a_216,"[1,2]","[2,2]",u >= 2 (McCoy),[],True
13a_2160,"[1,2]","[2,2]",u >= 2 (McCoy),[],True
13a_2161,"[1,2]","[2,2]",u >= 2 (McCoy),[],True
13a_2162,"[1,2]","[2,2]",u >= 2 (McCoy),[],True
13a_2163,"[1,2]","[2,2]",u >= 2 (McCoy),[],True
13a_2165,"[1,2]","[2,2]",u >= 2 (McCoy),[],True
13a_2166,"[1,2]","[2,2]",u >= 2 (McCoy),[],True
13a_2167,"[1,2]","[2,2]",u >= 2 (McCoy),[],True
13a_2168,"[1,2]","[2,2]",u >= 2 (McCoy),[],True
13a_2169,"[1,2]","[2,2]",u >= 2 (McCoy),[],True
13a_2170,"[1,2]","[2,2]",u >= 2 (McCoy),[],True
13a_2171,"[1,2]","[2,2]",u >= 2 (McCoy),[],True
13a_2172,"[1,2]","[2,2]",u >= 2 (McCoy),[],True
13a_2174,"[1,2]","[2,2]",u >= 2 (McCoy),[],True
13a_2177,"[1,1]","[1,1]",u = 1,[3],True
13a_2178,"[1,2]","[2,2]",u >= 2 (McCoy),[],True
13a_218,"[1,3]","[2,3]",u >= 2 (McCoy),[],False
13a_2181,"[1,3]","[2,3]",u >= 2 (McCoy),[],False
13a_2183,"[1,2]","[2,2]",u >= 2 (McCoy),[],True
13a_2187,"[1,1]","[1,1]",u = 1,[12],True
13a_2188,"[1,2]","[2,2]",u >= 2 (McCoy),[],True
13a_2189,"[1,1]","[1,1]",u = 1,[12],True
13a_219,"[1,2]","[2,2]",u >= 2 (McCoy),[],True
13a_2190,"[1,2]","[2,2]",u >= 2 (McCoy),[],True
13a_2191,"[1,3]","[2,3]",u >= 2 (McCoy),[],False
13a_2192,"[1,2]","[2,2]",u >= 2 (McCoy),[],True
13a_2193,"[1,3]","[2,3]",u >= 2 (McCoy),[],False
13a_2195,"[1,3]","[2,3]",u >= 2 (McCoy),[],False
13a_2196,"[1,2]","[2,2]",u >= 2 (McCoy),[],True
13a_2199,"[1,2]","[2,2]",u >= 2 (McCoy),[],True
13a_22,"[1,1]","[1,1]",u = 1,[12],True
13a_220,"[1,2]","[2,2]",u >= 2 (McCoy),[],True
13a_2202,"[1,1]","[1,1]",u = 1,[12],True
13a_2205,"[1,2]","[2,2]",u >= 2 (McCoy),[],True
13a_2207,"[1,2]","[2,2]",u >= 2 (McCoy),[],True
13a_2208,"[1,3]","[2,3]",u >= 2 (McCoy),[],False
13a_221,"[1,1]","[1,1]",u = 1,[3],True
13a_2210,"[1,3]","[2,3]",u >= 2 (McCoy),[],False
13a_2211,"[1,2]","[2,2]",u >= 2 (McCoy),[],True
13a_2212,"[1,2]","[2,2]",u >= 2 (McCoy),[],True
13a_2213,"[1,1]","[1,1]",u = 1,[0],True
13a_2214,"[1,2]","[2,2]",u >= 2 (McCoy),[],True
13a_2215,"[1,2]","[2,2]",u >= 2 (McCoy),[],True
13a_2217,"[1,2]","[2,2]",u >= 2 (McCoy),[],True
13a_2218,"[1,1]","[1,1]",u = 1,[12],True
13a_2219,"[1,2]","[2,2]",u >= 2 (McCoy),[],True
13a_222,"[1,2]","[2,2]",u >= 2 (McCoy),[],True
13a_2220,"[1,2]","[2,2]",u >= 2 (McCoy),[],True
13a_2221,"[1,2]","[2,2]",u >= 2 (McCoy),[],True
13a_2222,"[1,2]","[2,2]",u >= 2 (McCoy),[],True
13a_2223,"[1,2]","[2,2]",u >= 2 (McCoy),[],True
13a_2224,"[1,2]","[2,2]",u >= 2 (McCoy),[],True
13a_2225,"[1,2]","[2,2]",u >= 2 (McCoy),[],True
13a_2226,"[1,2]","[2,2]",u >= 2 (McCoy),[],True
13a_2227,"[1,1]","[1,1]",u = 1,[7],True
13a_2228,"[1,3]","[2,3]",u >= 2 (McCoy),[],False
13a_2229,"[1,2]","[2,2]",u >= 2 (McCoy),[],True
13a_223,"[1,2]","[2,2]",u >= 2 (McCoy),[],True
13a_2231,"[1,2]","[2,2]",u >= 2 (McCoy),[],True
13a_2232,"[1,2]","[2,2]",u >= 2 (McCoy),[],True
13a_2233,"[1,2]","[2,2]",u >= 2 (McCoy),[],True
13a_2234,"[1,2]","[2,2]",u >= 2 (McCoy),[],True
13a_2235,"[1,2]","[2,2]",u >= 2 (McCoy),[],True
13a_2236,"[1,2]","[2,2]",u >= 2 (McCoy),[],True
13a_2239,"[1,2]","[2,2]",u >= 2 (McCoy),[],True
13a_224,"[1,2]","[2,2]",u >= 2 (McCoy),[],True
13a_2240,"[1,2]","[2,2]",u >= 2 (McCoy),[],True
13a_2241,"[1,2]","[2,2]",u >= 2 (McCoy),[],True
13a_2242,"[1,2]","[2,2]",u >= 2 (McCoy),[],True
13a_2245,"[1,2]","[2,2]",u >= 2 (McCoy),[],True
13a_2246,"[1,3]","[2,3]",u >= 2 (McCoy),[],False
13a_2247,"[1,2]","[2,2]",u >= 2 (McCoy),[],True
13a_2248,"[1,2]","[2,2]",u >= 2 (McCoy),[],True
13a_2249,"[1,2]","[2,2]",u >= 2 (McCoy),[],True
13a_225,"[1,3]","[2,3]",u >= 2 (McCoy),[],False
13a_2250,"[1,2]","[2,2]",u >= 2 (McCoy),[],True
13a_2251,"[1,2]","[2,2]",u >= 2 (McCoy),[],True
13a_2252,"[1,2]","[2,2]",u >= 2 (McCoy),[],True
13a_2253,"[1,2]","[2,2]",u >= 2 (McCoy),[],True
13a_2254,"[1,1]","[1,1]",u = 1,[3],True
13a_2255,"[1,2]","[2,2]",u >= 2 (McCoy),[],True
13a_2257,"[1,1]","[1,1]",u = 1,[10],True
13a_2258,"[1,2]","[2,2]",u >= 2 (McCoy),[],True
13a_2259,"[1,2]","[2,2]",u >= 2 (McCoy),[],True
13a_226,"[1,2]","[2,2]",u >= 2 (McCoy),[],True
13a_2264,"[1,3]","[2,3]",u >= 2 (McCoy),[],False
13a_2265,"[1,2]","[2,2]",u >= 2 (McCoy),[],True
13a_2267,"[1,2]","[2,2]",u >= 2 (McCoy),[],True
13a_227,"[1,2]","[2,2]",u >= 2 (McCoy),[],True
13a_2270,"[1,2]","[2,2]",u >= 2 (McCoy),[],True
13a_2271,"[1,2]","[2,2]",u >= 2 (McCoy),[],True
13a_2272,"[1,2]","[2,2]",u >= 2 (McCoy),[],True
13a_2273,"[1,2]","[2,2]",u >= 2 (McCoy),[],True
13a_2275,"[1,3]","[2,3]",u >= 2 (McCoy),[],False
13a_2276,"[1,2]","[2,2]",u >= 2 (McCoy),[],True
13a_2277,"[1,3]","[2,3]",u >= 2 (McCoy),[],False
13a_2279,"[1,1]","[1,1]",u = 1,[0],True
13a_228,"[1,2]","[2,2]",u >= 2 (McCoy),[],True
13a_2282,"[1,2]","[2,2]",u >= 2 (McCoy),[],True
13a_2283,"[1,2]","[2,2]",u >= 2 (McCoy),[],True
13a_2288,"[1,2]","[2,2]",u >= 2 (McCoy),[],True
13a_229,"[1,2]","[2,2]",u >= 2 (McCoy),[],True
13a_2293,"[1,2]","[2,2]",u >= 2 (McCoy),[],True
13a_2297,"[1,2]","[2,2]",u >= 2 (McCoy),[],True
13a_23,"[1,2]","[2,2]",u >= 2 (McCoy),[],True
13a_230,"[1,2]","[2,2]",u >= 2 (McCoy),[],True
13a_2300,"[1,2]","[2,2]",u >= 2 (McCoy),[],True
13a_2301,"[1,3]","[2,3]",u >= 2 (McCoy),[],False
13a_2304,"[1,2]","[2,2]",u >= 2 (McCoy),[],True
13a_2306,"[1,2]","[2,2]",u >= 2 (McCoy),[],True
13a_2307,"[1,2]","[2,2]",u >= 2 (McCoy),[],True
13a_2308,"[1,2]","[2,2]",u >= 2 (McCoy),[],True
13a_2311,"[1,1]","[1,1]",u = 1,[12],True
13a_2312,"[1,2]","[2,2]",u >= 2 (McCoy),[],True
13a_2313,"[1,2]","[2,2]",u >= 2 (McCoy),[],True
13a_2314,"[1,2]","[2,2]",u >= 2 (McCoy),[],True
13a_2316,"[1,2]","[2,2]",u >= 2 (McCoy),[],True
13a_2318,"[1,2]","[2,2]",u >= 2 (McCoy),[],True
13a_2319,"[1,2]","[2,2]",u >= 2 (McCoy),[],True
13a_232,"[1,3]","[2,3]",u >= 2 (McCoy),[],False
13a_2320,"[1,2]","[2,2]",u >= 2 (McCoy),[],True
13a_2321,"[1,2]","[2,2]",u >= 2 (McCoy),[],True
13a_2323,"[1,2]","[2,2]",u >= 2 (McCoy),[],True
13a_2324,"[1,2]","[2,2]",u >= 2 (McCoy),[],True
13a_2327,"[1,3]","[2,3]",u >= 2 (McCoy),[],False
13a_2328,"[1,3]","[2,3]",u >= 2 (McCoy),[],False
13a_2329,"[1,2]","[2,2]",u >= 2 (McCoy),[],True
13a_233,"[1,2]","[2,2]",u >= 2 (McCoy),[],True
13a_2330,"[1,2]","[2,2]",u >= 2 (McCoy),[],True
13a_2332,"[1,2]","[2,2]",u >= 2 (McCoy),[],True
13a_2335,"[1,2]","[2,2]",u >= 2 (McCoy),[],True
13a_2337,"[1,1]","[1,1]",u = 1,[8],True
13a_2338,"[1,2]","[2,2]",u >= 2 (McCoy),[],True
13a_2339,"[1,2]","[2,2]",u >= 2 (McCoy),[],True
13a_2340,"[1,1]","[1,1]",u = 1,[3],True
13a_2341,"[1,1]","[1,1]",u = 1,[3],True
13a_2343,"[1,2]","[2,2]",u >= 2 (McCoy),[],True
13a_2344,"[1,2]","[2,2]",u >= 2 (McCoy),[],True
13a_2345,"[1,1]","[1,1]",u = 1,[3],True
13a_2347,"[1,1]","[1,1]",u = 1,[10],True
13a_2348,"[1,2]","[2,2]",u >= 2 (McCoy),[],True
13a_2349,"[1,2]","[2,2]",u >= 2 (McCoy),[],True
13a_235,"[1,2]","[2,2]",u >= 2 (McCoy),[],True
13a_2350,"[1,2]","[2,2]",u >= 2 (McCoy),[],True
13a_2351,"[1,2]","[2,2]",u >= 2 (McCoy),[],True
13a_2352,"[1,2]","[2,2]",u >= 2 (McCoy),[],True
13a_2357,"[1,2]","[2,2]",u >= 2 (McCoy),[],True
13a_236,"[1,4]","[2,3]",u >= 2 (McCoy),[],False
13a_2361,"[1,2]","[2,2]",u >= 2 (McCoy),[],True
13a_2362,"[1,2]","[2,2]",u >= 2 (McCoy),[],True
13a_2363,"[1,1]","[1,1]",u = 1,[12],True
13a_2364,"[1,2]","[2,2]",u >= 2 (McCoy),[],True
13a_2366,"[1,3]","[2,3]",u >= 2 (McCoy),[],False
13a_2367,"[1,3]","[2,3]",u >= 2 (McCoy),[],False
13a_2368,"[1,1]","[1,1]",u = 1,[11],True
13a_2369,"[1,2]","[2,2]",u >= 2 (McCoy),[],True
13a_2370,"[1,2]","[2,2]",u >= 2 (McCoy),[],True
13a_2371,"[1,2]","[2,2]",u >= 2 (McCoy),[],True
13a_2372,"[1,2]","[2,2]",u >= 2 (McCoy),[],True
13a_2374,"[1,2]","[2,2]",u >= 2 (McCoy),[],True
13a_2377,"[1,2]","[2,2]",u >= 2 (McCoy),[],True
13a_238,"[1,3]","[2,3]",u >= 2 (McCoy),[],False
13a_2380,"[1,1]","[1,1]",u = 1,"[5,10]",True
13a_2381,"[1,3]","[2,3]",u >= 2 (McCoy),[],False
13a_2382,"[1,2]","[2,2]",u >= 2 (McCoy),[],True
13a_2383,"[1,2]","[2,2]",u >= 2 (McCoy),[],True
13a_2384,"[1,2]","[2,2]",u >= 2 (McCoy),[],True
13a_2385,"[1,1]","[1,1]",u = 1,[5],True
13a_2386,"[1,3]","[2,3]",u >= 2 (McCoy),[],False
13a_2387,"[1,2]","[2,2]",u >= 2 (McCoy),[],True
13a_2389,"[1,2]","[2,2]",u >= 2 (McCoy),[],True
13a_239,"[1,2]","[2,2]",u >= 2 (McCoy),[],True
13a_2392,"[1,2]","[2,2]",u >= 2 (McCoy),[],True
13a_2393,"[1,2]","[2,2]",u >= 2 (McCoy),[],True
13a_2394,"[1,2]","[2,2]",u >= 2 (McCoy),[],True
13a_2396,"[1,3]","[2,3]",u >= 2 (McCoy),[],False
13a_2397,"[1,1]","[1,1]",u = 1,[8],True
13a_24,"[1,2]","[2,2]",u >= 2 (McCoy),[],True
13a_240,"[1,1]","[1,1]",u = 1,[7],True
13a_2401,"[1,2]","[2,2]",u >= 2 (McCoy),[],True
13a_2403,"[1,2]","[2,2]",u >= 2 (McCoy),[],True
13a_2404,"[1,2]","[2,2]",u >= 2 (McCoy),[],True
13a_2406,"[1,2]","[2,2]",u >= 2 (McCoy),[],True
13a_2407,"[1,2]","[2,2]",u >= 2 (McCoy),[],True
13a_2408,"[1,2]","[2,2]",u >= 2 (McCoy),[],True
13a_241,"[1,2]","[2,2]",u >= 2 (McCoy),[],True
13a_2410,"[1,2]","[2,2]",u >= 2 (McCoy),[],True
13a_2411,"[1,2]","[2,2]",u >= 2 (McCoy),[],True
13a_2413,"[1,2]","[2,2]",u >= 2 (McCoy),[],True
13a_2414,"[1,2]","[2,2]",u >= 2 (McCoy),[],True
13a_2415,"[1,1]","[1,1]",u = 1,[3],True
13a_2416,"[1,2]","[2,2]",u >= 2 (McCoy),[],True
13a_2418,"[1,2]","[2,2]",u >= 2 (McCoy),[],True
13a_2419,"[1,2]","[2,2]",u >= 2 (McCoy),[],True
13a_242,"[1,2]","[2,2]",u >= 2 (McCoy),[],True
13a_2420,"[1,2]","[2,2]",u >= 2 (McCoy),[],True
13a_2422,"[1,3]","[2,3]",u >= 2 (McCoy),[],False
13a_2423,"[1,2]","[2,2]",u >= 2 (McCoy),[],True
13a_2424,"[1,2]","[2,2]",u >= 2 (McCoy),[],True
13a_2425,"[1,2]","[2,2]",u >= 2 (McCoy),[],True
13a_2426,"[1,2]","[2,2]",u >= 2 (McCoy),[],True
13a_2427,"[1,2]","[2,2]",u >= 2 (McCoy),[],True
13a_2428,"[1,2]","[2,2]",u >= 2 (McCoy),[],True
13a_2429,"[1,2]","[2,2]",u >= 2 (McCoy),[],True
13a_243,"[1,1]","[1,1]",u = 1,[8],True
13a_2430,"[1,2]","[2,2]",u >= 2 (McCoy),[],True
13a_2431,"[1,1]","[1,1]",u = 1,[11],True
13a_2432,"[1,3]","[2,3]",u >= 2 (McCoy),[],False
13a_2433,"[1,2]","[2,2]",u >= 2 (McCoy),[],True
13a_2435,"[1,1]","[1,1]",u = 1,[12],True
13a_2436,"[1,3]","[2,3]",u >= 2 (McCoy),[],False
13a_2437,"[1,2]","[2,2]",u >= 2 (McCoy),[],True
13a_2439,"[1,2]","[2,2]",u >= 2 (McCoy),[],True
13a_244,"[1,2]","[2,2]",u >= 2 (McCoy),[],True
13a_2440,"[1,1]","[1,1]",u = 1,[4],True
13a_2441,"[1,3]","[2,3]",u >= 2 (McCoy),[],False
13a_2442,"[1,3]","[2,3]",u >= 2 (McCoy),[],False
13a_2443,"[1,2]","[2,2]",u >= 2 (McCoy),[],True
13a_2444,"[1,2]","[2,2]",u >= 2 (McCoy),[],True
13a_2446,"[1,2]","[2,2]",u >= 2 (McCoy),[],True
13a_2448,"[1,2]","[2,2]",u >= 2 (McCoy),[],True
13a_245,"[1,1]","[1,1]",u = 1,[0],True
13a_2450,"[1,2]","[2,2]",u >= 2 (McCoy),[],True
13a_2451,"[1,3]","[2,3]",u >= 2 (McCoy),[],False
13a_2452,"[1,2]","[2,2]",u >= 2 (McCoy),[],True
13a_2454,"[1,2]","[2,2]",u >= 2 (McCoy),[],True
13a_2456,"[1,2]","[2,2]",u >= 2 (McCoy),[],True
13a_2459,"[1,2]","[2,2]",u >= 2 (McCoy),[],True
13a_2460,"[1,1]","[1,1]",u = 1,[12],True
13a_2461,"[1,2]","[2,2]",u >= 2 (McCoy),[],True
13a_2465,"[1,2]","[2,2]",u >= 2 (McCoy),[],True
13a_2466,"[1,1]","[1,1]",u = 1,[4],True
13a_2468,"[1,2]","[2,2]",u >= 2 (McCoy),[],True
13a_2469,"[1,2]","[2,2]",u >= 2 (McCoy),[],True
13a_2470,"[1,2]","[2,2]",u >= 2 (McCoy),[],True
13a_2471,"[1,2]","[2,2]",u >= 2 (McCoy),[],True
13a_2473,"[1,2]","[2,2]",u >= 2 (McCoy),[],True
13a_2476,"[1,2]","[2,2]",u >= 2 (McCoy),[],True
13a_2477,"[1,2]","[2,2]",u >= 2 (McCoy),[],True
13a_2479,"[1,2]","[2,2]",u >= 2 (McCoy),[],True
13a_2480,"[1,2]","[2,2]",u >= 2 (McCoy),[],True
13a_2481,"[1,2]","[2,2]",u >= 2 (McCoy),[],True
13a_2482,"[1,2]","[2,2]",u >= 2 (McCoy),[],True
13a_2483,"[1,2]","[2,2]",u >= 2 (McCoy),[],True
13a_2484,"[1,2]","[2,2]",u >= 2 (McCoy),[],True
13a_2486,"[1,2]","[2,2]",u >= 2 (McCoy),[],True
13a_2487,"[1,2]","[2,2]",u >= 2 (McCoy),[],True
13a_2488,"[1,3]","[2,3]",u >= 2 (McCoy),[],False
13a_2490,"[1,2]","[2,2]",u >= 2 (McCoy),[],True
13a_2491,"[1,1]","[1,1]",u = 1,[11],True
13a_2492,"[1,2]","[2,2]",u >= 2 (McCoy),[],True
13a_2494,"[1,2]","[2,2]",u >= 2 (McCoy),[],True
13a_2495,"[1,1]","[1,1]",u = 1,[12],True
13a_2496,"[1,2]","[2,2]",u >= 2 (McCoy),[],True
13a_2497,"[1,2]","[2,2]",u >= 2 (McCoy),[],True
13a_2498,"[1,2]","[2,2]",u >= 2 (McCoy),[],True
13a_2499,"[1,2]","[2,2]",u >= 2 (McCoy),[],True
13a_25,"[1,3]","[2,3]",u >= 2 (McCoy),[],False
13a_250,"[1,3]","[2,3]",u >= 2 (McCoy),[],False
13a_2501,"[1,2]","[2,2]",u >= 2 (McCoy),[],True
13a_2504,"[1,2]","[2,2]",u >= 2 (McCoy),[],True
13a_2505,"[1,1]","[1,1]",u = 1,[3],True
13a_2506,"[1,2]","[2,2]",u >= 2 (McCoy),[],True
13a_2507,"[1,3]","[2,3]",u >= 2 (McCoy),[],False
13a_2508,"[1,2]","[2,2]",u >= 2 (McCoy),[],True
13a_2511,"[1,2]","[2,2]",u >= 2 (McCoy),[],True
13a_2512,"[1,3]","[2,3]",u >= 2 (McCoy),[],False
13a_2513,"[1,2]","[2,2]",u >= 2 (McCoy),[],True
13a_2514,"[1,2]","[2,2]",u >= 2 (McCoy),[],True
13a_2515,"[1,2]","[2,2]",u >= 2 (McCoy),[],True
13a_2517,"[1,3]","[2,3]",u >= 2 (McCoy),[],False
13a_2518,"[1,2]","[2,2]",u >= 2 (McCoy),[],True
13a_2519,"[1,1]","[1,1]",u = 1,[3],True
13a_252,"[1,2]","[2,2]",u >= 2 (McCoy),[],True
13a_2522,"[1,1]","[1,1]",u = 1,[12],True
13a_2523,"[1,2]","[2,2]",u >= 2 (McCoy),[],True
13a_2524,"[1,2]","[2,2]",u >= 2 (McCoy),[],True
13a_2525,"[1,2]","[2,2]",u >= 2 (McCoy),[],True
13a_2526,"[1,2]","[2,2]",u >= 2 (McCoy),[],True
13a_2527,"[1,2]","[2,2]",u >= 2 (McCoy),[],True
13a_2528,"[1,2]","[2,2]",u >= 2 (McCoy),[],True
13a_2529,"[1,2]","[2,2]",u >= 2 (McCoy),[],True
13a_253,"[1,1]","[1,1]",u = 1,[7],True
13a_2530,"[1,2]","[2,2]",u >= 2 (McCoy),[],True
13a_2531,"[1,3]","[2,3]",u >= 2 (McCoy),[],False
13a_2532,"[1,2]","[2,2]",u >= 2 (McCoy),[],True
13a_2534,"[1,2]","[2,2]",u >= 2 (McCoy),[],True
13a_2535,"[1,3]","[2,3]",u >= 2 (McCoy),[],False
13a_2537,"[1,2]","[2,2]",u >= 2 (McCoy),[],True
13a_254,"[1,2]","[2,2]",u >= 2 (McCoy),[],True
13a_2540,"[1,1]","[1,1]",u = 1,[9],True
13a_2541,"[1,3]","[2,3]",u >= 2 (McCoy),[],False
13a_2542,"[1,2]","[2,2]",u >= 2 (McCoy),[],True
13a_2543,"[1,2]","[2,2]",u >= 2 (McCoy),[],True
13a_2544,"[1,2]","[2,2]",u >= 2 (McCoy),[],True
13a_2545,"[1,3]","[2,3]",u >= 2 (McCoy),[],False
13a_2546,"[1,2]","[2,2]",u >= 2 (McCoy),[],True
13a_2547,"[1,2]","[2,2]",u >= 2 (McCoy),[],True
13a_255,"[1,3]","[2,3]",u >= 2 (McCoy),[],False
13a_2550,"[1,3]","[2,3]",u >= 2 (McCoy),[],False
13a_2551,"[1,2]","[2,2]",u >= 2 (McCoy),[],True
13a_2552,"[1,2]","[2,2]",u >= 2 (McCoy),[],True
13a_2553,"[1,2]","[2,2]",u >= 2 (McCoy),[],True
13a_2554,"[1,2]","[2,2]",u >= 2 (McCoy),[],True
13a_2555,"[1,1]","[1,1]",u = 1,[8],True
13a_2556,"[1,2]","[2,2]",u >= 2 (McCoy),[],True
13a_2557,"[1,3]","[2,3]",u >= 2 (McCoy),[],False
13a_2558,"[1,2]","[2,2]",u >= 2 (McCoy),[],True
13a_2559,"[1,3]","[2,3]",u >= 2 (McCoy),[],False
13a_256,"[1,2]","[2,2]",u >= 2 (McCoy),[],True
13a_2560,"[1,3]","[2,3]",u >= 2 (McCoy),[],False
13a_2561,"[1,2]","[2,2]",u >= 2 (McCoy),[],True
13a_2562,"[1,2]","[2,2]",u >= 2 (McCoy),[],True
13a_2563,"[1,1]","[1,1]",u = 1,[6],True
13a_2564,"[1,2]","[2,2]",u >= 2 (McCoy),[],True
13a_2565,"[1,2]","[2,2]",u >= 2 (McCoy),[],True
13a_2566,"[1,2]","[2,2]",u >= 2 (McCoy),[],True
13a_2567,"[1,2]","[2,2]",u >= 2 (McCoy),[],True
13a_2569,"[1,2]","[2,2]",u >= 2 (McCoy),[],True
13a_257,"[1,2]","[2,2]",u >= 2 (McCoy),[],True
13a_2570,"[1,2]","[2,2]",u >= 2 (McCoy),[],True
13a_2571,"[1,2]","[2,2]",u >= 2 (McCoy),[],True
13a_2572,"[1,2]","[2,2]",u >= 2 (McCoy),[],True
13a_2573,"[1,3]","[2,3]",u >= 2 (McCoy),[],False
13a_2574,"[1,3]","[2,3]",u >= 2 (McCoy),[],False
13a_2575,"[1,2]","[2,2]",u >= 2 (McCoy),[],True
13a_2576,"[1,1]","[1,1]",u = 1,[5],True
13a_2577,"[1,2]","[2,2]",u >= 2 (McCoy),[],True
13a_2578,"[1,2]","[2,2]",u >= 2 (McCoy),[],True
13a_2579,"[1,2]","[2,2]",u >= 2 (McCoy),[],True
13a_258,"[1,2]","[2,2]",u >= 2 (McCoy),[],True
13a_2580,"[1,2]","[2,2]",u >= 2 (McCoy),[],True
13a_2581,"[1,2]","[2,2]",u >= 2 (McCoy),[],True
13a_2582,"[1,1]","[1,1]",u = 1,"[3,7]",True
13a_2583,"[1,2]","[2,2]",u >= 2 (McCoy),[],True
13a_2584,"[1,2]","[2,2]",u >= 2 (McCoy),[],True
13a_2585,"[1,2]","[2,2]",u >= 2 (McCoy),[],True
13a_2586,"[1,2]","[2,2]",u >= 2 (McCoy),[],True
13a_2587,"[1,1]","[1,1]",u = 1,[3],True
13a_2588,"[1,2]","[2,2]",u >= 2 (McCoy),[],True
13a_2589,"[1,2]","[2,2]",u >= 2 (McCoy),[],True
13a_259,"[1,1]","[1,1]",u = 1,[9],True
13a_2590,"[1,1]","[1,1]",u = 1,[6],True
13a_2591,"[1,3]","[2,3]",u >= 2 (McCoy),[],False
13a_2592,"[1,1]","[1,1]",u = 1,[0],True
13a_2593,"[1,2]","[2,2]",u >= 2 (McCoy),[],True
13a_2594,"[1,3]","[2,3]",u >= 2 (McCoy),[],False
13a_2595,"[1,3]","[2,3]",u >= 2 (McCoy),[],False
13a_2596,"[1,2]","[2,2]",u >= 2 (McCoy),[],True
13a_2598,"[1,2]","[2,2]",u >= 2 (McCoy),[],True
13a_26,"[1,2]","[2,2]",u >= 2 (McCoy),[],True
13a_260,"[1,2]","[2,2]",u >= 2 (McCoy),[],True
13a_2601,"[1,2]","[2,2]",u >= 2 (McCoy),[],True
13a_2602,"[1,2]","[2,2]",u >= 2 (McCoy),[],True
13a_2603,"[1,2]","[2,2]",u >= 2 (McCoy),[],True
13a_2604,"[1,2]","[2,2]",u >= 2 (McCoy),[],True
13a_2605,"[1,2]","[2,2]",u >= 2 (McCoy),[],True
13a_2607,"[1,2]","[2,2]",u >= 2 (McCoy),[],True
13a_2609,"[1,2]","[2,2]",u >= 2 (McCoy),[],True
13a_261,"[1,2]","[2,2]",u >= 2 (McCoy),[],True
13a_2611,"[1,3]","[2,3]",u >= 2 (McCoy),[],False
13a_2612,"[1,1]","[1,1]",u = 1,[3],True
13a_2613,"[1,3]","[2,3]",u >= 2 (McCoy),[],False
13a_2614,"[1,3]","[2,3]",u >= 2 (McCoy),[],False
13a_2615,"[1,2]","[2,2]",u >= 2 (McCoy),[],True
13a_2617,"[1,2]","[2,2]",u >= 2 (McCoy),[],True
13a_2618,"[1,3]","[2,3]",u >= 2 (McCoy),[],False
13a_262,"[1,3]","[2,3]",u >= 2 (McCoy),[],False
13a_2621,"[1,2]","[2,2]",u >= 2 (McCoy),[],True
13a_2622,"[1,3]","[2,3]",u >= 2 (McCoy),[],False
13a_2625,"[1,1]","[1,1]",u = 1,"[5,6]",True
13a_2626,"[1,2]","[2,2]",u >= 2 (McCoy),[],True
13a_2627,"[1,2]","[2,2]",u >= 2 (McCoy),[],True
13a_263,"[1,2]","[2,2]",u >= 2 (McCoy),[],True
13a_2632,"[1,3]","[2,3]",u >= 2 (McCoy),[],False
13a_2633,"[1,2]","[2,2]",u >= 2 (McCoy),[],True
13a_2635,"[1,2]","[2,2]",u >= 2 (McCoy),[],True
13a_2637,"[1,2]","[2,2]",u >= 2 (McCoy),[],True
13a_2638,"[1,2]","[2,2]",u >= 2 (McCoy),[],True
13a_2639,"[1,2]","[2,2]",u >= 2 (McCoy),[],True
13a_264,"[1,2]","[2,2]",u >= 2 (McCoy),[],True
13a_2640,"[1,2]","[2,2]",u >= 2 (McCoy),[],True
13a_2641,"[1,2]","[2,2]",u >= 2 (McCoy),[],True
13a_2642,"[1,2]","[2,2]",u >= 2 (McCoy),[],True
13a_2643,"[1,2]","[2,2]",u >= 2 (McCoy),[],True
13a_2645,"[1,2]","[2,2]",u >= 2 (McCoy),[],True
13a_2646,"[1,2]","[2,2]",u >= 2 (McCoy),[],True
13a_2648,"[1,2]","[2,2]",u >= 2 (McCoy),[],True
13a_265,"[1,2]","[2,2]",u >= 2 (McCoy),[],True
13a_2650,"[1,2]","[2,2]",u >= 2 (McCoy),[],True
13a_2651,"[1,1]","[1,1]",u = 1,"[0,6]",True
13a_2652,"[1,1]","[1,1]",u = 1,[0],True
13a_2653,"[1,2]","[2,2]",u >= 2 (McCoy),[],True
13a_2654,"[1,2]","[2,2]",u >= 2 (McCoy),[],True
13a_2655,"[1,2]","[2,2]",u >= 2 (McCoy),[],True
13a_2656,"[1,2]","[2,2]",u >= 2 (McCoy),[],True
13a_2657,"[1,2]","[2,2]",u >= 2 (McCoy),[],True
13a_2658,"[1,1]","[1,1]",u = 1,[7],True
13a_2659,"[1,2]","[2,2]",u >= 2 (McCoy),[],True
13a_266,"[1,3]","[2,3]",u >= 2 (McCoy),[],False
13a_2661,"[1,2]","[2,2]",u >= 2 (McCoy),[],True
13a_2662,"[1,2]","[2,2]",u >= 2 (McCoy),[],True
13a_2664,"[1,2]","[2,2]",u >= 2 (McCoy),[],True
13a_2666,"[1,2]","[2,2]",u >= 2 (McCoy),[],True
13a_2667,"[1,3]","[2,3]",u >= 2 (McCoy),[],False
13a_2669,"[1,2]","[2,2]",u >= 2 (McCoy),[],True
13a_267,"[1,3]","[2,3]",u >= 2 (McCoy),[],False
13a_2670,"[1,2]","[2,2]",u >= 2 (McCoy),[],True
13a_2671,"[1,1]","[1,1]",u = 1,[6],True
13a_2672,"[1,2]","[2,2]",u >= 2 (McCoy),[],True
13a_2673,"[1,1]","[1,1]",u = 1,"[4,9]",True
13a_2674,"[1,2]","[2,2]",u >= 2 (McCoy),[],True
13a_2677,"[1,2]","[2,2]",u >= 2 (McCoy),[],True
13a_2678,"[1,2]","[2,2]",u >= 2 (McCoy),[],True
13a_2679,"[1,2]","[2,2]",u >= 2 (McCoy),[],True
13a_268,"[1,2]","[2,2]",u >= 2 (McCoy),[],True
13a_2680,"[1,2]","[2,2]",u >= 2 (McCoy),[],True
13a_2681,"[1,2]","[2,2]",u >= 2 (McCoy),[],True
13a_2682,"[1,1]","[1,1]",u = 1,"[8,11]",True
13a_2683,"[1,2]","[2,2]",u >= 2 (McCoy),[],True
13a_2687,"[1,2]","[2,2]",u >= 2 (McCoy),[],True
13a_2690,"[1,2]","[2,2]",u >= 2 (McCoy),[],True
13a_2692,"[1,1]","[1,1]",u = 1,[6],True
13a_2693,"[1,2]","[2,2]",u >= 2 (McCoy),[],True
13a_2694,"[1,2]","[2,2]",u >= 2 (McCoy),[],True
13a_2699,"[1,1]","[1,1]",u = 1,[6],True
13a_27,"[1,2]","[2,2]",u >= 2 (McCoy),[],True
13a_270,"[1,2]","[2,2]",u >= 2 (McCoy),[],True
13a_2700,"[1,2]","[2,2]",u >= 2 (McCoy),[],True
13a_2701,"[1,1]","[1,1]",u = 1,[5],True
13a_2703,"[1,2]","[2,2]",u >= 2 (McCoy),[],True
13a_2704,"[1,1]","[1,1]",u = 1,[5],True
13a_2707,"[1,1]","[1,1]",u = 1,[12],True
13a_2708,"[1,1]","[1,1]",u = 1,[4],True
13a_271,"[1,4]","[2,3]",u >= 2 (McCoy),[],False
13a_2710,"[1,3]","[2,3]",u >= 2 (McCoy),[],False
13a_2711,"[1,3]","[2,3]",u >= 2 (McCoy),[],False
13a_2712,"[1,2]","[2,2]",u >= 2 (McCoy),[],True
13a_2713,"[1,2]","[2,2]",u >= 2 (McCoy),[],True
13a_2714,"[1,2]","[2,2]",u >= 2 (McCoy),[],True
13a_2715,"[1,1]","[1,1]",u = 1,[0],True
13a_2716,"[1,1]","[1,1]",u = 1,[3],True
13a_2717,"[1,2]","[2,2]",u >= 2 (McCoy),[],True
13a_2718,"[1,1]","[1,1]",u = 1,[3],True
13a_2719,"[1,2]","[2,2]",u >= 2 (McCoy),[],True
13a_272,"[1,2]","[2,2]",u >= 2 (McCoy),[],True
13a_2720,"[1,3]","[2,3]",u >= 2 (McCoy),[],True
13a_2721,"[1,2]","[2,2]",u >= 2 (McCoy),[],True
13a_2722,"[1,2]","[2,2]",u >= 2 (McCoy),[],True
13a_2723,"[1,2]","[2,2]",u >= 2 (McCoy),[],True
13a_2726,"[1,2]","[2,2]",u >= 2 (McCoy),[],True
13a_2727,"[1,3]","[2,3]",u >= 2 (McCoy),[],True
13a_2728,"[1,3]","[2,3]",u >= 2 (McCoy),[],False
13a_2729,"[1,1]","[1,1]",u = 1,[11],True
13a_2730,"[1,2]","[2,2]",u >= 2 (McCoy),[],True
13a_2731,"[1,1]","[1,1]",u = 1,[12],True
13a_2732,"[1,2]","[2,2]",u >= 2 (McCoy),[],True
13a_2733,"[1,2]","[2,2]",u >= 2 (McCoy),[],True
13a_2734,"[1,2]","[2,2]",u >= 2 (McCoy),[],True
13a_2735,"[1,2]","[2,2]",u >= 2 (McCoy),[],True
13a_2736,"[1,1]","[1,1]",u = 1,[0],True
13a_2737,"[1,1]","[1,1]",u = 1,[4],True
13a_2738,"[1,1]","[1,1]",u = 1,"[8,9]",True
13a_2739,"[1,1]","[1,1]",u = 1,[5],True
13a_274,"[1,2]","[2,2]",u >= 2 (McCoy),[],True
13a_2740,"[1,2]","[2,2]",u >= 2 (McCoy),[],True
13a_2741,"[1,2]","[2,2]",u >= 2 (McCoy),[],True
13a_2742,"[1,2]","[2,2]",u >= 2 (McCoy),[],True
13a_2743,"[1,1]","[1,1]",u = 1,[5],True
13a_2744,"[1,2]","[2,2]",u >= 2 (McCoy),[],True
13a_2745,"[1,3]","[2,3]",u >= 2 (McCoy),[],True
13a_2746,"[1,2]","[2,2]",u >= 2 (McCoy),[],True
13a_2747,"[1,2]","[2,2]",u >= 2 (McCoy),[],True
13a_2748,"[1,3]","[2,3]",u >= 2 (McCoy),[],False
13a_2749,"[1,2]","[2,2]",u >= 2 (McCoy),[],True
13a_275,"[1,4]","[2,3]",u >= 2 (McCoy),[],False
13a_2750,"[1,1]","[1,1]",u = 1,[0],True
13a_2754,"[1,2]","[2,2]",u >= 2 (McCoy),[],True
13a_2755,"[1,2]","[2,2]",u >= 2 (McCoy),[],True
13a_2756,"[1,2]","[2,2]",u >= 2 (McCoy),[],True
13a_2757,"[1,2]","[2,2]",u >= 2 (McCoy),[],True
13a_276,"[1,3]","[2,3]",u >= 2 (McCoy),[],False
13a_2762,"[1,2]","[2,2]",u >= 2 (McCoy),[],True
13a_2764,"[1,2]","[2,2]",u >= 2 (McCoy),[],True
13a_2765,"[1,2]","[2,2]",u >= 2 (McCoy),[],True
13a_2769,"[1,2]","[2,2]",u >= 2 (McCoy),[],True
13a_277,"[1,3]","[2,3]",u >= 2 (McCoy),[],False
13a_2771,"[1,2]","[2,2]",u >= 2 (McCoy),[],True
13a_2774,"[1,2]","[2,2]",u >= 2 (McCoy),[],True
13a_2775,"[1,2]","[2,2]",u >= 2 (McCoy),[],True
13a_2776,"[1,1]","[1,1]",u = 1,[11],True
13a_2779,"[1,3]","[2,3]",u >= 2 (McCoy),[],False
13a_278,"[1,2]","[2,2]",u >= 2 (McCoy),[],True
13a_2780,"[1,3]","[2,3]",u >= 2 (McCoy),[],False
13a_2781,"[1,2]","[2,2]",u >= 2 (McCoy),[],True
13a_2782,"[1,2]","[2,2]",u >= 2 (McCoy),[],True
13a_2786,"[1,2]","[2,2]",u >= 2 (McCoy),[],True
13a_2787,"[1,2]","[2,2]",u >= 2 (McCoy),[],True
13a_2789,"[1,2]","[2,2]",u >= 2 (McCoy),[],True
13a_2790,"[1,2]","[2,2]",u >= 2 (McCoy),[],True
13a_2791,"[1,1]","[1,1]",u = 1,[0],True
13a_2792,"[1,1]","[1,1]",u = 1,[9],True
13a_2793,"[1,2]","[2,2]",u >= 2 (McCoy),[],True
13a_2795,"[1,3]","[2,3]",u >= 2 (McCoy),[],False
13a_2797,"[1,1]","[1,1]",u = 1,"[0,7]",True
13a_2799,"[1,3]","[2,3]",u >= 2 (McCoy),[],False
13a_28,"[1,2]","[2,2]",u >= 2 (McCoy),[],True
13a_2800,"[1,2]","[2,2]",u >= 2 (McCoy),[],True
13a_2801,"[1,2]","[2,2]",u >= 2 (McCoy),[],True
13a_2802,"[1,2]","[2,2]",u >= 2 (McCoy),[],True
13a_2806,"[1,1]","[1,1]",u = 1,"[0,12]",True
13a_2807,"[1,3]","[2,3]",u >= 2 (McCoy),[],False
13a_2808,"[1,2]","[2,2]",u >= 2 (McCoy),[],True
13a_281,"[1,2]","[2,2]",u >= 2 (McCoy),[],True
13a_2810,"[1,2]","[2,2]",u >= 2 (McCoy),[],True
13a_2811,"[1,2]","[2,2]",u >= 2 (McCoy),[],True
13a_2812,"[1,2]","[2,2]",u >= 2 (McCoy),[],True
13a_2813,"[1,3]","[2,3]",u >= 2 (McCoy),[],False
13a_2815,"[1,2]","[2,2]",u >= 2 (McCoy),[],True
13a_2817,"[1,3]","[2,3]",u >= 2 (McCoy),[],False
13a_2818,"[1,2]","[2,2]",u >= 2 (McCoy),[],True
13a_282,"[1,2]","[2,2]",u >= 2 (McCoy),[],True
13a_2820,"[1,2]","[2,2]",u >= 2 (McCoy),[],True
13a_2822,"[1,3]","[2,3]",u >= 2 (McCoy),[],False
13a_2826,"[1,2]","[2,2]",u >= 2 (McCoy),[],True
13a_2828,"[1,1]","[1,1]",u = 1,[4],True
13a_283,"[1,2]","[2,2]",u >= 2 (McCoy),[],True
13a_2835,"[1,2]","[2,2]",u >= 2 (McCoy),[],True
13a_2836,"[1,1]","[1,1]",u = 1,[4],True
13a_2837,"[1,3]","[2,3]",u >= 2 (McCoy),[],False
13a_2838,"[1,2]","[2,2]",u >= 2 (McCoy),[],True
13a_2839,"[1,2]","[2,2]",u >= 2 (McCoy),[],True
13a_2840,"[1,2]","[2,2]",u >= 2 (McCoy),[],True
13a_2842,"[1,2]","[2,2]",u >= 2 (McCoy),[],True
13a_2844,"[1,2]","[2,2]",u >= 2 (McCoy),[],True
13a_2847,"[1,2]","[2,2]",u >= 2 (McCoy),[],True
13a_285,"[1,3]","[2,3]",u >= 2 (McCoy),[],False
13a_2850,"[1,3]","[2,3]",u >= 2 (McCoy),[],False
13a_2852,"[1,1]","[1,1]",u = 1,[12],True
13a_2853,"[1,2]","[2,2]",u >= 2 (McCoy),[],True
13a_2854,"[1,2]","[2,2]",u >= 2 (McCoy),[],True
13a_2861,"[1,2]","[2,2]",u >= 2 (McCoy),[],True
13a_2862,"[1,2]","[2,2]",u >= 2 (McCoy),[],True
13a_2863,"[1,2]","[2,2]",u >= 2 (McCoy),[],True
13a_2866,"[1,2]","[2,2]",u >= 2 (McCoy),[],True
13a_2868,"[1,2]","[2,2]",u >= 2 (McCoy),[],True
13a_2869,"[1,1]","[1,1]",u = 1,[3],True
13a_2873,"[1,2]","[2,2]",u >= 2 (McCoy),[],True
13a_2874,"[1,2]","[2,2]",u >= 2 (McCoy),[],True
13a_2875,"[1,2]","[2,2]",u >= 2 (McCoy),[],True
13a_2881,"[1,2]","[2,2]",u >= 2 (McCoy),[],True
13a_2882,"[1,3]","[2,3]",u >= 2 (McCoy),[],False
13a_2883,"[1,2]","[2,2]",u >= 2 (McCoy),[],True
13a_2886,"[1,3]","[2,3]",u >= 2 (McCoy),[],False
13a_2887,"[1,2]","[2,2]",u >= 2 (McCoy),[],True
13a_289,"[1,2]","[2,2]",u >= 2 (McCoy),[],True
13a_2892,"[1,2]","[2,2]",u >= 2 (McCoy),[],True
13a_2893,"[1,1]","[1,1]",u = 1,"[5,8]",True
13a_2897,"[1,3]","[2,3]",u >= 2 (McCoy),[],False
13a_2898,"[1,3]","[2,3]",u >= 2 (McCoy),[],False
13a_2899,"[1,2]","[2,2]",u >= 2 (McCoy),[],True
13a_290,"[1,3]","[2,3]",u >= 2 (McCoy),[],False
13a_2900,"[1,2]","[2,2]",u >= 2 (McCoy),[],True
13a_2902,"[1,2]","[2,2]",u >= 2 (McCoy),[],True
13a_2903,"[1,1]","[1,1]",u = 1,[0],True
13a_2904,"[1,1]","[1,1]",u = 1,[9],True
13a_2905,"[1,1]","[1,1]",u = 1,[4],True
13a_2907,"[1,3]","[2,3]",u >= 2 (McCoy),[],False
13a_2908,"[1,2]","[2,2]",u >= 2 (McCoy),[],True
13a_2910,"[1,3]","[2,3]",u >= 2 (McCoy),[],False
13a_2913,"[1,2]","[2,2]",u >= 2 (McCoy),[],True
13a_2914,"[1,2]","[2,2]",u >= 2 (McCoy),[],True
13a_2915,"[1,1]","[1,1]",u = 1,[4],True
13a_2916,"[1,2]","[2,2]",u >= 2 (McCoy),[],True
13a_2917,"[1,3]","[2,3]",u >= 2 (McCoy),[],False
13a_2918,"[1,1]","[1,1]",u = 1,[3],True
13a_2919,"[1,2]","[2,2]",u >= 2 (McCoy),[],True
13a_292,"[1,2]","[2,2]",u >= 2 (McCoy),[],True
13a_2920,"[1,2]","[2,2]",u >= 2 (McCoy),[],True
13a_2921,"[1,2]","[2,2]",u >= 2 (McCoy),[],True
13a_2926,"[1,2]","[2,2]",u >= 2 (McCoy),[],True
13a_2928,"[1,2]","[2,2]",u >= 2 (McCoy),[],True
13a_2929,"[1,2]","[2,2]",u >= 2 (McCoy),[],True
13a_2930,"[1,2]","[2,2]",u >= 2 (McCoy),[],True
13a_2932,"[1,2]","[2,2]",u >= 2 (McCoy),[],True
13a_2933,"[1,3]","[2,3]",u >= 2 (McCoy),[],False
13a_2936,"[1,2]","[2,2]",u >= 2 (McCoy),[],True
13a_2938,"[1,2]","[2,2]",u >= 2 (McCoy),[],True
13a_2939,"[1,2]","[2,2]",u >= 2 (McCoy),[],True
13a_294,"[1,3]","[2,3]",u >= 2 (McCoy),[],False
13a_2940,"[1,1]","[1,1]",u = 1,[0],True
13a_2941,"[1,2]","[2,2]",u >= 2 (McCoy),[],True
13a_2947,"[1,2]","[2,2]",u >= 2 (McCoy),[],True
13a_2952,"[1,2]","[2,2]",u >= 2 (McCoy),[],True
13a_2953,"[1,2]","[2,2]",u >= 2 (McCoy),[],True
13a_2956,"[1,2]","[2,2]",u >= 2 (McCoy),[],True
13a_2958,"[1,2]","[2,2]",u >= 2 (McCoy),[],True
13a_2959,"[1,2]","[2,2]",u >= 2 (McCoy),[],True
13a_296,"[1,2]","[2,2]",u >= 2 (McCoy),[],True
13a_2960,"[1,2]","[2,2]",u >= 2 (McCoy),[],True
13a_2963,"[1,1]","[1,1]",u = 1,[12],True
13a_2964,"[1,2]","[2,2]",u >= 2 (McCoy),[],True
13a_2966,"[1,1]","[1,1]",u = 1,[12],True
13a_2967,"[1,2]","[2,2]",u >= 2 (McCoy),[],True
13a_2968,"[1,1]","[1,1]",u = 1,[3],True
13a_2969,"[1,1]","[1,1]",u = 1,[3],True
13a_297,"[1,2]","[2,2]",u >= 2 (McCoy),[],True
13a_2971,"[1,2]","[2,2]",u >= 2 (McCoy),[],True
13a_2972,"[1,2]","[2,2]",u >= 2 (McCoy),[],True
13a_2973,"[1,2]","[2,2]",u >= 2 (McCoy),[],True
13a_2976,"[1,2]","[2,2]",u >= 2 (McCoy),[],True
13a_2978,"[1,2]","[2,2]",u >= 2 (McCoy),[],True
13a_298,"[1,2]","[2,2]",u >= 2 (McCoy),[],True
13a_2984,"[1,3]","[2,3]",u >= 2 (McCoy),[],False
13a_2986,"[1,2]","[2,2]",u >= 2 (McCoy),[],True
13a_2987,"[1,2]","[2,2]",u >= 2 (McCoy),[],True
13a_2988,"[1,3]","[2,3]",u >= 2 (McCoy),[],False
13a_2989,"[1,2]","[2,2]",u >= 2 (McCoy),[],True
13a_2991,"[1,3]","[2,3]",u >= 2 (McCoy),[],False
13a_2992,"[1,2]","[2,2]",u >= 2 (McCoy),[],True
13a_2993,"[1,2]","[2,2]",u >= 2 (McCoy),[],True
13a_2994,"[1,2]","[2,2]",u >= 2 (McCoy),[],True
13a_2995,"[1,1]","[1,1]",u = 1,[8],True
13a_2997,"[1,2]","[2,2]",u >= 2 (McCoy),[],True
13a_2998,"[1,2]","[2,2]",u >= 2 (McCoy),[],True
13a_2999,"[1,2]","[2,2]",u >= 2 (McCoy),[],True
13a_3,"[1,1]","[1,1]",u = 1,[12],True
13a_30,"[1,3]","[2,3]",u >= 2 (McCoy),[],False
13a_300,"[1,1]","[1,1]",u = 1,[8],True
13a_3000,"[1,2]","[2,2]",u >= 2 (McCoy),[],True
13a_3001,"[1,2]","[2,2]",u >= 2 (McCoy),[],True
13a_3002,"[1,2]","[2,2]",u >= 2 (McCoy),[],True
13a_3003,"[1,2]","[2,2]",u >= 2 (McCoy),[],True
13a_3004,"[1,2]","[2,2]",u >= 2 (McCoy),[],True
13a_3005,"[1,1]","[1,1]",u = 1,"[3,9]",True
13a_3009,"[1,1]","[1,1]",u = 1,"[3,7]",True
13a_301,"[1,1]","[1,1]",u = 1,[6],True
13a_3010,"[1,3]","[2,3]",u >= 2 (McCoy),[],False
13a_3011,"[1,2]","[2,2]",u >= 2 (McCoy),[],True
13a_3012,"[1,2]","[2,2]",u >= 2 (McCoy),[],True
13a_3013,"[1,1]","[1,1]",u = 1,[3],True
13a_3016,"[1,2]","[2,2]",u >= 2 (McCoy),[],True
13a_3017,"[1,1]","[1,1]",u = 1,[12],True
13a_302,"[1,3]","[2,3]",u >= 2 (McCoy),[],False
13a_3022,"[1,2]","[2,2]",u >= 2 (McCoy),[],True
13a_3024,"[1,2]","[2,2]",u >= 2 (McCoy),[],True
13a_3025,"[1,2]","[2,2]",u >= 2 (McCoy),[],True
13a_3026,"[1,1]","[1,1]",u = 1,"[5,6]",True
13a_3027,"[1,2]","[2,2]",u >= 2 (McCoy),[],True
13a_3028,"[1,2]","[2,2]",u >= 2 (McCoy),[],True
13a_303,"[1,3]","[2,3]",u >= 2 (McCoy),[],False
13a_3031,"[1,2]","[2,2]",u >= 2 (McCoy),[],True
13a_3032,"[1,2]","[2,2]",u >= 2 (McCoy),[],True
13a_3033,"[1,1]","[1,1]",u = 1,[0],True
13a_3034,"[1,3]","[2,3]",u >= 2 (McCoy),[],False
13a_3036,"[1,2]","[2,2]",u >= 2 (McCoy),[],True
13a_3037,"[1,2]","[2,2]",u >= 2 (McCoy),[],True
13a_3039,"[1,3]","[2,3]",u >= 2 (McCoy),[],False
13a_304,"[1,2]","[2,2]",u >= 2 (McCoy),[],True
13a_3041,"[1,2]","[2,2]",u >= 2 (McCoy),[],True
13a_3043,"[1,2]","[2,2]",u >= 2 (McCoy),[],True
13a_3044,"[1,4]","[2,3]",u >= 2 (McCoy),[],False
13a_3045,"[1,2]","[2,2]",u >= 2 (McCoy),[],True
13a_3047,"[1,2]","[2,2]",u >= 2 (McCoy),[],True
13a_3048,"[1,2]","[2,2]",u >= 2 (McCoy),[],True
13a_3049,"[1,1]","[1,1]",u = 1,[5],True
13a_3050,"[1,1]","[1,1]",u = 1,[5],True
13a_3051,"[1,2]","[2,2]",u >= 2 (McCoy),[],True
13a_3052,"[1,2]","[2,2]",u >= 2 (McCoy),[],True
13a_3053,"[1,2]","[2,2]",u >= 2 (McCoy),[],True
13a_3054,"[1,3]","[2,3]",u >= 2 (McCoy),[],False
13a_3055,"[1,2]","[2,2]",u >= 2 (McCoy),[],True
13a_3056,"[1,2]","[2,2]",u >= 2 (McCoy),[],True
13a_3057,"[1,2]","[2,2]",u >= 2 (McCoy),[],True
13a_3058,"[1,2]","[2,2]",u >= 2 (McCoy),[],True
13a_306,"[1,2]","[2,2]",u >= 2 (McCoy),[],True
13a_3061,"[1,1]","[1,1]",u = 1,"[3,12]",True
13a_3062,"[1,2]","[2,2]",u >= 2 (McCoy),[],True
13a_3064,"[1,2]","[2,2]",u >= 2 (McCoy),[],True
13a_3067,"[1,2]","[2,2]",u >= 2 (McCoy),[],True
13a_3068,"[1,2]","[2,2]",u >= 2 (McCoy),[],True
13a_3069,"[1,2]","[2,2]",u >= 2 (McCoy),[],True
13a_307,"[1,2]","[2,2]",u >= 2 (McCoy),[],True
13a_3070,"[1,2]","[2,2]",u >= 2 (McCoy),[],True
13a_3071,"[1,2]","[2,2]",u >= 2 (McCoy),[],True
13a_3072,"[1,3]","[2,3]",u >= 2 (McCoy),[],True
13a_3073,"[1,3]","[2,3]",u >= 2 (McCoy),[],False
13a_3074,"[1,2]","[2,2]",u >= 2 (McCoy),[],True
13a_3075,"[1,1]","[1,1]",u = 1,[3],True
13a_3076,"[1,1]","[1,1]",u = 1,[12],True
13a_3077,"[1,2]","[2,2]",u >= 2 (McCoy),[],True
13a_3078,"[1,2]","[2,2]",u >= 2 (McCoy),[],True
13a_3079,"[1,1]","[1,1]",u = 1,[8],True
13a_3080,"[1,2]","[2,2]",u >= 2 (McCoy),[],True
13a_3081,"[1,2]","[2,2]",u >= 2 (McCoy),[],True
13a_3082,"[1,1]","[1,1]",u = 1,"[5,12]",True
13a_3083,"[1,2]","[2,2]",u >= 2 (McCoy),[],True
13a_3084,"[1,2]","[2,2]",u >= 2 (McCoy),[],True
13a_3085,"[1,2]","[2,2]",u >= 2 (McCoy),[],True
13a_3086,"[1,2]","[2,2]",u >= 2 (McCoy),[],True
13a_3087,"[1,1]","[1,1]",u = 1,[7],True
13a_3088,"[1,2]","[2,2]",u >= 2 (McCoy),[],True
13a_309,"[1,2]","[2,2]",u >= 2 (McCoy),[],True
13a_3090,"[1,3]","[2,3]",u >= 2 (McCoy),[],False
13a_3091,"[1,2]","[2,2]",u >= 2 (McCoy),[],True
13a_31,"[1,2]","[2,2]",u >= 2 (McCoy),[],True
13a_310,"[1,2]","[2,2]",u >= 2 (McCoy),[],True
13a_3105,"[1,2]","[2,2]",u >= 2 (McCoy),[],True
13a_3106,"[1,1]","[1,1]",u = 1,[8],True
13a_3108,"[1,2]","[2,2]",u >= 2 (McCoy),[],True
13a_3118,"[1,3]","[2,3]",u >= 2 (McCoy),[],False
13a_3119,"[1,2]","[2,2]",u >= 2 (McCoy),[],True
13a_312,"[1,3]","[2,3]",u >= 2 (McCoy),[],False
13a_3122,"[1,2]","[2,2]",u >= 2 (McCoy),[],True
13a_313,"[1,2]","[2,2]",u >= 2 (McCoy),[],True
13a_3131,"[1,3]","[2,3]",u >= 2 (McCoy),[],False
13a_314,"[1,4]","[2,3]",u >= 2 (McCoy),[],False
13a_3143,"[1,1]","[1,1]",u = 1,"[1,2]",True
13a_3144,"[1,2]","[2,2]",u >= 2 (McCoy),[],True
13a_3145,"[1,2]","[2,2]",u >= 2 (McCoy),[],True
13a_3147,"[1,3]","[2,2]",u >= 2 (McCoy),[],False
13a_3148,"[1,2]","[2,2]",u >= 2 (McCoy),[],True
13a_3149,"[1,3]","[2,2]",u >= 2 (McCoy),[],False
13a_315,"[1,3]","[2,3]",u >= 2 (McCoy),[],False
13a_3150,"[1,1]","[1,1]",u = 1,"[0,4]",True
13a_3151,"[1,2]","[2,2]",u >= 2 (McCoy),[],True
13a_3153,"[1,2]","[2,2]",u >= 2 (McCoy),[],True
13a_3154,"[1,2]","[2,2]",u >= 2 (McCoy),[],True
13a_3155,"[1,2]","[2,2]",u >= 2 (McCoy),[],True
13a_3157,"[1,2]","[2,2]",u >= 2 (McCoy),[],True
13a_3159,"[1,3]","[2,3]",u >= 2 (McCoy),[],False
13a_316,"[1,2]","[2,2]",u >= 2 (McCoy),[],True
13a_3160,"[1,2]","[2,2]",u >= 2 (McCoy),[],True
13a_3161,"[1,3]","[2,3]",u >= 2 (McCoy),[],False
13a_3162,"[1,2]","[2,2]",u >= 2 (McCoy),[],True
13a_3163,"[1,2]","[2,2]",u >= 2 (McCoy),[],True
13a_3166,"[1,3]","[2,3]",u >= 2 (McCoy),[],False
13a_3168,"[1,3]","[2,3]",u >= 2 (McCoy),[],False
13a_317,"[1,2]","[2,2]",u >= 2 (McCoy),[],True
13a_3170,"[1,3]","[2,3]",u >= 2 (McCoy),[],False
13a_3171,"[1,2]","[2,2]",u >= 2 (McCoy),[],True
13a_3172,"[1,3]","[2,3]",u >= 2 (McCoy),[],False
13a_3174,"[1,3]","[2,3]",u >= 2 (McCoy),[],False
13a_3175,"[1,3]","[2,3]",u >= 2 (McCoy),[],False
13a_3177,"[1,3]","[2,2]",u >= 2 (McCoy),[],False
13a_3178,"[1,2]","[2,2]",u >= 2 (McCoy),[],True
13a_3179,"[1,3]","[2,3]",u >= 2 (McCoy),[],False
13a_3180,"[1,2]","[2,2]",u >= 2 (McCoy),[],True
13a_3181,"[1,2]","[2,2]",u >= 2 (McCoy),[],True
13a_3183,"[1,2]","[2,2]",u >= 2 (McCoy),[],True
13a_3184,"[1,3]","[2,2]",u >= 2 (McCoy),[],False
13a_3185,"[1,2]","[2,2]",u >= 2 (McCoy),[],True
13a_3186,"[1,2]","[2,2]",u >= 2 (McCoy),[],True
13a_3187,"[1,3]","[2,3]",u >= 2 (McCoy),[],False
13a_3189,"[1,3]","[2,3]",u >= 2 (McCoy),[],False
13a_319,"[1,3]","[2,3]",u >= 2 (McCoy),[],False
13a_3191,"[1,3]","[2,3]",u >= 2 (McCoy),[],False
13a_3193,"[1,2]","[2,2]",u >= 2 (McCoy),[],True
13a_3194,"[1,2]","[2,2]",u >= 2 (McCoy),[],True
13a_3195,"[1,2]","[2,2]",u >= 2 (McCoy),[],True
13a_3197,"[1,2]","[2,2]",u >= 2 (McCoy),[],True
13a_3198,"[1,3]","[2,3]",u >= 2 (McCoy),[],False
13a_3199,"[1,2]","[2,2]",u >= 2 (McCoy),[],True
13a_320,"[1,3]","[2,3]",u >= 2 (McCoy),[],False
13a_3201,"[1,1]","[1,1]",u = 1,[1],True
13a_3202,"[1,2]","[2,2]",u >= 2 (McCoy),[],True
13a_3203,"[1,2]","[2,2]",u >= 2 (McCoy),[],True
13a_3205,"[1,3]","[2,3]",u >= 2 (McCoy),[],False
13a_3207,"[1,2]","[2,2]",u >= 2 (McCoy),[],True
13a_3208,"[1,2]","[2,2]",u >= 2 (McCoy),[],True
13a_3209,"[1,1]","[1,1]",u = 1,[8],True
13a_321,"[1,2]","[2,2]",u >= 2 (McCoy),[],True
13a_3211,"[1,2]","[2,2]",u >= 2 (McCoy),[],True
13a_3213,"[1,1]","[1,1]",u = 1,[7],True
13a_3214,"[1,2]","[2,2]",u >= 2 (McCoy),[],True
13a_3215,"[1,2]","[2,2]",u >= 2 (McCoy),[],True
13a_3218,"[1,2]","[2,2]",u >= 2 (McCoy),[],True
13a_322,"[1,2]","[2,2]",u >= 2 (McCoy),[],True
13a_3220,"[1,3]","[2,3]",u >= 2 (McCoy),[],False
13a_3221,"[1,2]","[2,2]",u >= 2 (McCoy),[],True
13a_3223,"[1,2]","[2,2]",u >= 2 (McCoy),[],True
13a_3227,"[1,2]","[2,2]",u >= 2 (McCoy),[],True
13a_3228,"[1,2]","[2,2]",u >= 2 (McCoy),[],True
13a_3229,"[1,3]","[2,3]",u >= 2 (McCoy),[],False
13a_323,"[1,2]","[2,2]",u >= 2 (McCoy),[],True
13a_3231,"[1,1]","[1,1]",u = 1,[6],True
13a_3233,"[1,3]","[2,3]",u >= 2 (McCoy),[],False
13a_3235,"[1,2]","[2,2]",u >= 2 (McCoy),[],True
13a_3236,"[1,3]","[2,2]",u >= 2 (McCoy),[],False
13a_3237,"[1,2]","[2,2]",u >= 2 (McCoy),[],True
13a_3239,"[1,2]","[2,2]",u >= 2 (McCoy),[],True
13a_324,"[1,2]","[2,2]",u >= 2 (McCoy),[],True
13a_3240,"[1,2]","[2,2]",u >= 2 (McCoy),[],True
13a_3241,"[1,3]","[2,3]",u >= 2 (McCoy),[],False
13a_3242,"[1,2]","[2,2]",u >= 2 (McCoy),[],True
13a_3245,"[1,1]","[1,1]",u = 1,[8],True
13a_3246,"[1,2]","[2,2]",u >= 2 (McCoy),[],True
13a_3247,"[1,2]","[2,2]",u >= 2 (McCoy),[],True
13a_3249,"[1,3]","[2,3]",u >= 2 (McCoy),[],False
13a_325,"[1,2]","[2,2]",u >= 2 (McCoy),[],True
13a_3250,"[1,2]","[2,2]",u >= 2 (McCoy),[],True
13a_3251,"[1,3]","[2,3]",u >= 2 (McCoy),[],False
13a_3252,"[1,2]","[2,2]",u >= 2 (McCoy),[],True
13a_3253,"[1,2]","[2,2]",u >= 2 (McCoy),[],True
13a_3256,"[1,3]","[2,3]",u >= 2 (McCoy),[],False
13a_3257,"[1,3]","[2,3]",u >= 2 (McCoy),[],False
13a_3258,"[1,2]","[2,2]",u >= 2 (McCoy),[],True
13a_326,"[1,3]","[2,3]",u >= 2 (McCoy),[],False
13a_3260,"[1,3]","[2,3]",u >= 2 (McCoy),[],False
13a_3263,"[1,2]","[2,2]",u >= 2 (McCoy),[],True
13a_3264,"[1,2]","[2,2]",u >= 2 (McCoy),[],True
13a_3266,"[1,2]","[2,2]",u >= 2 (McCoy),[],True
13a_3267,"[1,2]","[2,2]",u >= 2 (McCoy),[],True
13a_3268,"[1,3]","[2,2]",u >= 2 (McCoy),[],False
13a_3269,"[1,3]","[2,3]",u >= 2 (McCoy),[],False
13a_327,"[1,3]","[2,3]",u >= 2 (McCoy),[],False
13a_3271,"[1,2]","[2,2]",u >= 2 (McCoy),[],True
13a_3272,"[1,2]","[2,2]",u >= 2 (McCoy),[],True
13a_3273,"[1,1]","[1,1]",u = 1,[8],True
13a_3274,"[1,3]","[2,3]",u >= 2 (McCoy),[],False
13a_3275,"[1,2]","[2,2]",u >= 2 (McCoy),[],True
13a_3276,"[1,2]","[2,2]",u >= 2 (McCoy),[],True
13a_3279,"[1,2]","[2,2]",u >= 2 (McCoy),[],True
13a_328,"[1,2]","[2,2]",u >= 2 (McCoy),[],True
13a_3281,"[1,3]","[2,3]",u >= 2 (McCoy),[],False
13a_3282,"[1,2]","[2,2]",u >= 2 (McCoy),[],True
13a_3284,"[1,1]","[1,1]",u = 1,[6],True
13a_3285,"[1,2]","[2,2]",u >= 2 (McCoy),[],True
13a_3286,"[1,2]","[2,2]",u >= 2 (McCoy),[],True
13a_3287,"[1,2]","[2,2]",u >= 2 (McCoy),[],True
13a_3288,"[1,2]","[2,2]",u >= 2 (McCoy),[],True
13a_3290,"[1,2]","[2,2]",u >= 2 (McCoy),[],True
13a_3291,"[1,2]","[2,2]",u >= 2 (McCoy),[],True
13a_3293,"[1,2]","[2,2]",u >= 2 (McCoy),[],True
13a_3294,"[1,2]","[2,2]",u >= 2 (McCoy),[],True
13a_3295,"[1,2]","[2,2]",u >= 2 (McCoy),[],True
13a_3296,"[1,2]","[2,2]",u >= 2 (McCoy),[],True
13a_3298,"[1,2]","[2,2]",u >= 2 (McCoy),[],True
13a_3299,"[1,3]","[2,3]",u >= 2 (McCoy),[],False
13a_33,"[1,2]","[2,2]",u >= 2 (McCoy),[],True
13a_3300,"[1,2]","[2,2]",u >= 2 (McCoy),[],True
13a_3302,"[1,3]","[2,3]",u >= 2 (McCoy),[],False
13a_3303,"[1,2]","[2,2]",u >= 2 (McCoy),[],True
13a_3305,"[1,2]","[2,2]",u >= 2 (McCoy),[],True
13a_3306,"[1,2]","[2,2]",u >= 2 (McCoy),[],True
13a_3307,"[1,1]","[1,1]",u = 1,[5],True
13a_3311,"[1,1]","[1,1]",u = 1,[12],True
13a_3312,"[1,2]","[2,2]",u >= 2 (McCoy),[],True
13a_3313,"[1,2]","[2,2]",u >= 2 (McCoy),[],True
13a_3314,"[1,1]","[1,1]",u = 1,[12],True
13a_3315,"[1,2]","[2,2]",u >= 2 (McCoy),[],True
13a_3317,"[1,2]","[2,2]",u >= 2 (McCoy),[],True
13a_3318,"[1,2]","[2,2]",u >= 2 (McCoy),[],True
13a_3319,"[1,2]","[2,2]",u >= 2 (McCoy),[],True
13a_332,"[1,1]","[1,1]",u = 1,[8],True
13a_3320,"[1,2]","[2,2]",u >= 2 (McCoy),[],True
13a_3321,"[1,2]","[2,2]",u >= 2 (McCoy),[],True
13a_3322,"[1,2]","[2,2]",u >= 2 (McCoy),[],True
13a_3323,"[1,2]","[2,2]",u >= 2 (McCoy),[],True
13a_3324,"[1,2]","[2,2]",u >= 2 (McCoy),[],True
13a_3325,"[1,3]","[2,3]",u >= 2 (McCoy),[],False
13a_3328,"[1,2]","[2,2]",u >= 2 (McCoy),[],True
13a_3332,"[1,2]","[2,2]",u >= 2 (McCoy),[],True
13a_3333,"[1,3]","[2,3]",u >= 2 (McCoy),[],False
13a_3339,"[1,2]","[2,2]",u >= 2 (McCoy),[],True
13a_334,"[1,2]","[2,2]",u >= 2 (McCoy),[],True
13a_3341,"[1,2]","[2,2]",u >= 2 (McCoy),[],True
13a_3343,"[1,3]","[2,3]",u >= 2 (McCoy),[],False
13a_3345,"[1,2]","[2,2]",u >= 2 (McCoy),[],True
13a_3346,"[1,3]","[2,3]",u >= 2 (McCoy),[],False
13a_3347,"[1,2]","[2,2]",u >= 2 (McCoy),[],True
13a_3348,"[1,2]","[2,2]",u >= 2 (McCoy),[],True
13a_3349,"[1,2]","[2,2]",u >= 2 (McCoy),[],True
13a_335,"[1,1]","[1,1]",u = 1,[8],True
13a_3350,"[1,2]","[2,2]",u >= 2 (McCoy),[],True
13a_3351,"[1,2]","[2,2]",u >= 2 (McCoy),[],True
13a_3352,"[1,2]","[2,2]",u >= 2 (McCoy),[],True
13a_3353,"[1,1]","[1,1]",u = 1,[5],True
13a_3354,"[1,3]","[2,3]",u >= 2 (McCoy),[],False
13a_3355,"[1,2]","[2,2]",u >= 2 (McCoy),[],True
13a_3356,"[1,2]","[2,2]",u >= 2 (McCoy),[],True
13a_3357,"[1,2]","[2,2]",u >= 2 (McCoy),[],True
13a_336,"[1,3]","[2,3]",u >= 2 (McCoy),[],False
13a_3361,"[1,1]","[1,1]",u = 1,[4],True
13a_3362,"[1,1]","[1,1]",u = 1,[5],True
13a_3363,"[1,2]","[2,2]",u >= 2 (McCoy),[],True
13a_3365,"[1,2]","[2,2]",u >= 2 (McCoy),[],True
13a_3367,"[1,2]","[2,2]",u >= 2 (McCoy),[],True
13a_3370,"[1,2]","[2,2]",u >= 2 (McCoy),[],True
13a_3372,"[1,2]","[2,2]",u >= 2 (McCoy),[],True
13a_3373,"[1,3]","[2,3]",u >= 2 (McCoy),[],False
13a_3374,"[1,2]","[2,2]",u >= 2 (McCoy),[],True
13a_3375,"[1,2]","[2,2]",u >= 2 (McCoy),[],True
13a_338,"[1,3]","[2,3]",u >= 2 (McCoy),[],False
13a_3382,"[1,2]","[2,2]",u >= 2 (McCoy),[],True
13a_3384,"[1,1]","[1,1]",u = 1,[4],True
13a_3385,"[1,2]","[2,2]",u >= 2 (McCoy),[],True
13a_3386,"[1,2]","[2,2]",u >= 2 (McCoy),[],True
13a_3387,"[1,2]","[2,2]",u >= 2 (McCoy),[],True
13a_3388,"[1,2]","[2,2]",u >= 2 (McCoy),[],True
13a_3389,"[1,2]","[2,2]",u >= 2 (McCoy),[],True
13a_339,"[1,4]","[2,3]",u >= 2 (McCoy),[],False
13a_3390,"[1,2]","[2,2]",u >= 2 (McCoy),[],True
13a_3392,"[1,2]","[2,2]",u >= 2 (McCoy),[],True
13a_3393,"[1,2]","[2,2]",u >= 2 (McCoy),[],True
13a_3395,"[1,2]","[2,2]",u >= 2 (McCoy),[],True
13a_3396,"[1,2]","[2,2]",u >= 2 (McCoy),[],True
13a_3398,"[1,2]","[2,2]",u >= 2 (McCoy),[],True
13a_3399,"[1,2]","[2,2]",u >= 2 (McCoy),[],True
13a_34,"[1,3]","[2,3]",u >= 2 (McCoy),[],False
13a_340,"[1,2]","[2,2]",u >= 2 (McCoy),[],True
13a_3400,"[1,2]","[2,2]",u >= 2 (McCoy),[],True
13a_3401,"[1,2]","[2,2]",u >= 2 (McCoy),[],True
13a_3402,"[1,2]","[2,2]",u >= 2 (McCoy),[],True
13a_3403,"[1,2]","[2,2]",u >= 2 (McCoy),[],True
13a_3404,"[1,2]","[2,2]",u >= 2 (McCoy),[],True
13a_3406,"[1,2]","[2,2]",u >= 2 (McCoy),[],True
13a_3407,"[1,3]","[2,3]",u >= 2 (McCoy),[],False
13a_3408,"[1,3]","[2,3]",u >= 2 (McCoy),[],False
13a_3410,"[1,2]","[2,2]",u >= 2 (McCoy),[],True
13a_3411,"[1,2]","[2,2]",u >= 2 (McCoy),[],True
13a_3412,"[1,2]","[2,2]",u >= 2 (McCoy),[],True
13a_3413,"[1,3]","[2,3]",u >= 2 (McCoy),[],False
13a_3414,"[1,2]","[2,2]",u >= 2 (McCoy),[],True
13a_3415,"[1,2]","[2,2]",u >= 2 (McCoy),[],True
13a_3416,"[1,2]","[2,2]",u >= 2 (McCoy),[],True
13a_3417,"[1,3]","[2,3]",u >= 2 (McCoy),[],False
13a_3418,"[1,2]","[2,2]",u >= 2 (McCoy),[],True
13a_342,"[1,2]","[2,2]",u >= 2 (McCoy),[],True
13a_3420,"[1,2]","[2,2]",u >= 2 (McCoy),[],True
13a_3421,"[1,3]","[2,3]",u >= 2 (McCoy),[],False
13a_3422,"[1,2]","[2,2]",u >= 2 (McCoy),[],True
13a_3423,"[1,2]","[2,2]",u >= 2 (McCoy),[],True
13a_3424,"[1,2]","[2,2]",u >= 2 (McCoy),[],True
13a_3426,"[1,2]","[2,2]",u >= 2 (McCoy),[],True
13a_3427,"[1,2]","[2,2]",u >= 2 (McCoy),[],True
13a_3428,"[1,2]","[2,2]",u >= 2 (McCoy),[],True
13a_3429,"[1,2]","[2,2]",u >= 2 (McCoy),[],True
13a_343,"[1,2]","[2,2]",u >= 2 (McCoy),[],True
13a_3430,"[1,2]","[2,2]",u >= 2 (McCoy),[],True
13a_3432,"[1,1]","[1,1]",u = 1,[1],True
13a_3433,"[1,2]","[2,2]",u >= 2 (McCoy),[],True
13a_3434,"[1,1]","[1,1]",u = 1,[1],True
13a_3436,"[1,2]","[2,2]",u >= 2 (McCoy),[],True
13a_3437,"[1,1]","[1,1]",u = 1,[3],True
13a_3438,"[1,1]","[1,1]",u = 1,[2],True
13a_3439,"[1,2]","[2,2]",u >= 2 (McCoy),[],True
13a_344,"[1,2]","[2,2]",u >= 2 (McCoy),[],True
13a_3440,"[1,2]","[2,2]",u >= 2 (McCoy),[],True
13a_3441,"[1,2]","[2,2]",u >= 2 (McCoy),[],True
13a_3442,"[1,1]","[1,1]",u = 1,[11],True
13a_3443,"[1,2]","[2,2]",u >= 2 (McCoy),[],True
13a_3445,"[1,2]","[2,2]",u >= 2 (McCoy),[],True
13a_3447,"[1,1]","[1,1]",u = 1,[1],True
13a_3448,"[1,2]","[2,2]",u >= 2 (McCoy),[],True
13a_345,"[1,2]","[2,2]",u >= 2 (McCoy),[],True
13a_3450,"[1,2]","[2,2]",u >= 2 (McCoy),[],True
13a_3451,"[1,3]","[2,3]",u >= 2 (McCoy),[],False
13a_3452,"[1,3]","[2,3]",u >= 2 (McCoy),[],False
13a_3454,"[1,2]","[2,2]",u >= 2 (McCoy),[],True
13a_3455,"[1,2]","[2,2]",u >= 2 (McCoy),[],True
13a_3456,"[1,2]","[2,2]",u >= 2 (McCoy),[],True
13a_3459,"[1,2]","[2,2]",u >= 2 (McCoy),[],True
13a_346,"[1,2]","[2,2]",u >= 2 (McCoy),[],True
13a_3463,"[1,2]","[2,2]",u >= 2 (McCoy),[],True
13a_3465,"[1,2]","[2,2]",u >= 2 (McCoy),[],True
13a_3466,"[1,2]","[2,2]",u >= 2 (McCoy),[],True
13a_3467,"[1,1]","[1,1]",u = 1,[3],True
13a_3468,"[1,2]","[2,2]",u >= 2 (McCoy),[],True
13a_3469,"[1,2]","[2,2]",u >= 2 (McCoy),[],True
13a_347,"[1,2]","[2,2]",u >= 2 (McCoy),[],True
13a_3470,"[1,2]","[2,2]",u >= 2 (McCoy),[],True
13a_3471,"[1,2]","[2,2]",u >= 2 (McCoy),[],True
13a_3472,"[1,2]","[2,2]",u >= 2 (McCoy),[],True
13a_3473,"[1,2]","[2,2]",u >= 2 (McCoy),[],True
13a_3474,"[1,2]","[2,2]",u >= 2 (McCoy),[],True
13a_3475,"[1,2]","[2,2]",u >= 2 (McCoy),[],True
13a_3476,"[1,3]","[2,3]",u >= 2 (McCoy),[],False
13a_3477,"[1,2]","[2,2]",u >= 2 (McCoy),[],True
13a_3478,"[1,2]","[2,2]",u >= 2 (McCoy),[],True
13a_3479,"[1,2]","[2,2]",u >= 2 (McCoy),[],True
13a_348,"[1,2]","[2,2]",u >= 2 (McCoy),[],True
13a_3480,"[1,2]","[2,2]",u >= 2 (McCoy),[],True
13a_3481,"[1,2]","[2,2]",u >= 2 (McCoy),[],True
13a_3483,"[1,2]","[2,2]",u >= 2 (McCoy),[],True
13a_3484,"[1,2]","[2,2]",u >= 2 (McCoy),[],True
13a_3485,"[1,2]","[2,2]",u >= 2 (McCoy),[],True
13a_3486,"[1,1]","[1,1]",u = 1,[1],True
13a_3487,"[1,1]","[1,1]",u = 1,[3],True
13a_3488,"[1,2]","[2,2]",u >= 2 (McCoy),[],True
13a_3489,"[1,1]","[1,1]",u = 1,[12],True
13a_349,"[1,2]","[2,2]",u >= 2 (McCoy),[],True
13a_3490,"[1,2]","[2,2]",u >= 2 (McCoy),[],True
13a_3491,"[1,2]","[2,2]",u >= 2 (McCoy),[],True
13a_3492,"[1,2]","[2,2]",u >= 2 (McCoy),[],True
13a_3494,"[1,2]","[2,2]",u >= 2 (McCoy),[],True
13a_3495,"[1,3]","[2,3]",u >= 2 (McCoy),[],False
13a_3496,"[1,3]","[2,3]",u >= 2 (McCoy),[],False
13a_3499,"[1,2]","[2,2]",u >= 2 (McCoy),[],True
13a_350,"[1,3]","[2,3]",u >= 2 (McCoy),[],False
13a_3500,"[1,2]","[2,2]",u >= 2 (McCoy),[],True
13a_3501,"[1,2]","[2,2]",u >= 2 (McCoy),[],True
13a_3502,"[1,2]","[2,2]",u >= 2 (McCoy),[],True
13a_3503,"[1,2]","[2,2]",u >= 2 (McCoy),[],True
13a_3504,"[1,3]","[2,3]",u >= 2 (McCoy),[],False
13a_3505,"[1,2]","[2,2]",u >= 2 (McCoy),[],True
13a_3507,"[1,2]","[2,2]",u >= 2 (McCoy),[],True
13a_3508,"[1,2]","[2,2]",u >= 2 (McCoy),[],True
13a_3509,"[1,2]","[2,2]",u >= 2 (McCoy),[],True
13a_3510,"[1,2]","[2,2]",u >= 2 (McCoy),[],True
13a_3511,"[1,3]","[2,3]",u >= 2 (McCoy),[],False
13a_3513,"[1,2]","[2,2]",u >= 2 (McCoy),[],True
13a_3516,"[1,2]","[2,2]",u >= 2 (McCoy),[],True
13a_3517,"[1,2]","[2,2]",u >= 2 (McCoy),[],True
13a_3518,"[1,2]","[2,2]",u >= 2 (McCoy),[],True
13a_3519,"[1,2]","[2,2]",u >= 2 (McCoy),[],True
13a_352,"[1,2]","[2,2]",u >= 2 (McCoy),[],True
13a_3521,"[1,2]","[2,2]",u >= 2 (McCoy),[],True
13a_3522,"[1,2]","[2,2]",u >= 2 (McCoy),[],True
13a_3523,"[1,1]","[1,1]",u = 1,[3],True
13a_3524,"[1,2]","[2,2]",u >= 2 (McCoy),[],True
13a_3525,"[1,2]","[2,2]",u >= 2 (McCoy),[],True
13a_3526,"[1,2]","[2,2]",u >= 2 (McCoy),[],True
13a_3527,"[1,2]","[2,2]",u >= 2 (McCoy),[],True
13a_3528,"[1,2]","[2,2]",u >= 2 (McCoy),[],True
13a_3529,"[1,3]","[2,3]",u >= 2 (McCoy),[],False
13a_353,"[1,3]","[2,3]",u >= 2 (McCoy),[],False
13a_3532,"[1,2]","[2,2]",u >= 2 (McCoy),[],True
13a_3533,"[1,2]","[2,2]",u >= 2 (McCoy),[],True
13a_3534,"[1,2]","[2,2]",u >= 2 (McCoy),[],True
13a_3535,"[1,2]","[2,2]",u >= 2 (McCoy),[],True
13a_3537,"[1,2]","[2,2]",u >= 2 (McCoy),[],True
13a_3538,"[1,2]","[2,2]",u >= 2 (McCoy),[],True
13a_3539,"[1,2]","[2,2]",u >= 2 (McCoy),[],True
13a_3540,"[1,2]","[2,2]",u >= 2 (McCoy),[],True
13a_3541,"[1,2]","[2,2]",u >= 2 (McCoy),[],True
13a_3542,"[1,1]","[1,1]",u = 1,[0],True
13a_3543,"[1,2]","[2,2]",u >= 2 (McCoy),[],True
13a_3545,"[1,2]","[2,2]",u >= 2 (McCoy),[],True
13a_3547,"[1,1]","[1,1]",u = 1,[4],True
13a_3548,"[1,2]","[2,2]",u >= 2 (McCoy),[],True
13a_3549,"[1,3]","[2,3]",u >= 2 (McCoy),[],False
13a_3550,"[1,2]","[2,2]",u >= 2 (McCoy),[],True
13a_3552,"[1,1]","[1,1]",u = 1,[9],True
13a_3554,"[1,2]","[2,2]",u >= 2 (McCoy),[],True
13a_3555,"[1,2]","[2,2]",u >= 2 (McCoy),[],True
13a_3556,"[1,2]","[2,2]",u >= 2 (McCoy),[],True
13a_3557,"[1,2]","[2,2]",u >= 2 (McCoy),[],True
13a_3558,"[1,2]","[2,2]",u >= 2 (McCoy),[],True
13a_3559,"[1,2]","[2,2]",u >= 2 (McCoy),[],True
13a_356,"[1,2]","[2,2]",u >= 2 (McCoy),[],True
13a_3560,"[1,3]","[2,3]",u >= 2 (McCoy),[],False
13a_3561,"[1,3]","[2,3]",u >= 2 (McCoy),[],False
13a_3562,"[1,3]","[2,3]",u >= 2 (McCoy),[],False
13a_3563,"[1,2]","[2,2]",u >= 2 (McCoy),[],True
13a_3565,"[1,2]","[2,2]",u >= 2 (McCoy),[],True
13a_3566,"[1,2]","[2,2]",u >= 2 (McCoy),[],True
13a_3568,"[1,3]","[2,3]",u >= 2 (McCoy),[],False
13a_3569,"[1,2]","[2,2]",u >= 2 (McCoy),[],True
13a_3570,"[1,2]","[2,2]",u >= 2 (McCoy),[],True
13a_3571,"[1,2]","[2,2]",u >= 2 (McCoy),[],True
13a_3572,"[1,1]","[1,1]",u = 1,[9],True
13a_3573,"[1,2]","[2,2]",u >= 2 (McCoy),[],True
13a_3574,"[1,2]","[2,2]",u >= 2 (McCoy),[],True
13a_3575,"[1,2]","[2,2]",u >= 2 (McCoy),[],True
13a_3576,"[1,2]","[2,2]",u >= 2 (McCoy),[],True
13a_3578,"[1,2]","[2,2]",u >= 2 (McCoy),[],True
13a_3580,"[1,2]","[2,2]",u >= 2 (McCoy),[],True
13a_3581,"[1,3]","[2,3]",u >= 2 (McCoy),[],False
13a_3584,"[1,1]","[1,1]",u = 1,[9],True
13a_3585,"[1,2]","[2,2]",u >= 2 (McCoy),[],True
13a_3586,"[1,2]","[2,2]",u >= 2 (McCoy),[],True
13a_359,"[1,3]","[2,3]",u >= 2 (McCoy),[],False
13a_3591,"[1,1]","[1,1]",u = 1,[12],True
13a_3592,"[1,2]","[2,2]",u >= 2 (McCoy),[],True
13a_3597,"[1,3]","[2,3]",u >= 2 (McCoy),[],False
13a_3598,"[1,2]","[2,2]",u >= 2 (McCoy),[],True
13a_36,"[1,2]","[2,2]",u >= 2 (McCoy),[],True
13a_360,"[1,3]","[2,3]",u >= 2 (McCoy),[],False
13a_3606,"[1,2]","[2,2]",u >= 2 (McCoy),[],True
13a_3607,"[1,3]","[2,3]",u >= 2 (McCoy),[],True
13a_3608,"[1,3]","[2,3]",u >= 2 (McCoy),[],False
13a_361,"[1,2]","[2,2]",u >= 2 (McCoy),[],True
13a_3610,"[1,2]","[2,2]",u >= 2 (McCoy),[],True
13a_3611,"[1,2]","[2,2]",u >= 2 (McCoy),[],True
13a_3612,"[1,2]","[2,2]",u >= 2 (McCoy),[],True
13a_3613,"[1,3]","[2,3]",u >= 2 (McCoy),[],False
13a_3614,"[1,2]","[2,2]",u >= 2 (McCoy),[],True
13a_3615,"[1,2]","[2,2]",u >= 2 (McCoy),[],True
13a_3618,"[1,2]","[2,2]",u >= 2 (McCoy),[],True
13a_3619,"[1,1]","[1,1]",u = 1,[6],True
13a_362,"[1,2]","[2,2]",u >= 2 (McCoy),[],True
13a_3620,"[1,2]","[2,2]",u >= 2 (McCoy),[],True
13a_3621,"[1,2]","[2,2]",u >= 2 (McCoy),[],True
13a_3622,"[1,2]","[2,2]",u >= 2 (McCoy),[],True
13a_3623,"[1,2]","[2,2]",u >= 2 (McCoy),[],True
13a_3624,"[1,2]","[2,2]",u >= 2 (McCoy),[],True
13a_3625,"[1,2]","[2,2]",u >= 2 (McCoy),[],True
13a_3626,"[1,2]","[2,2]",u >= 2 (McCoy),[],True
13a_3627,"[1,2]","[2,2]",u >= 2 (McCoy),[],True
13a_3628,"[1,1]","[1,1]",u = 1,[0],True
13a_3629,"[1,2]","[2,2]",u >= 2 (McCoy),[],True
13a_3630,"[1,2]","[2,2]",u >= 2 (McCoy),[],True
13a_3631,"[1,2]","[2,2]",u >= 2 (McCoy),[],True
13a_3632,"[1,2]","[2,2]",u >= 2 (McCoy),[],True
13a_3634,"[1,1]","[1,1]",u = 1,[4],True
13a_3635,"[1,2]","[2,2]",u >= 2 (McCoy),[],True
13a_3636,"[1,2]","[2,2]",u >= 2 (McCoy),[],True
13a_3638,"[1,2]","[2,2]",u >= 2 (McCoy),[],True
13a_3639,"[1,2]","[2,2]",u >= 2 (McCoy),[],True
13a_3641,"[1,2]","[2,2]",u >= 2 (McCoy),[],True
13a_3642,"[1,2]","[2,2]",u >= 2 (McCoy),[],True
13a_3643,"[1,2]","[2,2]",u >= 2 (McCoy),[],True
13a_3644,"[1,2]","[2,2]",u >= 2 (McCoy),[],True
13a_3646,"[1,2]","[2,2]",u >= 2 (McCoy),[],True
13a_3647,"[1,2]","[2,2]",u >= 2 (McCoy),[],True
13a_3648,"[1,2]","[2,2]",u >= 2 (McCoy),[],True
13a_3649,"[1,2]","[2,2]",u >= 2 (McCoy),[],True
13a_365,"[1,3]","[2,3]",u >= 2 (McCoy),[],False
13a_3650,"[1,1]","[1,1]",u = 1,[12],True
13a_3652,"[1,2]","[2,2]",u >= 2 (McCoy),[],True
13a_3654,"[1,2]","[2,2]",u >= 2 (McCoy),[],True
13a_3655,"[1,1]","[1,1]",u = 1,[4],True
13a_3656,"[1,2]","[2,2]",u >= 2 (McCoy),[],True
13a_3657,"[1,2]","[2,2]",u >= 2 (McCoy),[],True
13a_3658,"[1,1]","[1,1]",u = 1,[8],True
13a_3659,"[1,2]","[2,2]",u >= 2 (McCoy),[],True
13a_366,"[1,2]","[2,2]",u >= 2 (McCoy),[],True
13a_3660,"[1,2]","[2,2]",u >= 2 (McCoy),[],True
13a_3661,"[1,2]","[2,2]",u >= 2 (McCoy),[],True
13a_3662,"[1,2]","[2,2]",u >= 2 (McCoy),[],True
13a_3663,"[1,2]","[2,2]",u >= 2 (McCoy),[],True
13a_3664,"[1,2]","[2,2]",u >= 2 (McCoy),[],True
13a_3665,"[1,2]","[2,2]",u >= 2 (McCoy),[],True
13a_3668,"[1,2]","[2,2]",u >= 2 (McCoy),[],True
13a_3669,"[1,2]","[2,2]",u >= 2 (McCoy),[],True
13a_367,"[1,3]","[2,3]",u >= 2 (McCoy),[],False
13a_3670,"[1,2]","[2,2]",u >= 2 (McCoy),[],True
13a_3671,"[1,1]","[1,1]",u = 1,"[5,8]",True
13a_3672,"[1,1]","[1,1]",u = 1,[8],True
13a_3673,"[1,2]","[2,2]",u >= 2 (McCoy),[],True
13a_3674,"[1,2]","[2,2]",u >= 2 (McCoy),[],True
13a_3675,"[1,2]","[2,2]",u >= 2 (McCoy),[],True
13a_3676,"[1,2]","[2,2]",u >= 2 (McCoy),[],True
13a_3677,"[1,1]","[1,1]",u = 1,[5],True
13a_3678,"[1,2]","[2,2]",u >= 2 (McCoy),[],True
13a_3679,"[1,2]","[2,2]",u >= 2 (McCoy),[],True
13a_3680,"[1,1]","[1,1]",u = 1,[6],True
13a_3681,"[1,2]","[2,2]",u >= 2 (McCoy),[],True
13a_3682,"[1,2]","[2,2]",u >= 2 (McCoy),[],True
13a_3683,"[1,1]","[1,1]",u = 1,[8],True
13a_3684,"[1,1]","[1,1]",u = 1,"[3,10]",True
13a_3692,"[1,3]","[2,3]",u >= 2 (McCoy),[],False
13a_3694,"[1,3]","[2,3]",u >= 2 (McCoy),[],False
13a_3695,"[1,2]","[2,2]",u >= 2 (McCoy),[],True
13a_3696,"[1,2]","[2,2]",u >= 2 (McCoy),[],True
13a_3699,"[1,2]","[2,2]",u >= 2 (McCoy),[],True
13a_37,"[1,2]","[2,2]",u >= 2 (McCoy),[],True
13a_3700,"[1,2]","[2,2]",u >= 2 (McCoy),[],True
13a_3701,"[1,3]","[2,3]",u >= 2 (McCoy),[],False
13a_3702,"[1,2]","[2,2]",u >= 2 (McCoy),[],True
13a_3706,"[1,3]","[2,3]",u >= 2 (McCoy),[],False
13a_3708,"[1,1]","[1,1]",u = 1,[2],True
13a_3709,"[1,2]","[2,2]",u >= 2 (McCoy),[],True
13a_371,"[1,3]","[2,3]",u >= 2 (McCoy),[],False
13a_3710,"[1,2]","[2,2]",u >= 2 (McCoy),[],True
13a_3711,"[1,2]","[2,2]",u >= 2 (McCoy),[],True
13a_3717,"[1,2]","[2,2]",u >= 2 (McCoy),[],True
13a_3718,"[1,1]","[1,1]",u = 1,"[0,5]",True
13a_3719,"[1,2]","[2,2]",u >= 2 (McCoy),[],True
13a_3720,"[1,2]","[2,2]",u >= 2 (McCoy),[],True
13a_3721,"[1,1]","[1,1]",u = 1,[8],True
13a_3722,"[1,2]","[2,2]",u >= 2 (McCoy),[],True
13a_3723,"[1,2]","[2,2]",u >= 2 (McCoy),[],True
13a_3724,"[1,2]","[2,2]",u >= 2 (McCoy),[],True
13a_3725,"[1,2]","[2,2]",u >= 2 (McCoy),[],True
13a_3726,"[1,1]","[1,1]",u = 1,[10],True
13a_3729,"[1,2]","[2,2]",u >= 2 (McCoy),[],True
13a_373,"[1,2]","[2,2]",u >= 2 (McCoy),[],True
13a_3730,"[1,2]","[2,2]",u >= 2 (McCoy),[],True
13a_3731,"[1,2]","[2,2]",u >= 2 (McCoy),[],True
13a_3732,"[1,1]","[1,1]",u = 1,[5],True
13a_3734,"[1,2]","[2,2]",u >= 2 (McCoy),[],True
13a_3737,"[1,2]","[2,2]",u >= 2 (McCoy),[],True
13a_3738,"[1,2]","[2,2]",u >= 2 (McCoy),[],True
13a_3739,"[1,2]","[2,2]",u >= 2 (McCoy),[],True
13a_374,"[1,3]","[2,3]",u >= 2 (McCoy),[],False
13a_3741,"[1,2]","[2,2]",u >= 2 (McCoy),[],True
13a_3742,"[1,1]","[1,1]",u = 1,[12],True
13a_3743,"[1,2]","[2,2]",u >= 2 (McCoy),[],True
13a_3744,"[1,2]","[2,2]",u >= 2 (McCoy),[],True
13a_3745,"[1,2]","[2,2]",u >= 2 (McCoy),[],True
13a_3746,"[1,2]","[2,2]",u >= 2 (McCoy),[],True
13a_3747,"[1,2]","[2,2]",u >= 2 (McCoy),[],True
13a_3748,"[1,1]","[1,1]",u = 1,[4],True
13a_3749,"[1,2]","[2,2]",u >= 2 (McCoy),[],True
13a_375,"[1,2]","[2,2]",u >= 2 (McCoy),[],True
13a_3751,"[1,2]","[2,2]",u >= 2 (McCoy),[],True
13a_3752,"[1,2]","[2,2]",u >= 2 (McCoy),[],True
13a_3755,"[1,2]","[2,2]",u >= 2 (McCoy),[],True
13a_3759,"[1,2]","[2,2]",u >= 2 (McCoy),[],True
13a_3760,"[1,2]","[2,2]",u >= 2 (McCoy),[],True
13a_3761,"[1,2]","[2,2]",u >= 2 (McCoy),[],True
13a_3762,"[1,2]","[2,2]",u >= 2 (McCoy),[],True
13a_3763,"[1,2]","[2,2]",u >= 2 (McCoy),[],True
13a_3764,"[1,2]","[2,2]",u >= 2 (McCoy),[],True
13a_3765,"[1,1]","[1,1]",u = 1,"[0,5]",True
13a_3766,"[1,2]","[2,2]",u >= 2 (McCoy),[],True
13a_3767,"[1,2]","[2,2]",u >= 2 (McCoy),[],True
13a_3768,"[1,2]","[2,2]",u >= 2 (McCoy),[],True
13a_3769,"[1,1]","[1,1]",u = 1,[12],True
13a_377,"[1,3]","[2,3]",u >= 2 (McCoy),[],False
13a_3770,"[1,2]","[2,2]",u >= 2 (McCoy),[],True
13a_3772,"[1,2]","[2,2]",u >= 2 (McCoy),[],True
13a_3773,"[1,2]","[2,2]",u >= 2 (McCoy),[],True
13a_3774,"[1,2]","[2,2]",u >= 2 (McCoy),[],True
13a_3775,"[1,2]","[2,2]",u >= 2 (McCoy),[],True
13a_3776,"[1,2]","[2,2]",u >= 2 (McCoy),[],True
13a_3777,"[1,3]","[2,3]",u >= 2 (McCoy),[],False
13a_3778,"[1,2]","[2,2]",u >= 2 (McCoy),[],True
13a_3780,"[1,2]","[2,2]",u >= 2 (McCoy),[],True
13a_3781,"[1,3]","[2,3]",u >= 2 (McCoy),[],False
13a_3782,"[1,3]","[2,3]",u >= 2 (McCoy),[],False
13a_3785,"[1,2]","[2,2]",u >= 2 (McCoy),[],True
13a_3786,"[1,2]","[2,2]",u >= 2 (McCoy),[],True
13a_3789,"[1,3]","[2,3]",u >= 2 (McCoy),[],False
13a_3790,"[1,2]","[2,2]",u >= 2 (McCoy),[],True
13a_3791,"[1,2]","[2,2]",u >= 2 (McCoy),[],True
13a_3792,"[1,2]","[2,2]",u >= 2 (McCoy),[],True
13a_3793,"[1,2]","[2,2]",u >= 2 (McCoy),[],True
13a_3794,"[1,2]","[2,2]",u >= 2 (McCoy),[],True
13a_3795,"[1,2]","[2,2]",u >= 2 (McCoy),[],True
13a_3796,"[1,2]","[2,2]",u >= 2 (McCoy),[],True
13a_3797,"[1,2]","[2,2]",u >= 2 (McCoy),[],True
13a_3799,"[1,2]","[2,2]",u >= 2 (McCoy),[],True
13a_38,"[1,2]","[2,2]",u >= 2 (McCoy),[],True
13a_380,"[1,3]","[2,3]",u >= 2 (McCoy),[],False
13a_3800,"[1,2]","[2,2]",u >= 2 (McCoy),[],True
13a_3801,"[1,2]","[2,2]",u >= 2 (McCoy),[],True
13a_3802,"[1,2]","[2,2]",u >= 2 (McCoy),[],True
13a_3803,"[1,1]","[1,1]",u = 1,[8],True
13a_3804,"[1,2]","[2,2]",u >= 2 (McCoy),[],True
13a_3805,"[1,2]","[2,2]",u >= 2 (McCoy),[],True
13a_3806,"[1,2]","[2,2]",u >= 2 (McCoy),[],True
13a_3807,"[1,2]","[2,2]",u >= 2 (McCoy),[],True
13a_3808,"[1,3]","[2,3]",u >= 2 (McCoy),[],False
13a_3809,"[1,2]","[2,2]",u >= 2 (McCoy),[],True
13a_381,"[1,1]","[1,1]",u = 1,[7],True
13a_3810,"[1,3]","[2,3]",u >= 2 (McCoy),[],False
13a_3811,"[1,2]","[2,2]",u >= 2 (McCoy),[],True
13a_3812,"[1,2]","[2,2]",u >= 2 (McCoy),[],True
13a_3813,"[1,3]","[2,3]",u >= 2 (McCoy),[],False
13a_3815,"[1,2]","[2,2]",u >= 2 (McCoy),[],True
13a_3817,"[1,2]","[2,2]",u >= 2 (McCoy),[],True
13a_3818,"[1,2]","[2,2]",u >= 2 (McCoy),[],True
13a_3819,"[1,2]","[2,2]",u >= 2 (McCoy),[],True
13a_382,"[1,3]","[2,3]",u >= 2 (McCoy),[],False
13a_3820,"[1,3]","[2,3]",u >= 2 (McCoy),[],False
13a_3821,"[1,2]","[2,2]",u >= 2 (McCoy),[],True
13a_3822,"[1,3]","[2,3]",u >= 2 (McCoy),[],False
13a_3824,"[1,2]","[2,2]",u >= 2 (McCoy),[],True
13a_3825,"[1,2]","[2,2]",u >= 2 (McCoy),[],True
13a_3826,"[1,1]","[1,1]",u = 1,[3],True
13a_383,"[1,2]","[2,2]",u >= 2 (McCoy),[],True
13a_3830,"[1,3]","[2,3]",u >= 2 (McCoy),[],False
13a_3832,"[1,2]","[2,2]",u >= 2 (McCoy),[],True
13a_3833,"[1,3]","[2,3]",u >= 2 (McCoy),[],False
13a_3834,"[1,2]","[2,2]",u >= 2 (McCoy),[],True
13a_3835,"[1,2]","[2,2]",u >= 2 (McCoy),[],True
13a_3836,"[1,1]","[1,1]",u = 1,[4],True
13a_3837,"[1,2]","[2,2]",u >= 2 (McCoy),[],True
13a_3838,"[1,2]","[2,2]",u >= 2 (McCoy),[],True
13a_3839,"[1,2]","[2,2]",u >= 2 (McCoy),[],True
13a_384,"[1,3]","[2,3]",u >= 2 (McCoy),[],False
13a_3840,"[1,2]","[2,2]",u >= 2 (McCoy),[],True
13a_3841,"[1,2]","[2,2]",u >= 2 (McCoy),[],True
13a_3842,"[1,2]","[2,2]",u >= 2 (McCoy),[],True
13a_3843,"[1,2]","[2,2]",u >= 2 (McCoy),[],True
13a_3844,"[1,2]","[2,2]",u >= 2 (McCoy),[],True
13a_3847,"[1,2]","[2,2]",u >= 2 (McCoy),[],True
13a_3848,"[1,2]","[2,2]",u >= 2 (McCoy),[],True
13a_3849,"[1,1]","[1,1]",u = 1,[7],True
13a_385,"[1,2]","[2,2]",u >= 2 (McCoy),[],True
13a_3851,"[1,2]","[2,2]",u >= 2 (McCoy),[],True
13a_3853,"[1,2]","[2,2]",u >= 2 (McCoy),[],True
13a_3854,"[1,2]","[2,2]",u >= 2 (McCoy),[],True
13a_3855,"[1,1]","[1,1]",u = 1,[3],True
13a_3856,"[1,2]","[2,2]",u >= 2 (McCoy),[],True
13a_3858,"[1,2]","[2,2]",u >= 2 (McCoy),[],True
13a_386,"[1,1]","[1,1]",u = 1,[8],True
13a_3860,"[1,2]","[2,2]",u >= 2 (McCoy),[],True
13a_3861,"[1,2]","[2,2]",u >= 2 (McCoy),[],True
13a_3862,"[1,2]","[2,2]",u >= 2 (McCoy),[],True
13a_3863,"[1,2]","[2,2]",u >= 2 (McCoy),[],True
13a_3865,"[1,2]","[2,2]",u >= 2 (McCoy),[],True
13a_3866,"[1,2]","[2,2]",u >= 2 (McCoy),[],True
13a_3868,"[1,2]","[2,2]",u >= 2 (McCoy),[],True
13a_3870,"[1,2]","[2,2]",u >= 2 (McCoy),[],True
13a_3871,"[1,3]","[2,3]",u >= 2 (McCoy),[],False
13a_3873,"[1,2]","[2,2]",u >= 2 (McCoy),[],True
13a_3875,"[1,1]","[1,1]",u = 1,[1],True
13a_3876,"[1,2]","[2,2]",u >= 2 (McCoy),[],True
13a_3878,"[1,1]","[1,1]",u = 1,[1],True
13a_388,"[1,2]","[2,2]",u >= 2 (McCoy),[],True
13a_3880,"[1,2]","[2,2]",u >= 2 (McCoy),[],True
13a_3881,"[1,2]","[2,2]",u >= 2 (McCoy),[],True
13a_3883,"[1,2]","[2,2]",u >= 2 (McCoy),[],True
13a_3884,"[1,2]","[2,2]",u >= 2 (McCoy),[],True
13a_3885,"[1,2]","[2,2]",u >= 2 (McCoy),[],True
13a_3886,"[1,2]","[2,2]",u >= 2 (McCoy),[],True
13a_3887,"[1,1]","[1,1]",u = 1,"[1,8]",True
13a_3889,"[1,2]","[2,2]",u >= 2 (McCoy),[],True
13a_389,"[1,2]","[2,2]",u >= 2 (McCoy),[],True
13a_3890,"[1,2]","[2,2]",u >= 2 (McCoy),[],True
13a_3894,"[1,2]","[2,2]",u >= 2 (McCoy),[],True
13a_3897,"[1,1]","[1,1]",u = 1,[4],True
13a_39,"[1,2]","[2,2]",u >= 2 (McCoy),[],True
13a_390,"[1,2]","[2,2]",u >= 2 (McCoy),[],True
13a_3905,"[1,2]","[2,2]",u >= 2 (McCoy),[],True
13a_3906,"[1,2]","[2,2]",u >= 2 (McCoy),[],True
13a_3907,"[1,1]","[1,1]",u = 1,[12],True
13a_3908,"[1,2]","[2,2]",u >= 2 (McCoy),[],True
13a_3909,"[1,2]","[2,2]",u >= 2 (McCoy),[],True
13a_391,"[1,2]","[2,2]",u >= 2 (McCoy),[],True
13a_3910,"[1,2]","[2,2]",u >= 2 (McCoy),[],True
13a_3911,"[1,1]","[1,1]",u = 1,"[10,12]",True
13a_3912,"[1,2]","[2,2]",u >= 2 (McCoy),[],True
13a_3913,"[1,2]","[2,2]",u >= 2 (McCoy),[],True
13a_3914,"[1,3]","[2,3]",u >= 2 (McCoy),[],False
13a_3916,"[1,2]","[2,2]",u >= 2 (McCoy),[],True
13a_3917,"[1,1]","[1,1]",u = 1,[0],True
13a_3918,"[1,2]","[2,2]",u >= 2 (McCoy),[],True
13a_3919,"[1,2]","[2,2]",u >= 2 (McCoy),[],True
13a_392,"[1,2]","[2,2]",u >= 2 (McCoy),[],True
13a_3920,"[1,2]","[2,2]",u >= 2 (McCoy),[],True
13a_3921,"[1,1]","[1,1]",u = 1,[6],True
13a_3923,"[1,3]","[2,3]",u >= 2 (McCoy),[],False
13a_3925,"[1,2]","[2,2]",u >= 2 (McCoy),[],True
13a_3926,"[1,2]","[2,2]",u >= 2 (McCoy),[],True
13a_3927,"[1,2]","[2,2]",u >= 2 (McCoy),[],True
13a_3928,"[1,1]","[1,1]",u = 1,[3],True
13a_3929,"[1,2]","[2,2]",u >= 2 (McCoy),[],True
13a_393,"[1,3]","[2,3]",u >= 2 (McCoy),[],False
13a_3930,"[1,2]","[2,2]",u >= 2 (McCoy),[],True
13a_3931,"[1,2]","[2,2]",u >= 2 (McCoy),[],True
13a_3932,"[1,2]","[2,2]",u >= 2 (McCoy),[],True
13a_3933,"[1,2]","[2,2]",u >= 2 (McCoy),[],True
13a_3934,"[1,2]","[2,2]",u >= 2 (McCoy),[],True
13a_3935,"[1,3]","[2,3]",u >= 2 (McCoy),[],False
13a_3936,"[1,2]","[2,2]",u >= 2 (McCoy),[],True
13a_3937,"[1,2]","[2,2]",u >= 2 (McCoy),[],True
13a_3939,"[1,1]","[1,1]",u = 1,"[1,6]",True
13a_394,"[1,2]","[2,2]",u >= 2 (McCoy),[],True
13a_3940,"[1,2]","[2,2]",u >= 2 (McCoy),[],True
13a_3942,"[1,2]","[2,2]",u >= 2 (McCoy),[],True
13a_3944,"[1,2]","[2,2]",u >= 2 (McCoy),[],True
13a_3945,"[1,3]","[2,3]",u >= 2 (McCoy),[],False
13a_3946,"[1,2]","[2,2]",u >= 2 (McCoy),[],True
13a_3947,"[1,2]","[2,2]",u >= 2 (McCoy),[],True
13a_3948,"[1,3]","[2,3]",u >= 2 (McCoy),[],False
13a_3949,"[1,2]","[2,2]",u >= 2 (McCoy),[],True
13a_395,"[1,2]","[2,2]",u >= 2 (McCoy),[],True
13a_3950,"[1,3]","[2,3]",u >= 2 (McCoy),[],False
13a_3952,"[1,1]","[1,1]",u = 1,[10],True
13a_3953,"[1,2]","[2,2]",u >= 2 (McCoy),[],True
13a_3955,"[1,1]","[1,1]",u = 1,[5],True
13a_3956,"[1,2]","[2,2]",u >= 2 (McCoy),[],True
13a_3957,"[1,2]","[2,2]",u >= 2 (McCoy),[],True
13a_3959,"[1,2]","[2,2]",u >= 2 (McCoy),[],True
13a_396,"[1,2]","[2,2]",u >= 2 (McCoy),[],True
13a_3969,"[1,2]","[2,2]",u >= 2 (McCoy),[],True
13a_397,"[1,2]","[2,2]",u >= 2 (McCoy),[],True
13a_3970,"[1,2]","[2,2]",u >= 2 (McCoy),[],True
13a_3972,"[1,2]","[2,2]",u >= 2 (McCoy),[],True
13a_3973,"[1,2]","[2,2]",u >= 2 (McCoy),[],True
13a_3977,"[1,2]","[2,2]",u >= 2 (McCoy),[],True
13a_3978,"[1,2]","[2,2]",u >= 2 (McCoy),[],True
13a_398,"[1,3]","[2,3]",u >= 2 (McCoy),[],False
13a_3983,"[1,2]","[2,2]",u >= 2 (McCoy),[],True
13a_3984,"[1,2]","[2,2]",u >= 2 (McCoy),[],True
13a_3985,"[1,2]","[2,2]",u >= 2 (McCoy),[],True
13a_3986,"[1,2]","[2,2]",u >= 2 (McCoy),[],True
13a_3987,"[1,3]","[2,3]",u >= 2 (McCoy),[],False
13a_3988,"[1,3]","[2,3]",u >= 2 (McCoy),[],False
13a_3989,"[1,3]","[2,3]",u >= 2 (McCoy),[],False
13a_399,"[1,3]","[2,3]",u >= 2 (McCoy),[],False
13a_3990,"[1,2]","[2,2]",u >= 2 (McCoy),[],True
13a_3991,"[1,1]","[1,1]",u = 1,[0],True
13a_3993,"[1,2]","[2,2]",u >= 2 (McCoy),[],True
13a_3994,"[1,2]","[2,2]",u >= 2 (McCoy),[],True
13a_3995,"[1,2]","[2,2]",u >= 2 (McCoy),[],True
13a_3996,"[1,2]","[2,2]",u >= 2 (McCoy),[],True
13a_3997,"[1,2]","[2,2]",u >= 2 (McCoy),[],True
13a_3998,"[1,2]","[2,2]",u >= 2 (McCoy),[],True
13a_3999,"[1,2]","[2,2]",u >= 2 (McCoy),[],True
13a_4000,"[1,2]","[2,2]",u >= 2 (McCoy),[],True
13a_4002,"[1,2]","[2,2]",u >= 2 (McCoy),[],True
13a_4004,"[1,2]","[2,2]",u >= 2 (McCoy),[],True
13a_4005,"[1,2]","[2,2]",u >= 2 (McCoy),[],True
13a_4007,"[1,2]","[2,2]",u >= 2 (McCoy),[],True
13a_4008,"[1,1]","[1,1]",u = 1,[1],True
13a_4009,"[1,2]","[2,2]",u >= 2 (McCoy),[],True
13a_401,"[1,3]","[2,3]",u >= 2 (McCoy),[],False
13a_4010,"[1,1]","[1,1]",u = 1,"[2,3]",True
13a_4012,"[1,2]","[2,2]",u >= 2 (McCoy),[],True
13a_4014,"[1,2]","[2,2]",u >= 2 (McCoy),[],True
13a_4015,"[1,2]","[2,2]",u >= 2 (McCoy),[],True
13a_4017,"[1,2]","[2,2]",u >= 2 (McCoy),[],True
13a_4018,"[1,1]","[1,1]",u = 1,"[0,7]",True
13a_4019,"[1,1]","[1,1]",u = 1,[4],True
13a_4020,"[1,2]","[2,2]",u >= 2 (McCoy),[],True
13a_4021,"[1,2]","[2,2]",u >= 2 (McCoy),[],True
13a_4022,"[1,2]","[2,2]",u >= 2 (McCoy),[],True
13a_4023,"[1,1]","[1,1]",u = 1,[11],True
13a_4024,"[1,2]","[2,2]",u >= 2 (McCoy),[],True
13a_4026,"[1,2]","[2,2]",u >= 2 (McCoy),[],True
13a_4027,"[1,2]","[2,2]",u >= 2 (McCoy),[],True
13a_4028,"[1,2]","[2,2]",u >= 2 (McCoy),[],True
13a_4029,"[1,2]","[2,2]",u >= 2 (McCoy),[],True
13a_403,"[1,2]","[2,2]",u >= 2 (McCoy),[],True
13a_4030,"[1,3]","[2,3]",u >= 2 (McCoy),[],False
13a_4031,"[1,2]","[2,2]",u >= 2 (McCoy),[],True
13a_4032,"[1,2]","[2,2]",u >= 2 (McCoy),[],True
13a_4033,"[1,3]","[2,3]",u >= 2 (McCoy),[],False
13a_4034,"[1,2]","[2,2]",u >= 2 (McCoy),[],True
13a_4035,"[1,2]","[2,2]",u >= 2 (McCoy),[],True
13a_4036,"[1,2]","[2,2]",u >= 2 (McCoy),[],True
13a_4037,"[1,1]","[1,1]",u = 1,[4],True
13a_4038,"[1,2]","[2,2]",u >= 2 (McCoy),[],True
13a_4039,"[1,2]","[2,2]",u >= 2 (McCoy),[],True
13a_404,"[1,2]","[2,2]",u >= 2 (McCoy),[],True
13a_4040,"[1,2]","[2,2]",u >= 2 (McCoy),[],True
13a_4043,"[1,2]","[2,2]",u >= 2 (McCoy),[],True
13a_4044,"[1,1]","[1,1]",u = 1,[11],True
13a_4045,"[1,2]","[2,2]",u >= 2 (McCoy),[],True
13a_4046,"[1,2]","[2,2]",u >= 2 (McCoy),[],True
13a_4047,"[1,2]","[2,2]",u >= 2 (McCoy),[],True
13a_4048,"[1,2]","[2,2]",u >= 2 (McCoy),[],True
13a_4049,"[1,2]","[2,2]",u >= 2 (McCoy),[],True
13a_405,"[1,2]","[2,2]",u >= 2 (McCoy),[],True
13a_4050,"[1,2]","[2,2]",u >= 2 (McCoy),[],True
13a_4051,"[1,2]","[2,2]",u >= 2 (McCoy),[],True
13a_4052,"[1,2]","[2,2]",u >= 2 (McCoy),[],True
13a_4053,"[1,2]","[2,2]",u >= 2 (McCoy),[],True
13a_4055,"[1,3]","[2,3]",u >= 2 (McCoy),[],False
13a_4056,"[1,3]","[2,3]",u >= 2 (McCoy),[],False
13a_4059,"[1,2]","[2,2]",u >= 2 (McCoy),[],True
13a_406,"[1,2]","[2,2]",u >= 2 (McCoy),[],True
13a_4061,"[1,1]","[1,1]",u = 1,[10],True
13a_4062,"[1,1]","[1,1]",u = 1,[7],True
13a_4063,"[1,2]","[2,2]",u >= 2 (McCoy),[],True
13a_4064,"[1,1]","[1,1]",u = 1,[0],True
13a_4065,"[1,2]","[2,2]",u >= 2 (McCoy),[],True
13a_4066,"[1,2]","[2,2]",u >= 2 (McCoy),[],True
13a_4067,"[1,2]","[2,2]",u >= 2 (McCoy),[],True
13a_407,"[1,3]","[2,3]",u >= 2 (McCoy),[],False
13a_4070,"[1,3]","[2,3]",u >= 2 (McCoy),[],False
13a_4071,"[1,2]","[2,2]",u >= 2 (McCoy),[],True
13a_4072,"[1,3]","[2,3]",u >= 2 (McCoy),[],False
13a_4073,"[1,2]","[2,2]",u >= 2 (McCoy),[],True
13a_4074,"[1,2]","[2,2]",u >= 2 (McCoy),[],True
13a_4075,"[1,2]","[2,2]",u >= 2 (McCoy),[],True
13a_4076,"[1,2]","[2,2]",u >= 2 (McCoy),[],True
13a_4077,"[1,2]","[2,2]",u >= 2 (McCoy),[],True
13a_4078,"[1,2]","[2,2]",u >= 2 (McCoy),[],True
13a_4079,"[1,2]","[2,2]",u >= 2 (McCoy),[],True
13a_408,"[1,2]","[2,2]",u >= 2 (McCoy),[],True
13a_4081,"[1,2]","[2,2]",u >= 2 (McCoy),[],True
13a_4082,"[1,2]","[2,2]",u >= 2 (McCoy),[],True
13a_4089,"[1,2]","[2,2]",u >= 2 (McCoy),[],True
13a_409,"[1,1]","[1,1]",u = 1,[6],True
13a_4092,"[1,2]","[2,2]",u >= 2 (McCoy),[],True
13a_4094,"[1,1]","[1,1]",u = 1,[8],True
13a_4097,"[1,3]","[2,3]",u >= 2 (McCoy),[],False
13a_4098,"[1,3]","[2,3]",u >= 2 (McCoy),[],False
13a_41,"[1,2]","[2,2]",u >= 2 (McCoy),[],True
13a_410,"[1,1]","[1,1]",u = 1,[5],True
13a_4100,"[1,1]","[1,1]",u = 1,[7],True
13a_4102,"[1,3]","[2,3]",u >= 2 (McCoy),[],False
13a_4103,"[1,2]","[2,2]",u >= 2 (McCoy),[],True
13a_4109,"[1,2]","[2,2]",u >= 2 (McCoy),[],True
13a_411,"[1,2]","[2,2]",u >= 2 (McCoy),[],True
13a_4110,"[1,1]","[1,1]",u = 1,[12],True
13a_4112,"[1,1]","[1,1]",u = 1,"[7,10]",True
13a_4115,"[1,2]","[2,2]",u >= 2 (McCoy),[],True
13a_4116,"[1,2]","[2,2]",u >= 2 (McCoy),[],True
13a_4118,"[1,2]","[2,2]",u >= 2 (McCoy),[],True
13a_4119,"[1,2]","[2,2]",u >= 2 (McCoy),[],True
13a_412,"[1,3]","[2,3]",u >= 2 (McCoy),[],False
13a_4121,"[1,1]","[1,1]",u = 1,[6],True
13a_4122,"[1,2]","[2,2]",u >= 2 (McCoy),[],True
13a_4124,"[1,1]","[1,1]",u = 1,[6],True
13a_4125,"[1,2]","[2,2]",u >= 2 (McCoy),[],True
13a_4126,"[1,3]","[2,3]",u >= 2 (McCoy),[],False
13a_4127,"[1,3]","[2,3]",u >= 2 (McCoy),[],False
13a_4128,"[1,2]","[2,2]",u >= 2 (McCoy),[],True
13a_4129,"[1,2]","[2,2]",u >= 2 (McCoy),[],True
13a_413,"[1,3]","[2,3]",u >= 2 (McCoy),[],False
13a_4130,"[1,2]","[2,2]",u >= 2 (McCoy),[],True
13a_4131,"[1,2]","[2,2]",u >= 2 (McCoy),[],True
13a_4132,"[1,2]","[2,2]",u >= 2 (McCoy),[],True
13a_4133,"[1,2]","[2,2]",u >= 2 (McCoy),[],True
13a_4135,"[1,2]","[2,2]",u >= 2 (McCoy),[],True
13a_4136,"[1,1]","[1,1]",u = 1,[6],True
13a_4137,"[1,2]","[2,2]",u >= 2 (McCoy),[],True
13a_4138,"[1,2]","[2,2]",u >= 2 (McCoy),[],True
13a_4139,"[1,2]","[2,2]",u >= 2 (McCoy),[],True
13a_414,"[1,3]","[2,3]",u >= 2 (McCoy),[],False
13a_4140,"[1,2]","[2,2]",u >= 2 (McCoy),[],True
13a_4141,"[1,2]","[2,2]",u >= 2 (McCoy),[],True
13a_4142,"[1,2]","[2,2]",u >= 2 (McCoy),[],True
13a_4143,"[1,1]","[1,1]",u = 1,[4],True
13a_4145,"[1,2]","[2,2]",u >= 2 (McCoy),[],True
13a_4146,"[1,2]","[2,2]",u >= 2 (McCoy),[],True
13a_4148,"[1,1]","[1,1]",u = 1,[11],True
13a_4149,"[1,2]","[2,2]",u >= 2 (McCoy),[],True
13a_4150,"[1,2]","[2,2]",u >= 2 (McCoy),[],True
13a_4151,"[1,2]","[2,2]",u >= 2 (McCoy),[],True
13a_4152,"[1,1]","[1,1]",u = 1,[4],True
13a_4154,"[1,3]","[2,3]",u >= 2 (McCoy),[],False
13a_4157,"[1,2]","[2,2]",u >= 2 (McCoy),[],True
13a_4158,"[1,2]","[2,2]",u >= 2 (McCoy),[],True
13a_4159,"[1,1]","[1,1]",u = 1,[12],True
13a_4160,"[1,2]","[2,2]",u >= 2 (McCoy),[],True
13a_4161,"[1,2]","[2,2]",u >= 2 (McCoy),[],True
13a_4162,"[1,2]","[2,2]",u >= 2 (McCoy),[],True
13a_4163,"[1,2]","[2,2]",u >= 2 (McCoy),[],True
13a_4165,"[1,2]","[2,2]",u >= 2 (McCoy),[],True
13a_4166,"[1,3]","[2,3]",u >= 2 (McCoy),[],False
13a_4167,"[1,2]","[2,2]",u >= 2 (McCoy),[],True
13a_4168,"[1,2]","[2,2]",u >= 2 (McCoy),[],True
13a_4169,"[1,2]","[2,2]",u >= 2 (McCoy),[],True
13a_4170,"[1,2]","[2,2]",u >= 2 (McCoy),[],True
13a_4173,"[1,2]","[2,2]",u >= 2 (McCoy),[],True
13a_4175,"[1,2]","[2,2]",u >= 2 (McCoy),[],True
13a_4176,"[1,1]","[1,1]",u = 1,[12],True
13a_4177,"[1,2]","[2,2]",u >= 2 (McCoy),[],True
13a_4178,"[1,2]","[2,2]",u >= 2 (McCoy),[],True
13a_4179,"[1,2]","[2,2]",u >= 2 (McCoy),[],True
13a_4180,"[1,2]","[2,2]",u >= 2 (McCoy),[],True
13a_4181,"[1,2]","[2,2]",u >= 2 (McCoy),[],True
13a_4182,"[1,2]","[2,2]",u >= 2 (McCoy),[],True
13a_4183,"[1,2]","[2,2]",u >= 2 (McCoy),[],True
13a_4184,"[1,2]","[2,2]",u >= 2 (McCoy),[],True
13a_4186,"[1,2]","[2,2]",u >= 2 (McCoy),[],True
13a_4187,"[1,1]","[1,1]",u = 1,[0],True
13a_4189,"[1,2]","[2,2]",u >= 2 (McCoy),[],True
13a_4197,"[1,2]","[2,2]",u >= 2 (McCoy),[],True
13a_4199,"[1,2]","[2,2]",u >= 2 (McCoy),[],True
13a_42,"[1,2]","[2,2]",u >= 2 (McCoy),[],True
13a_420,"[1,3]","[2,3]",u >= 2 (McCoy),[],False
13a_4204,"[1,2]","[2,2]",u >= 2 (McCoy),[],True
13a_4205,"[1,2]","[2,2]",u >= 2 (McCoy),[],True
13a_4208,"[1,3]","[2,3]",u >= 2 (McCoy),[],False
13a_4209,"[1,2]","[2,2]",u >= 2 (McCoy),[],True
13a_421,"[1,3]","[2,3]",u >= 2 (McCoy),[],False
13a_4210,"[1,1]","[1,1]",u = 1,[8],True
13a_4211,"[1,2]","[2,2]",u >= 2 (McCoy),[],True
13a_4220,"[1,2]","[2,2]",u >= 2 (McCoy),[],True
13a_4221,"[1,2]","[2,2]",u >= 2 (McCoy),[],True
13a_4222,"[1,2]","[2,2]",u >= 2 (McCoy),[],True
13a_4223,"[1,2]","[2,2]",u >= 2 (McCoy),[],True
13a_4224,"[1,2]","[2,2]",u >= 2 (McCoy),[],True
13a_4225,"[1,2]","[2,2]",u >= 2 (McCoy),[],True
13a_4226,"[1,2]","[2,2]",u >= 2 (McCoy),[],True
13a_4227,"[1,2]","[2,2]",u >= 2 (McCoy),[],True
13a_4228,"[1,1]","[1,1]",u = 1,[0],True
13a_4229,"[1,2]","[2,2]",u >= 2 (McCoy),[],True
13a_4234,"[1,3]","[2,3]",u >= 2 (McCoy),[],False
13a_4235,"[1,2]","[2,2]",u >= 2 (McCoy),[],True
13a_4236,"[1,2]","[2,2]",u >= 2 (McCoy),[],True
13a_4237,"[1,2]","[2,2]",u >= 2 (McCoy),[],True
13a_4238,"[1,2]","[2,2]",u >= 2 (McCoy),[],True
13a_424,"[1,2]","[2,2]",u >= 2 (McCoy),[],True
13a_4240,"[1,3]","[2,3]",u >= 2 (McCoy),[],False
13a_4241,"[1,3]","[2,3]",u >= 2 (McCoy),[],False
13a_4242,"[1,2]","[2,2]",u >= 2 (McCoy),[],True
13a_4243,"[1,2]","[2,2]",u >= 2 (McCoy),[],True
13a_4244,"[1,2]","[2,2]",u >= 2 (McCoy),[],True
13a_4245,"[1,3]","[2,3]",u >= 2 (McCoy),[],False
13a_4246,"[1,2]","[2,2]",u >= 2 (McCoy),[],True
13a_4247,"[1,2]","[2,2]",u >= 2 (McCoy),[],True
13a_4248,"[1,2]","[2,2]",u >= 2 (McCoy),[],True
13a_4249,"[1,2]","[2,2]",u >= 2 (McCoy),[],True
13a_4250,"[1,2]","[2,2]",u >= 2 (McCoy),[],True
13a_4251,"[1,2]","[2,2]",u >= 2 (McCoy),[],True
13a_4253,"[1,2]","[2,2]",u >= 2 (McCoy),[],True
13a_4254,"[1,2]","[2,2]",u >= 2 (McCoy),[],True
13a_4255,"[1,2]","[2,2]",u >= 2 (McCoy),[],True
13a_4256,"[1,2]","[2,2]",u >= 2 (McCoy),[],True
13a_4257,"[1,1]","[1,1]",u = 1,"[2,3]",True
13a_4258,"[1,2]","[2,2]",u >= 2 (McCoy),[],True
13a_4260,"[1,2]","[2,2]",u >= 2 (McCoy),[],True
13a_4261,"[1,2]","[2,2]",u >= 2 (McCoy),[],True
13a_4262,"[1,2]","[2,2]",u >= 2 (McCoy),[],True
13a_4263,"[1,2]","[2,2]",u >= 2 (McCoy),[],True
13a_4264,"[1,1]","[1,1]",u = 1,[0],True
13a_4265,"[1,2]","[2,2]",u >= 2 (McCoy),[],True
13a_4266,"[1,2]","[2,2]",u >= 2 (McCoy),[],True
13a_4268,"[1,2]","[2,2]",u >= 2 (McCoy),[],True
13a_4269,"[1,2]","[2,2]",u >= 2 (McCoy),[],True
13a_4271,"[1,1]","[1,1]",u = 1,[6],True
13a_4272,"[1,2]","[2,2]",u >= 2 (McCoy),[],True
13a_4276,"[1,2]","[2,2]",u >= 2 (McCoy),[],True
13a_4277,"[1,1]","[1,1]",u = 1,[8],True
13a_4278,"[1,3]","[2,3]",u >= 2 (McCoy),[],False
13a_4279,"[1,2]","[2,2]",u >= 2 (McCoy),[],True
13a_428,"[1,2]","[2,2]",u >= 2 (McCoy),[],True
13a_4280,"[1,2]","[2,2]",u >= 2 (McCoy),[],True
13a_4282,"[1,2]","[2,2]",u >= 2 (McCoy),[],True
13a_4283,"[1,2]","[2,2]",u >= 2 (McCoy),[],True
13a_4284,"[1,1]","[1,1]",u = 1,"[2,3]",True
13a_4285,"[1,2]","[2,2]",u >= 2 (McCoy),[],True
13a_4286,"[1,2]","[2,2]",u >= 2 (McCoy),[],True
13a_4287,"[1,2]","[2,2]",u >= 2 (McCoy),[],True
13a_4288,"[1,2]","[2,2]",u >= 2 (McCoy),[],True
13a_4289,"[1,2]","[2,2]",u >= 2 (McCoy),[],True
13a_429,"[1,2]","[2,2]",u >= 2 (McCoy),[],True
13a_4290,"[1,3]","[2,3]",u >= 2 (McCoy),[],False
13a_4294,"[1,2]","[2,2]",u >= 2 (McCoy),[],True
13a_4295,"[1,2]","[2,2]",u >= 2 (McCoy),[],True
13a_4296,"[1,2]","[2,2]",u >= 2 (McCoy),[],True
13a_4299,"[1,1]","[1,1]",u = 1,[0],True
13a_43,"[1,2]","[2,2]",u >= 2 (McCoy),[],True
13a_430,"[1,2]","[2,2]",u >= 2 (McCoy),[],True
13a_4300,"[1,1]","[1,1]",u = 1,[0],True
13a_4301,"[1,2]","[2,2]",u >= 2 (McCoy),[],True
13a_4307,"[1,1]","[1,1]",u = 1,[1],True
13a_4309,"[1,2]","[2,2]",u >= 2 (McCoy),[],True
13a_431,"[1,2]","[2,2]",u >= 2 (McCoy),[],True
13a_4311,"[1,2]","[2,2]",u >= 2 (McCoy),[],True
13a_4319,"[1,2]","[2,2]",u >= 2 (McCoy),[],True
13a_432,"[1,2]","[2,2]",u >= 2 (McCoy),[],True
13a_433,"[1,2]","[2,2]",u >= 2 (McCoy),[],True
13a_4334,"[1,1]","[1,1]",u = 1,[4],True
13a_4337,"[1,3]","[2,3]",u >= 2 (McCoy),[],False
13a_4338,"[1,3]","[2,3]",u >= 2 (McCoy),[],False
13a_4339,"[1,1]","[1,1]",u = 1,"[0,2]",True
13a_4340,"[1,2]","[2,2]",u >= 2 (McCoy),[],True
13a_4342,"[1,2]","[2,2]",u >= 2 (McCoy),[],True
13a_4343,"[1,2]","[2,2]",u >= 2 (McCoy),[],True
13a_4344,"[1,2]","[2,2]",u >= 2 (McCoy),[],True
13a_4345,"[1,3]","[2,3]",u >= 2 (McCoy),[],False
13a_4347,"[1,2]","[2,2]",u >= 2 (McCoy),[],True
13a_4349,"[1,1]","[1,1]",u = 1,[1],True
13a_435,"[1,2]","[2,2]",u >= 2 (McCoy),[],True
13a_4350,"[1,1]","[1,1]",u = 1,[4],True
13a_4351,"[1,3]","[2,3]",u >= 2 (McCoy),[],False
13a_4352,"[1,2]","[2,2]",u >= 2 (McCoy),[],True
13a_4353,"[1,2]","[2,2]",u >= 2 (McCoy),[],True
13a_4354,"[1,3]","[2,3]",u >= 2 (McCoy),[],False
13a_4355,"[1,1]","[1,1]",u = 1,[0],True
13a_4356,"[1,2]","[2,2]",u >= 2 (McCoy),[],True
13a_4357,"[1,3]","[2,3]",u >= 2 (McCoy),[],False
13a_4359,"[1,2]","[2,2]",u >= 2 (McCoy),[],True
13a_436,"[1,3]","[2,3]",u >= 2 (McCoy),[],False
13a_4360,"[1,3]","[2,3]",u >= 2 (McCoy),[],False
13a_4361,"[1,2]","[2,2]",u >= 2 (McCoy),[],True
13a_4362,"[1,2]","[2,2]",u >= 2 (McCoy),[],True
13a_4363,"[1,2]","[2,2]",u >= 2 (McCoy),[],True
13a_4364,"[1,2]","[2,2]",u >= 2 (McCoy),[],True
13a_4367,"[1,1]","[1,1]",u = 1,[3],True
13a_437,"[1,2]","[2,2]",u >= 2 (McCoy),[],True
13a_4370,"[1,3]","[2,3]",u >= 2 (McCoy),[],False
13a_4371,"[1,1]","[1,1]",u = 1,[12],True
13a_4372,"[1,2]","[2,2]",u >= 2 (McCoy),[],True
13a_4373,"[1,2]","[2,2]",u >= 2 (McCoy),[],True
13a_4374,"[1,3]","[2,3]",u >= 2 (McCoy),[],False
13a_4375,"[1,2]","[2,2]",u >= 2 (McCoy),[],True
13a_4376,"[1,2]","[2,2]",u >= 2 (McCoy),[],True
13a_4377,"[1,2]","[2,2]",u >= 2 (McCoy),[],True
13a_4378,"[1,2]","[2,2]",u >= 2 (McCoy),[],True
13a_4389,"[1,3]","[2,3]",u >= 2 (McCoy),[],False
13a_439,"[1,1]","[1,1]",u = 1,[3],True
13a_4393,"[1,2]","[2,2]",u >= 2 (McCoy),[],True
13a_4394,"[1,2]","[2,2]",u >= 2 (McCoy),[],True
13a_4398,"[1,2]","[2,2]",u >= 2 (McCoy),[],True
13a_4399,"[1,2]","[2,2]",u >= 2 (McCoy),[],True
13a_44,"[1,2]","[2,2]",u >= 2 (McCoy),[],True
13a_4400,"[1,2]","[2,2]",u >= 2 (McCoy),[],True
13a_4401,"[1,3]","[2,3]",u >= 2 (McCoy),[],False
13a_4402,"[1,1]","[1,1]",u = 1,"[8,12]",True
13a_4403,"[1,3]","[2,3]",u >= 2 (McCoy),[],False
13a_4405,"[1,1]","[1,1]",u = 1,[0],True
13a_4407,"[1,3]","[2,3]",u >= 2 (McCoy),[],False
13a_4408,"[1,2]","[2,2]",u >= 2 (McCoy),[],True
13a_4409,"[1,2]","[2,2]",u >= 2 (McCoy),[],True
13a_441,"[1,2]","[2,2]",u >= 2 (McCoy),[],True
13a_4410,"[1,2]","[2,2]",u >= 2 (McCoy),[],True
13a_4411,"[1,2]","[2,2]",u >= 2 (McCoy),[],True
13a_4412,"[1,1]","[1,1]",u = 1,[7],True
13a_4413,"[1,1]","[1,1]",u = 1,"[0,4]",True
13a_4415,"[1,3]","[2,3]",u >= 2 (McCoy),[],False
13a_4416,"[1,2]","[2,2]",u >= 2 (McCoy),[],True
13a_4417,"[1,2]","[2,2]",u >= 2 (McCoy),[],True
13a_4418,"[1,1]","[1,1]",u = 1,[2],True
13a_4419,"[1,2]","[2,2]",u >= 2 (McCoy),[],True
13a_442,"[1,1]","[1,1]",u = 1,[5],True
13a_4420,"[1,2]","[2,2]",u >= 2 (McCoy),[],True
13a_4422,"[1,2]","[2,2]",u >= 2 (McCoy),[],True
13a_4423,"[1,2]","[2,2]",u >= 2 (McCoy),[],True
13a_4424,"[1,2]","[2,2]",u >= 2 (McCoy),[],True
13a_4426,"[1,1]","[1,1]",u = 1,[1],True
13a_4427,"[1,2]","[2,2]",u >= 2 (McCoy),[],True
13a_4428,"[1,2]","[2,2]",u >= 2 (McCoy),[],True
13a_4429,"[1,2]","[2,2]",u >= 2 (McCoy),[],True
13a_4430,"[1,2]","[2,2]",u >= 2 (McCoy),[],True
13a_4431,"[1,2]","[2,2]",u >= 2 (McCoy),[],True
13a_4433,"[1,2]","[2,2]",u >= 2 (McCoy),[],True
13a_4437,"[1,1]","[1,1]",u = 1,[4],True
13a_4439,"[1,2]","[2,2]",u >= 2 (McCoy),[],True
13a_444,"[1,2]","[2,2]",u >= 2 (McCoy),[],True
13a_4440,"[1,2]","[2,2]",u >= 2 (McCoy),[],True
13a_4441,"[1,2]","[2,2]",u >= 2 (McCoy),[],True
13a_4442,"[1,2]","[2,2]",u >= 2 (McCoy),[],True
13a_4443,"[1,2]","[2,2]",u >= 2 (McCoy),[],True
13a_4444,"[1,2]","[2,2]",u >= 2 (McCoy),[],True
13a_4445,"[1,2]","[2,2]",u >= 2 (McCoy),[],True
13a_4446,"[1,1]","[1,1]",u = 1,[0],True
13a_4447,"[1,2]","[2,2]",u >= 2 (McCoy),[],True
13a_4448,"[1,2]","[2,2]",u >= 2 (McCoy),[],True
13a_4449,"[1,3]","[2,3]",u >= 2 (McCoy),[],False
13a_445,"[1,2]","[2,2]",u >= 2 (McCoy),[],True
13a_4450,"[1,2]","[2,2]",u >= 2 (McCoy),[],True
13a_4451,"[1,3]","[2,3]",u >= 2 (McCoy),[],False
13a_4452,"[1,2]","[2,2]",u >= 2 (McCoy),[],True
13a_4455,"[1,1]","[1,1]",u = 1,[12],True
13a_4456,"[1,1]","[1,1]",u = 1,[1],True
13a_4457,"[1,2]","[2,2]",u >= 2 (McCoy),[],True
13a_4458,"[1,2]","[2,2]",u >= 2 (McCoy),[],True
13a_446,"[1,2]","[2,2]",u >= 2 (McCoy),[],True
13a_4462,"[1,2]","[2,2]",u >= 2 (McCoy),[],True
13a_4463,"[1,2]","[2,2]",u >= 2 (McCoy),[],True
13a_4466,"[1,2]","[2,2]",u >= 2 (McCoy),[],True
13a_4469,"[1,2]","[2,2]",u >= 2 (McCoy),[],True
13a_447,"[1,2]","[2,2]",u >= 2 (McCoy),[],True
13a_4470,"[1,2]","[2,2]",u >= 2 (McCoy),[],True
13a_4471,"[1,2]","[2,2]",u >= 2 (McCoy),[],True
13a_4472,"[1,2]","[2,2]",u >= 2 (McCoy),[],True
13a_4473,"[1,2]","[2,2]",u >= 2 (McCoy),[],True
13a_4474,"[1,2]","[2,2]",u >= 2 (McCoy),[],True
13a_4475,"[1,1]","[1,1]",u = 1,[4],True
13a_4477,"[1,2]","[2,2]",u >= 2 (McCoy),[],True
13a_4479,"[1,2]","[2,2]",u >= 2 (McCoy),[],True
13a_4480,"[1,2]","[2,2]",u >= 2 (McCoy),[],True
13a_4481,"[1,2]","[2,2]",u >= 2 (McCoy),[],True
13a_4482,"[1,2]","[2,2]",u >= 2 (McCoy),[],True
13a_4484,"[1,2]","[2,2]",u >= 2 (McCoy),[],True
13a_4485,"[1,2]","[2,2]",u >= 2 (McCoy),[],True
13a_4486,"[1,1]","[1,1]",u = 1,[0],True
13a_449,"[1,3]","[2,3]",u >= 2 (McCoy),[],False
13a_4491,"[1,2]","[2,2]",u >= 2 (McCoy),[],True
13a_4494,"[1,2]","[2,2]",u >= 2 (McCoy),[],True
13a_4495,"[1,2]","[2,2]",u >= 2 (McCoy),[],True
13a_4496,"[1,2]","[2,2]",u >= 2 (McCoy),[],True
13a_4497,"[1,2]","[2,2]",u >= 2 (McCoy),[],True
13a_4498,"[1,3]","[2,3]",u >= 2 (McCoy),[],False
13a_4499,"[1,3]","[2,3]",u >= 2 (McCoy),[],False
13a_45,"[1,2]","[2,2]",u >= 2 (McCoy),[],True
13a_450,"[1,2]","[2,2]",u >= 2 (McCoy),[],True
13a_4500,"[1,2]","[2,2]",u >= 2 (McCoy),[],True
13a_4501,"[1,1]","[1,1]",u = 1,"[0,4]",True
13a_4502,"[1,3]","[2,3]",u >= 2 (McCoy),[],False
13a_4503,"[1,2]","[2,2]",u >= 2 (McCoy),[],True
13a_4504,"[1,2]","[2,2]",u >= 2 (McCoy),[],True
13a_4505,"[1,1]","[1,1]",u = 1,[0],True
13a_4507,"[1,2]","[2,2]",u >= 2 (McCoy),[],True
13a_4512,"[1,2]","[2,2]",u >= 2 (McCoy),[],True
13a_4513,"[1,2]","[2,2]",u >= 2 (McCoy),[],True
13a_4515,"[1,3]","[2,3]",u >= 2 (McCoy),[],False
13a_4516,"[1,2]","[2,2]",u >= 2 (McCoy),[],True
13a_4517,"[1,2]","[2,2]",u >= 2 (McCoy),[],True
13a_4518,"[1,2]","[2,2]",u >= 2 (McCoy),[],True
13a_4520,"[1,2]","[2,2]",u >= 2 (McCoy),[],True
13a_4522,"[1,3]","[2,3]",u >= 2 (McCoy),[],False
13a_4523,"[1,1]","[1,1]",u = 1,[4],True
13a_4524,"[1,2]","[2,2]",u >= 2 (McCoy),[],True
13a_4525,"[1,2]","[2,2]",u >= 2 (McCoy),[],True
13a_4526,"[1,2]","[2,2]",u >= 2 (McCoy),[],True
13a_4531,"[1,2]","[2,2]",u >= 2 (McCoy),[],True
13a_4532,"[1,2]","[2,2]",u >= 2 (McCoy),[],True
13a_4533,"[1,2]","[2,2]",u >= 2 (McCoy),[],True
13a_4535,"[1,2]","[2,2]",u >= 2 (McCoy),[],True
13a_4536,"[1,2]","[2,2]",u >= 2 (McCoy),[],True
13a_4537,"[1,3]","[2,3]",u >= 2 (McCoy),[],False
13a_454,"[1,2]","[2,2]",u >= 2 (McCoy),[],True
13a_4541,"[1,2]","[2,2]",u >= 2 (McCoy),[],True
13a_4542,"[1,2]","[2,2]",u >= 2 (McCoy),[],True
13a_4543,"[1,2]","[2,2]",u >= 2 (McCoy),[],True
13a_4544,"[1,2]","[2,2]",u >= 2 (McCoy),[],True
13a_4545,"[1,2]","[2,2]",u >= 2 (McCoy),[],True
13a_4546,"[1,1]","[1,1]",u = 1,"[0,3]",True
13a_455,"[1,2]","[2,2]",u >= 2 (McCoy),[],True
13a_4557,"[1,2]","[2,2]",u >= 2 (McCoy),[],True
13a_456,"[1,2]","[2,2]",u >= 2 (McCoy),[],True
13a_4578,"[1,1]","[1,1]",u = 1,[1],True
13a_458,"[1,1]","[1,1]",u = 1,[12],True
13a_4581,"[1,2]","[2,2]",u >= 2 (McCoy),[],True
13a_4582,"[1,1]","[1,1]",u = 1,[0],True
13a_4583,"[1,2]","[2,2]",u >= 2 (McCoy),[],True
13a_4585,"[1,2]","[2,2]",u >= 2 (McCoy),[],True
13a_4586,"[1,1]","[1,1]",u = 1,[1],True
13a_4587,"[1,2]","[2,2]",u >= 2 (McCoy),[],True
13a_4588,"[1,2]","[2,2]",u >= 2 (McCoy),[],True
13a_459,"[1,3]","[2,3]",u >= 2 (McCoy),[],False
13a_4590,"[1,3]","[2,3]",u >= 2 (McCoy),[],False
13a_4591,"[1,3]","[2,3]",u >= 2 (McCoy),[],False
13a_4592,"[1,2]","[2,2]",u >= 2 (McCoy),[],True
13a_4593,"[1,3]","[2,3]",u >= 2 (McCoy),[],False
13a_4594,"[1,1]","[1,1]",u = 1,[5],True
13a_4596,"[1,2]","[2,2]",u >= 2 (McCoy),[],True
13a_4597,"[1,2]","[2,2]",u >= 2 (McCoy),[],True
13a_4598,"[1,2]","[2,2]",u >= 2 (McCoy),[],True
13a_46,"[1,2]","[2,2]",u >= 2 (McCoy),[],True
13a_4600,"[1,2]","[2,2]",u >= 2 (McCoy),[],True
13a_4601,"[1,2]","[2,2]",u >= 2 (McCoy),[],True
13a_4602,"[1,3]","[2,3]",u >= 2 (McCoy),[],False
13a_4603,"[1,2]","[2,2]",u >= 2 (McCoy),[],True
13a_4604,"[1,2]","[2,2]",u >= 2 (McCoy),[],True
13a_4605,"[1,1]","[1,1]",u = 1,[7],True
13a_4606,"[1,2]","[2,2]",u >= 2 (McCoy),[],True
13a_461,"[1,2]","[2,2]",u >= 2 (McCoy),[],True
13a_4610,"[1,2]","[2,2]",u >= 2 (McCoy),[],True
13a_4611,"[1,2]","[2,2]",u >= 2 (McCoy),[],True
13a_4612,"[1,2]","[2,2]",u >= 2 (McCoy),[],True
13a_4613,"[1,2]","[2,2]",u >= 2 (McCoy),[],True
13a_4615,"[1,2]","[2,2]",u >= 2 (McCoy),[],True
13a_4616,"[1,2]","[2,2]",u >= 2 (McCoy),[],True
13a_4618,"[1,2]","[2,2]",u >= 2 (McCoy),[],True
13a_4619,"[1,2]","[2,2]",u >= 2 (McCoy),[],True
13a_462,"[1,2]","[2,2]",u >= 2 (McCoy),[],True
13a_4620,"[1,1]","[1,1]",u = 1,[12],True
13a_4621,"[1,2]","[2,2]",u >= 2 (McCoy),[],True
13a_4625,"[1,2]","[2,2]",u >= 2 (McCoy),[],True
13a_4627,"[1,2]","[2,2]",u >= 2 (McCoy),[],True
13a_4628,"[1,1]","[1,1]",u = 1,[9],True
13a_4629,"[1,2]","[2,2]",u >= 2 (McCoy),[],True
13a_463,"[1,2]","[2,2]",u >= 2 (McCoy),[],True
13a_4630,"[1,2]","[2,2]",u >= 2 (McCoy),[],True
13a_4631,"[1,3]","[2,3]",u >= 2 (McCoy),[],False
13a_4632,"[1,2]","[2,2]",u >= 2 (McCoy),[],True
13a_4634,"[1,3]","[2,3]",u >= 2 (McCoy),[],False
13a_4635,"[1,1]","[1,1]",u = 1,[11],True
13a_4637,"[1,2]","[2,2]",u >= 2 (McCoy),[],True
13a_4638,"[1,2]","[2,2]",u >= 2 (McCoy),[],True
13a_4639,"[1,2]","[2,2]",u >= 2 (McCoy),[],True
13a_464,"[1,1]","[1,1]",u = 1,[12],True
13a_4640,"[1,2]","[2,2]",u >= 2 (McCoy),[],True
13a_4641,"[1,2]","[2,2]",u >= 2 (McCoy),[],True
13a_4642,"[1,2]","[2,2]",u >= 2 (McCoy),[],True
13a_4644,"[1,2]","[2,2]",u >= 2 (McCoy),[],True
13a_4647,"[1,3]","[2,3]",u >= 2 (McCoy),[],False
13a_4648,"[1,3]","[2,3]",u >= 2 (McCoy),[],False
13a_4649,"[1,2]","[2,2]",u >= 2 (McCoy),[],True
13a_465,"[1,2]","[2,2]",u >= 2 (McCoy),[],True
13a_4650,"[1,3]","[2,3]",u >= 2 (McCoy),[],False
13a_4652,"[1,2]","[2,2]",u >= 2 (McCoy),[],True
13a_4654,"[1,3]","[2,3]",u >= 2 (McCoy),[],False
13a_4657,"[1,3]","[2,3]",u >= 2 (McCoy),[],False
13a_466,"[1,2]","[2,2]",u >= 2 (McCoy),[],True
13a_4661,"[1,2]","[2,2]",u >= 2 (McCoy),[],True
13a_4662,"[1,2]","[2,2]",u >= 2 (McCoy),[],True
13a_4663,"[1,3]","[2,3]",u >= 2 (McCoy),[],False
13a_4664,"[1,2]","[2,2]",u >= 2 (McCoy),[],True
13a_4666,"[1,2]","[2,2]",u >= 2 (McCoy),[],True
13a_4667,"[1,2]","[2,2]",u >= 2 (McCoy),[],True
13a_4668,"[1,1]","[1,1]",u = 1,[2],True
13a_4669,"[1,2]","[2,2]",u >= 2 (McCoy),[],True
13a_467,"[1,2]","[2,2]",u >= 2 (McCoy),[],True
13a_4670,"[1,2]","[2,2]",u >= 2 (McCoy),[],True
13a_4671,"[1,2]","[2,2]",u >= 2 (McCoy),[],True
13a_4672,"[1,2]","[2,2]",u >= 2 (McCoy),[],True
13a_4673,"[1,2]","[2,2]",u >= 2 (McCoy),[],True
13a_4674,"[1,2]","[2,2]",u >= 2 (McCoy),[],True
13a_4675,"[1,2]","[2,2]",u >= 2 (McCoy),[],True
13a_4676,"[1,2]","[2,2]",u >= 2 (McCoy),[],True
13a_4677,"[1,2]","[2,2]",u >= 2 (McCoy),[],True
13a_4678,"[1,2]","[2,2]",u >= 2 (McCoy),[],True
13a_4679,"[1,2]","[2,2]",u >= 2 (McCoy),[],True
13a_4680,"[1,1]","[1,1]",u = 1,"[1,5]",True
13a_4681,"[1,2]","[2,2]",u >= 2 (McCoy),[],True
13a_4683,"[1,2]","[2,2]",u >= 2 (McCoy),[],True
13a_4684,"[1,2]","[2,2]",u >= 2 (McCoy),[],True
13a_4686,"[1,2]","[2,2]",u >= 2 (McCoy),[],True
13a_4687,"[1,2]","[2,2]",u >= 2 (McCoy),[],True
13a_4688,"[1,2]","[2,2]",u >= 2 (McCoy),[],True
13a_4689,"[1,2]","[2,2]",u >= 2 (McCoy),[],True
13a_469,"[1,2]","[2,2]",u >= 2 (McCoy),[],True
13a_4690,"[1,2]","[2,2]",u >= 2 (McCoy),[],True
13a_4691,"[1,2]","[2,2]",u >= 2 (McCoy),[],True
13a_4692,"[1,2]","[2,2]",u >= 2 (McCoy),[],True
13a_4693,"[1,2]","[2,2]",u >= 2 (McCoy),[],True
13a_4694,"[1,2]","[2,2]",u >= 2 (McCoy),[],True
13a_4695,"[1,2]","[2,2]",u >= 2 (McCoy),[],True
13a_4696,"[1,2]","[2,2]",u >= 2 (McCoy),[],True
13a_470,"[1,2]","[2,2]",u >= 2 (McCoy),[],True
13a_4700,"[1,2]","[2,2]",u >= 2 (McCoy),[],True
13a_4701,"[1,1]","[1,1]",u = 1,"[5,12]",True
13a_4705,"[1,3]","[2,3]",u >= 2 (McCoy),[],False
13a_4706,"[1,2]","[2,2]",u >= 2 (McCoy),[],True
13a_4707,"[1,2]","[2,2]",u >= 2 (McCoy),[],True
13a_471,"[1,2]","[2,2]",u >= 2 (McCoy),[],True
13a_4710,"[1,2]","[2,2]",u >= 2 (McCoy),[],True
13a_4711,"[1,2]","[2,2]",u >= 2 (McCoy),[],True
13a_4712,"[1,2]","[2,2]",u >= 2 (McCoy),[],True
13a_4714,"[1,2]","[2,2]",u >= 2 (McCoy),[],True
13a_4715,"[1,2]","[2,2]",u >= 2 (McCoy),[],True
13a_4716,"[1,1]","[1,1]",u = 1,[4],True
13a_4718,"[1,2]","[2,2]",u >= 2 (McCoy),[],True
13a_4719,"[1,2]","[2,2]",u >= 2 (McCoy),[],True
13a_472,"[1,2]","[2,2]",u >= 2 (McCoy),[],True
13a_4720,"[1,2]","[2,2]",u >= 2 (McCoy),[],True
13a_4721,"[1,2]","[2,2]",u >= 2 (McCoy),[],True
13a_4722,"[1,2]","[2,2]",u >= 2 (McCoy),[],True
13a_4725,"[1,2]","[2,2]",u >= 2 (McCoy),[],True
13a_4727,"[1,2]","[2,2]",u >= 2 (McCoy),[],True
13a_4729,"[1,2]","[2,2]",u >= 2 (McCoy),[],True
13a_473,"[1,3]","[2,3]",u >= 2 (McCoy),[],False
13a_4730,"[1,1]","[1,1]",u = 1,[11],True
13a_4732,"[1,2]","[2,2]",u >= 2 (McCoy),[],True
13a_4733,"[1,3]","[2,3]",u >= 2 (McCoy),[],False
13a_4735,"[1,1]","[1,1]",u = 1,[1],True
13a_4736,"[1,1]","[1,1]",u = 1,[7],True
13a_4738,"[1,2]","[2,2]",u >= 2 (McCoy),[],True
13a_4743,"[1,2]","[2,2]",u >= 2 (McCoy),[],True
13a_4744,"[1,2]","[2,2]",u >= 2 (McCoy),[],True
13a_4745,"[1,1]","[1,1]",u = 1,[5],True
13a_4746,"[1,2]","[2,2]",u >= 2 (McCoy),[],True
13a_4748,"[1,2]","[2,2]",u >= 2 (McCoy),[],True
13a_4749,"[1,3]","[2,3]",u >= 2 (McCoy),[],False
13a_475,"[1,2]","[2,2]",u >= 2 (McCoy),[],True
13a_4752,"[1,2]","[2,2]",u >= 2 (McCoy),[],True
13a_4753,"[1,2]","[2,2]",u >= 2 (McCoy),[],True
13a_4754,"[1,1]","[1,1]",u = 1,[10],True
13a_4755,"[1,2]","[2,2]",u >= 2 (McCoy),[],True
13a_4759,"[1,2]","[2,2]",u >= 2 (McCoy),[],True
13a_476,"[1,3]","[2,3]",u >= 2 (McCoy),[],False
13a_4760,"[1,2]","[2,2]",u >= 2 (McCoy),[],True
13a_4762,"[1,1]","[1,1]",u = 1,[3],True
13a_477,"[1,2]","[2,2]",u >= 2 (McCoy),[],True
13a_4775,"[1,2]","[2,2]",u >= 2 (McCoy),[],True
13a_4778,"[1,2]","[2,2]",u >= 2 (McCoy),[],True
13a_4779,"[1,2]","[2,2]",u >= 2 (McCoy),[],True
13a_478,"[1,2]","[2,2]",u >= 2 (McCoy),[],True
13a_4783,"[1,2]","[2,2]",u >= 2 (McCoy),[],True
13a_4785,"[1,2]","[2,2]",u >= 2 (McCoy),[],True
13a_4786,"[1,2]","[2,2]",u >= 2 (McCoy),[],True
13a_479,"[1,2]","[2,2]",u >= 2 (McCoy),[],True
13a_4793,"[1,2]","[2,2]",u >= 2 (McCoy),[],True
13a_4794,"[1,3]","[2,3]",u >= 2 (McCoy),[],False
13a_4798,"[1,2]","[2,2]",u >= 2 (McCoy),[],True
13a_4804,"[1,2]","[2,2]",u >= 2 (McCoy),[],True
13a_4807,"[1,2]","[2,2]",u >= 2 (McCoy),[],True
13a_4808,"[1,2]","[2,2]",u >= 2 (McCoy),[],True
13a_4811,"[1,3]","[2,3]",u >= 2 (McCoy),[],False
13a_4816,"[1,2]","[2,2]",u >= 2 (McCoy),[],True
13a_4818,"[1,2]","[2,2]",u >= 2 (McCoy),[],True
13a_482,"[1,2]","[2,2]",u >= 2 (McCoy),[],True
13a_483,"[1,2]","[2,2]",u >= 2 (McCoy),[],True
13a_4844,"[1,2]","[2,2]",u >= 2 (McCoy),[],True
13a_4845,"[1,1]","[1,1]",u = 1,"[0,11]",True
13a_4846,"[1,2]","[2,2]",u >= 2 (McCoy),[],True
13a_4847,"[1,2]","[2,2]",u >= 2 (McCoy),[],True
13a_4848,"[1,2]","[2,2]",u >= 2 (McCoy),[],True
13a_485,"[1,2]","[2,2]",u >= 2 (McCoy),[],True
13a_4857,"[1,2]","[2,2]",u >= 2 (McCoy),[],True
13a_486,"[1,3]","[2,3]",u >= 2 (McCoy),[],False
13a_487,"[1,2]","[2,2]",u >= 2 (McCoy),[],True
13a_488,"[1,2]","[2,2]",u >= 2 (McCoy),[],True
13a_489,"[1,2]","[2,2]",u >= 2 (McCoy),[],True
13a_49,"[1,2]","[2,2]",u >= 2 (McCoy),[],True
13a_490,"[1,2]","[2,2]",u >= 2 (McCoy),[],True
13a_491,"[1,2]","[2,2]",u >= 2 (McCoy),[],True
13a_493,"[1,3]","[2,3]",u >= 2 (McCoy),[],False
13a_495,"[1,2]","[2,2]",u >= 2 (McCoy),[],True
13a_496,"[1,3]","[2,3]",u >= 2 (McCoy),[],False
13a_497,"[1,2]","[2,2]",u >= 2 (McCoy),[],True
13a_498,"[1,2]","[2,2]",u >= 2 (McCoy),[],True
13a_499,"[1,2]","[2,2]",u >= 2 (McCoy),[],True
13a_5,"[1,2]","[2,2]",u >= 2 (McCoy),[],True
13a_50,"[1,2]","[2,2]",u >= 2 (McCoy),[],True
13a_500,"[1,2]","[2,2]",u >= 2 (McCoy),[],True
13a_504,"[1,2]","[2,2]",u >= 2 (McCoy),[],True
13a_505,"[1,2]","[2,2]",u >= 2 (McCoy),[],True
13a_506,"[1,2]","[2,2]",u >= 2 (McCoy),[],True
13a_508,"[1,2]","[2,2]",u >= 2 (McCoy),[],True
13a_509,"[1,1]","[1,1]",u = 1,[12],True
13a_51,"[1,3]","[2,3]",u >= 2 (McCoy),[],False
13a_510,"[1,1]","[1,1]",u = 1,[0],True
13a_511,"[1,2]","[2,2]",u >= 2 (McCoy),[],True
13a_512,"[1,2]","[2,2]",u >= 2 (McCoy),[],True
13a_513,"[1,2]","[2,2]",u >= 2 (McCoy),[],True
13a_514,"[1,2]","[2,2]",u >= 2 (McCoy),[],True
13a_515,"[1,2]","[2,2]",u >= 2 (McCoy),[],True
13a_516,"[1,2]","[2,2]",u >= 2 (McCoy),[],True
13a_518,"[1,2]","[2,2]",u >= 2 (McCoy),[],True
13a_519,"[1,2]","[2,2]",u >= 2 (McCoy),[],True
13a_52,"[1,2]","[2,2]",u >= 2 (McCoy),[],True
13a_520,"[1,2]","[2,2]",u >= 2 (McCoy),[],True
13a_521,"[1,2]","[2,2]",u >= 2 (McCoy),[],True
13a_522,"[1,2]","[2,2]",u >= 2 (McCoy),[],True
13a_523,"[1,3]","[2,2]",u >= 2 (McCoy),[],False
13a_527,"[1,2]","[2,2]",u >= 2 (McCoy),[],True
13a_528,"[1,3]","[2,3]",u >= 2 (McCoy),[],False
13a_529,"[1,2]","[2,2]",u >= 2 (McCoy),[],True
13a_53,"[1,2]","[2,2]",u >= 2 (McCoy),[],True
13a_530,"[1,2]","[2,2]",u >= 2 (McCoy),[],True
13a_532,"[1,3]","[2,3]",u >= 2 (McCoy),[],False
13a_534,"[1,1]","[1,1]",u = 1,[12],True
13a_535,"[1,3]","[2,3]",u >= 2 (McCoy),[],False
13a_536,"[1,3]","[2,3]",u >= 2 (McCoy),[],False
13a_537,"[1,3]","[2,3]",u >= 2 (McCoy),[],False
13a_538,"[1,2]","[2,2]",u >= 2 (McCoy),[],True
13a_539,"[1,2]","[2,2]",u >= 2 (McCoy),[],True
13a_54,"[1,2]","[2,2]",u >= 2 (McCoy),[],True
13a_540,"[1,2]","[2,2]",u >= 2 (McCoy),[],True
13a_541,"[1,2]","[2,2]",u >= 2 (McCoy),[],True
13a_544,"[1,3]","[2,3]",u >= 2 (McCoy),[],False
13a_545,"[1,3]","[2,3]",u >= 2 (McCoy),[],False
13a_546,"[1,2]","[2,2]",u >= 2 (McCoy),[],True
13a_547,"[1,3]","[2,3]",u >= 2 (McCoy),[],False
13a_549,"[1,3]","[2,3]",u >= 2 (McCoy),[],False
13a_550,"[1,2]","[2,2]",u >= 2 (McCoy),[],True
13a_551,"[1,3]","[2,3]",u >= 2 (McCoy),[],False
13a_552,"[1,3]","[2,3]",u >= 2 (McCoy),[],False
13a_553,"[1,3]","[2,3]",u >= 2 (McCoy),[],False
13a_554,"[1,2]","[2,2]",u >= 2 (McCoy),[],True
13a_555,"[1,2]","[2,2]",u >= 2 (McCoy),[],True
13a_556,"[1,3]","[2,3]",u >= 2 (McCoy),[],False
13a_557,"[1,3]","[2,3]",u >= 2 (McCoy),[],False
13a_558,"[1,2]","[2,2]",u >= 2 (McCoy),[],True
13a_559,"[1,2]","[2,2]",u >= 2 (McCoy),[],True
13a_561,"[1,2]","[2,2]",u >= 2 (McCoy),[],True
13a_562,"[1,2]","[2,2]",u >= 2 (McCoy),[],True
13a_563,"[1,2]","[2,2]",u >= 2 (McCoy),[],True
13a_565,"[1,2]","[2,2]",u >= 2 (McCoy),[],True
13a_57,"[1,2]","[2,2]",u >= 2 (McCoy),[],True
13a_570,"[1,2]","[2,2]",u >= 2 (McCoy),[],True
13a_572,"[1,2]","[2,2]",u >= 2 (McCoy),[],True
13a_573,"[1,3]","[2,3]",u >= 2 (McCoy),[],False
13a_577,"[1,2]","[2,2]",u >= 2 (McCoy),[],True
13a_579,"[1,3]","[2,2]",u >= 2 (McCoy),[],False
13a_58,"[1,2]","[2,2]",u >= 2 (McCoy),[],True
13a_580,"[1,2]","[2,2]",u >= 2 (McCoy),[],True
13a_581,"[1,2]","[2,2]",u >= 2 (McCoy),[],True
13a_582,"[1,2]","[2,2]",u >= 2 (McCoy),[],True
13a_583,"[1,2]","[2,2]",u >= 2 (McCoy),[],True
13a_585,"[1,3]","[2,3]",u >= 2 (McCoy),[],False
13a_588,"[1,3]","[2,3]",u >= 2 (McCoy),[],False
13a_59,"[1,2]","[2,2]",u >= 2 (McCoy),[],True
13a_590,"[1,2]","[2,2]",u >= 2 (McCoy),[],True
13a_591,"[1,2]","[2,2]",u >= 2 (McCoy),[],True
13a_592,"[1,2]","[2,2]",u >= 2 (McCoy),[],True
13a_593,"[1,3]","[2,3]",u >= 2 (McCoy),[],False
13a_595,"[1,2]","[2,2]",u >= 2 (McCoy),[],True
13a_597,"[1,3]","[2,3]",u >= 2 (McCoy),[],False
13a_598,"[1,3]","[2,3]",u >= 2 (McCoy),[],False
13a_599,"[1,2]","[2,2]",u >= 2 (McCoy),[],True
13a_6,"[1,2]","[2,2]",u >= 2 (McCoy),[],True
13a_600,"[1,2]","[2,2]",u >= 2 (McCoy),[],True
13a_602,"[1,2]","[2,2]",u >= 2 (McCoy),[],True
13a_603,"[1,2]","[2,2]",u >= 2 (McCoy),[],True
13a_604,"[1,2]","[2,2]",u >= 2 (McCoy),[],True
13a_605,"[1,2]","[2,2]",u >= 2 (McCoy),[],True
13a_606,"[1,2]","[2,2]",u >= 2 (McCoy),[],True
13a_607,"[1,1]","[1,1]",u = 1,[3],True
13a_608,"[1,3]","[2,3]",u >= 2 (McCoy),[],False
13a_609,"[1,2]","[2,2]",u >= 2 (McCoy),[],True
13a_61,"[1,2]","[2,2]",u >= 2 (McCoy),[],True
13a_610,"[1,2]","[2,2]",u >= 2 (McCoy),[],True
13a_611,"[1,2]","[2,2]",u >= 2 (McCoy),[],True
13a_612,"[1,2]","[2,2]",u >= 2 (McCoy),[],True
13a_613,"[1,3]","[2,3]",u >= 2 (McCoy),[],False
13a_614,"[1,2]","[2,2]",u >= 2 (McCoy),[],True
13a_615,"[1,1]","[1,1]",u = 1,[3],True
13a_619,"[1,3]","[2,3]",u >= 2 (McCoy),[],False
13a_62,"[1,2]","[2,2]",u >= 2 (McCoy),[],True
13a_620,"[1,2]","[2,2]",u >= 2 (McCoy),[],True
13a_625,"[1,2]","[2,2]",u >= 2 (McCoy),[],True
13a_626,"[1,2]","[2,2]",u >= 2 (McCoy),[],True
13a_627,"[1,2]","[2,2]",u >= 2 (McCoy),[],True
13a_628,"[1,1]","[1,1]",u = 1,[0],True
13a_63,"[1,2]","[2,2]",u >= 2 (McCoy),[],True
13a_630,"[1,3]","[2,3]",u >= 2 (McCoy),[],False
13a_632,"[1,2]","[2,2]",u >= 2 (McCoy),[],True
13a_633,"[1,3]","[2,3]",u >= 2 (McCoy),[],False
13a_634,"[1,2]","[2,2]",u >= 2 (McCoy),[],True
13a_635,"[1,2]","[2,2]",u >= 2 (McCoy),[],True
13a_637,"[1,2]","[2,2]",u >= 2 (McCoy),[],True
13a_638,"[1,3]","[2,3]",u >= 2 (McCoy),[],False
13a_639,"[1,3]","[2,3]",u >= 2 (McCoy),[],False
13a_64,"[1,2]","[2,2]",u >= 2 (McCoy),[],True
13a_640,"[1,2]","[2,2]",u >= 2 (McCoy),[],True
13a_641,"[1,3]","[2,3]",u >= 2 (McCoy),[],False
13a_642,"[1,2]","[2,2]",u >= 2 (McCoy),[],True
13a_649,"[1,2]","[2,2]",u >= 2 (McCoy),[],True
13a_651,"[1,2]","[2,2]",u >= 2 (McCoy),[],True
13a_652,"[1,2]","[2,2]",u >= 2 (McCoy),[],True
13a_654,"[1,2]","[2,2]",u >= 2 (McCoy),[],True
13a_655,"[1,3]","[2,3]",u >= 2 (McCoy),[],False
13a_656,"[1,3]","[2,2]",u >= 2 (McCoy),[],False
13a_657,"[1,2]","[2,2]",u >= 2 (McCoy),[],True
13a_659,"[1,2]","[2,2]",u >= 2 (McCoy),[],True
13a_66,"[1,2]","[2,2]",u >= 2 (McCoy),[],True
13a_662,"[1,2]","[2,2]",u >= 2 (McCoy),[],True
13a_663,"[1,2]","[2,2]",u >= 2 (McCoy),[],True
13a_664,"[1,2]","[2,2]",u >= 2 (McCoy),[],True
13a_667,"[1,2]","[2,2]",u >= 2 (McCoy),[],True
13a_669,"[1,2]","[2,2]",u >= 2 (McCoy),[],True
13a_67,"[1,2]","[2,2]",u >= 2 (McCoy),[],True
13a_671,"[1,2]","[2,2]",u >= 2 (McCoy),[],True
13a_672,"[1,2]","[2,2]",u >= 2 (McCoy),[],True
13a_673,"[1,2]","[2,2]",u >= 2 (McCoy),[],True
13a_674,"[1,2]","[2,2]",u >= 2 (McCoy),[],True
13a_675,"[1,2]","[2,2]",u >= 2 (McCoy),[],True
13a_676,"[1,2]","[2,2]",u >= 2 (McCoy),[],True
13a_677,"[1,2]","[2,2]",u >= 2 (McCoy),[],True
13a_679,"[1,2]","[2,2]",u >= 2 (McCoy),[],True
13a_68,"[1,2]","[2,2]",u >= 2 (McCoy),[],True
13a_680,"[1,1]","[1,1]",u = 1,[5],True
13a_681,"[1,2]","[2,2]",u >= 2 (McCoy),[],True
13a_682,"[1,2]","[2,2]",u >= 2 (McCoy),[],True
13a_683,"[1,3]","[2,3]",u >= 2 (McCoy),[],False
13a_685,"[1,2]","[2,2]",u >= 2 (McCoy),[],True
13a_686,"[1,2]","[2,2]",u >= 2 (McCoy),[],True
13a_687,"[1,2]","[2,2]",u >= 2 (McCoy),[],True
13a_688,"[1,2]","[2,2]",u >= 2 (McCoy),[],True
13a_689,"[1,2]","[2,2]",u >= 2 (McCoy),[],True
13a_69,"[1,2]","[2,2]",u >= 2 (McCoy),[],True
13a_691,"[1,2]","[2,2]",u >= 2 (McCoy),[],True
13a_692,"[1,2]","[2,2]",u >= 2 (McCoy),[],True
13a_694,"[1,2]","[2,2]",u >= 2 (McCoy),[],True
13a_695,"[1,2]","[2,2]",u >= 2 (McCoy),[],True
13a_696,"[1,2]","[2,2]",u >= 2 (McCoy),[],True
13a_697,"[1,2]","[2,2]",u >= 2 (McCoy),[],True
13a_698,"[1,2]","[2,2]",u >= 2 (McCoy),[],True
13a_699,"[1,1]","[1,1]",u = 1,[0],True
13a_7,"[1,2]","[2,2]",u >= 2 (McCoy),[],True
13a_70,"[1,2]","[2,2]",u >= 2 (McCoy),[],True
13a_701,"[1,3]","[2,3]",u >= 2 (McCoy),[],False
13a_702,"[1,3]","[2,3]",u >= 2 (McCoy),[],False
13a_703,"[1,2]","[2,2]",u >= 2 (McCoy),[],True
13a_704,"[1,2]","[2,2]",u >= 2 (McCoy),[],True
13a_705,"[1,2]","[2,2]",u >= 2 (McCoy),[],True
13a_706,"[1,2]","[2,2]",u >= 2 (McCoy),[],True
13a_707,"[1,2]","[2,2]",u >= 2 (McCoy),[],True
13a_711,"[1,2]","[2,2]",u >= 2 (McCoy),[],True
13a_712,"[1,2]","[2,2]",u >= 2 (McCoy),[],True
13a_713,"[1,1]","[1,1]",u = 1,"[5,6]",True
13a_714,"[1,2]","[2,2]",u >= 2 (McCoy),[],True
13a_715,"[1,1]","[1,1]",u = 1,[8],True
13a_716,"[1,2]","[2,2]",u >= 2 (McCoy),[],True
13a_718,"[1,2]","[2,2]",u >= 2 (McCoy),[],True
13a_72,"[1,2]","[2,2]",u >= 2 (McCoy),[],True
13a_720,"[1,2]","[2,2]",u >= 2 (McCoy),[],True
13a_722,"[1,2]","[2,2]",u >= 2 (McCoy),[],True
13a_723,"[1,2]","[2,2]",u >= 2 (McCoy),[],True
13a_724,"[1,1]","[1,1]",u = 1,[0],True
13a_725,"[1,2]","[2,2]",u >= 2 (McCoy),[],True
13a_726,"[1,2]","[2,2]",u >= 2 (McCoy),[],True
13a_727,"[1,2]","[2,2]",u >= 2 (McCoy),[],True
13a_728,"[1,2]","[2,2]",u >= 2 (McCoy),[],True
13a_73,"[1,2]","[2,2]",u >= 2 (McCoy),[],True
13a_730,"[1,2]","[2,2]",u >= 2 (McCoy),[],True
13a_732,"[1,2]","[2,2]",u >= 2 (McCoy),[],True
13a_733,"[1,2]","[2,2]",u >= 2 (McCoy),[],True
13a_734,"[1,2]","[2,2]",u >= 2 (McCoy),[],True
13a_736,"[1,3]","[2,3]",u >= 2 (McCoy),[],False
13a_737,"[1,2]","[2,2]",u >= 2 (McCoy),[],True
13a_738,"[1,2]","[2,2]",u >= 2 (McCoy),[],True
13a_739,"[1,2]","[2,2]",u >= 2 (McCoy),[],True
13a_74,"[1,2]","[2,2]",u >= 2 (McCoy),[],True
13a_740,"[1,2]","[2,2]",u >= 2 (McCoy),[],True
13a_741,"[1,2]","[2,2]",u >= 2 (McCoy),[],True
13a_742,"[1,2]","[2,2]",u >= 2 (McCoy),[],True
13a_744,"[1,2]","[2,2]",u >= 2 (McCoy),[],True
13a_745,"[1,2]","[2,2]",u >= 2 (McCoy),[],True
13a_747,"[1,2]","[2,2]",u >= 2 (McCoy),[],True
13a_748,"[1,2]","[2,2]",u >= 2 (McCoy),[],True
13a_749,"[1,2]","[2,2]",u >= 2 (McCoy),[],True
13a_75,"[1,2]","[2,2]",u >= 2 (McCoy),[],True
13a_750,"[1,2]","[2,2]",u >= 2 (McCoy),[],True
13a_751,"[1,2]","[2,2]",u >= 2 (McCoy),[],True
13a_752,"[1,2]","[2,2]",u >= 2 (McCoy),[],True
13a_753,"[1,2]","[2,2]",u >= 2 (McCoy),[],True
13a_754,"[1,2]","[2,2]",u >= 2 (McCoy),[],True
13a_755,"[1,2]","[2,2]",u >= 2 (McCoy),[],True
13a_756,"[1,1]","[1,1]",u = 1,[0],True
13a_757,"[1,2]","[2,2]",u >= 2 (McCoy),[],True
13a_758,"[1,2]","[2,2]",u >= 2 (McCoy),[],True
13a_759,"[1,2]","[2,2]",u >= 2 (McCoy),[],True
13a_760,"[1,2]","[2,2]",u >= 2 (McCoy),[],True
13a_761,"[1,1]","[1,1]",u = 1,"[4,7]",True
13a_762,"[1,1]","[1,1]",u = 1,"[9,12]",True
13a_763,"[1,2]","[2,2]",u >= 2 (McCoy),[],True
13a_764,"[1,2]","[2,2]",u >= 2 (McCoy),[],True
13a_765,"[1,2]","[2,2]",u >= 2 (McCoy),[],True
13a_766,"[1,2]","[2,2]",u >= 2 (McCoy),[],True
13a_767,"[1,2]","[2,2]",u >= 2 (McCoy),[],True
13a_768,"[1,2]","[2,2]",u >= 2 (McCoy),[],True
13a_769,"[1,2]","[2,2]",u >= 2 (McCoy),[],True
13a_77,"[1,2]","[2,2]",u >= 2 (McCoy),[],True
13a_771,"[1,2]","[2,2]",u >= 2 (McCoy),[],True
13a_772,"[1,1]","[1,1]",u = 1,[0],True
13a_773,"[1,1]","[1,1]",u = 1,[0],True
13a_774,"[1,2]","[2,2]",u >= 2 (McCoy),[],True
13a_776,"[1,2]","[2,2]",u >= 2 (McCoy),[],True
13a_777,"[1,2]","[2,2]",u >= 2 (McCoy),[],True
13a_778,"[1,1]","[1,1]",u = 1,[4],True
13a_779,"[1,2]","[2,2]",u >= 2 (McCoy),[],True
13a_78,"[1,3]","[2,3]",u >= 2 (McCoy),[],False
13a_781,"[1,2]","[2,2]",u >= 2 (McCoy),[],True
13a_782,"[1,2]","[2,2]",u >= 2 (McCoy),[],True
13a_784,"[1,2]","[2,2]",u >= 2 (McCoy),[],True
13a_785,"[1,2]","[2,2]",u >= 2 (McCoy),[],True
13a_786,"[1,2]","[2,2]",u >= 2 (McCoy),[],True
13a_787,"[1,2]","[2,2]",u >= 2 (McCoy),[],True
13a_788,"[1,1]","[1,1]",u = 1,[3],True
13a_789,"[1,2]","[2,2]",u >= 2 (McCoy),[],True
13a_79,"[1,2]","[2,2]",u >= 2 (McCoy),[],True
13a_791,"[1,3]","[2,3]",u >= 2 (McCoy),[],False
13a_792,"[1,2]","[2,2]",u >= 2 (McCoy),[],True
13a_793,"[1,2]","[2,2]",u >= 2 (McCoy),[],True
13a_794,"[1,1]","[1,1]",u = 1,[11],True
13a_795,"[1,2]","[2,2]",u >= 2 (McCoy),[],True
13a_797,"[1,2]","[2,2]",u >= 2 (McCoy),[],True
13a_799,"[1,2]","[2,2]",u >= 2 (McCoy),[],True
13a_800,"[1,3]","[2,3]",u >= 2 (McCoy),[],False
13a_801,"[1,2]","[2,2]",u >= 2 (McCoy),[],True
13a_802,"[1,2]","[2,2]",u >= 2 (McCoy),[],True
13a_805,"[1,2]","[2,2]",u >= 2 (McCoy),[],True
13a_806,"[1,1]","[1,1]",u = 1,[4],True
13a_807,"[1,2]","[2,2]",u >= 2 (McCoy),[],True
13a_808,"[1,2]","[2,2]",u >= 2 (McCoy),[],True
13a_81,"[1,2]","[2,2]",u >= 2 (McCoy),[],True
13a_810,"[1,2]","[2,2]",u >= 2 (McCoy),[],True
13a_811,"[1,3]","[2,3]",u >= 2 (McCoy),[],False
13a_813,"[1,3]","[2,3]",u >= 2 (McCoy),[],False
13a_814,"[1,2]","[2,2]",u >= 2 (McCoy),[],True
13a_815,"[1,2]","[2,2]",u >= 2 (McCoy),[],True
13a_817,"[1,2]","[2,2]",u >= 2 (McCoy),[],True
13a_818,"[1,1]","[1,1]",u = 1,[7],True
13a_820,"[1,2]","[2,2]",u >= 2 (McCoy),[],True
13a_821,"[1,1]","[1,1]",u = 1,[4],True
13a_822,"[1,2]","[2,2]",u >= 2 (McCoy),[],True
13a_824,"[1,1]","[1,1]",u = 1,[7],True
13a_827,"[1,2]","[2,2]",u >= 2 (McCoy),[],True
13a_829,"[1,2]","[2,2]",u >= 2 (McCoy),[],True
13a_83,"[1,2]","[2,2]",u >= 2 (McCoy),[],True
13a_830,"[1,2]","[2,2]",u >= 2 (McCoy),[],True
13a_831,"[1,1]","[1,1]",u = 1,[0],True
13a_832,"[1,1]","[1,1]",u = 1,"[0,12]",True
13a_833,"[1,2]","[2,2]",u >= 2 (McCoy),[],True
13a_834,"[1,1]","[1,1]",u = 1,[12],True
13a_836,"[1,1]","[1,1]",u = 1,[0],True
13a_837,"[1,2]","[2,2]",u >= 2 (McCoy),[],True
13a_838,"[1,2]","[2,2]",u >= 2 (McCoy),[],True
13a_839,"[1,2]","[2,2]",u >= 2 (McCoy),[],True
13a_84,"[1,2]","[2,2]",u >= 2 (McCoy),[],True
13a_840,"[1,2]","[2,2]",u >= 2 (McCoy),[],True
13a_841,"[1,1]","[1,1]",u = 1,[0],True
13a_842,"[1,2]","[2,2]",u >= 2 (McCoy),[],True
13a_843,"[1,1]","[1,1]",u = 1,[3],True
13a_844,"[1,2]","[2,2]",u >= 2 (McCoy),[],True
13a_846,"[1,1]","[1,1]",u = 1,[3],True
13a_847,"[1,2]","[2,2]",u >= 2 (McCoy),[],True
13a_848,"[1,2]","[2,2]",u >= 2 (McCoy),[],True
13a_849,"[1,2]","[2,2]",u >= 2 (McCoy),[],True
13a_850,"[1,2]","[2,2]",u >= 2 (McCoy),[],True
13a_851,"[1,2]","[2,2]",u >= 2 (McCoy),[],True
13a_852,"[1,2]","[2,2]",u >= 2 (McCoy),[],True
13a_853,"[1,2]","[2,2]",u >= 2 (McCoy),[],True
13a_855,"[1,2]","[2,2]",u >= 2 (McCoy),[],True
13a_856,"[1,2]","[2,2]",u >= 2 (McCoy),[],True
13a_857,"[1,1]","[1,1]",u = 1,[4],True
13a_862,"[1,3]","[2,3]",u >= 2 (McCoy),[],False
13a_863,"[1,3]","[2,2]",u >= 2 (McCoy),[],False
13a_864,"[1,2]","[2,2]",u >= 2 (McCoy),[],True
13a_870,"[1,1]","[1,1]",u = 1,[8],True
13a_871,"[1,2]","[2,2]",u >= 2 (McCoy),[],True
13a_872,"[1,2]","[2,2]",u >= 2 (McCoy),[],True
13a_874,"[1,2]","[2,2]",u >= 2 (McCoy),[],True
13a_875,"[1,2]","[2,2]",u >= 2 (McCoy),[],True
13a_876,"[1,2]","[2,2]",u >= 2 (McCoy),[],True
13a_878,"[1,2]","[2,2]",u >= 2 (McCoy),[],True
13a_879,"[1,2]","[2,2]",u >= 2 (McCoy),[],True
13a_88,"[1,2]","[2,2]",u >= 2 (McCoy),[],True
13a_880,"[1,2]","[2,2]",u >= 2 (McCoy),[],True
13a_881,"[1,2]","[2,2]",u >= 2 (McCoy),[],True
13a_882,"[1,1]","[1,1]",u = 1,[0],True
13a_883,"[1,1]","[1,1]",u = 1,[0],True
13a_884,"[1,2]","[2,2]",u >= 2 (McCoy),[],True
13a_885,"[1,1]","[1,1]",u = 1,"[8,11]",True
13a_886,"[1,2]","[2,2]",u >= 2 (McCoy),[],True
13a_89,"[1,2]","[2,2]",u >= 2 (McCoy),[],True
13a_890,"[1,2]","[2,2]",u >= 2 (McCoy),[],True
13a_891,"[1,2]","[2,2]",u >= 2 (McCoy),[],True
13a_892,"[1,2]","[2,2]",u >= 2 (McCoy),[],True
13a_894,"[1,2]","[2,2]",u >= 2 (McCoy),[],True
13a_897,"[1,2]","[2,2]",u >= 2 (McCoy),[],True
13a_898,"[1,2]","[2,2]",u >= 2 (McCoy),[],True
13a_899,"[1,2]","[2,2]",u >= 2 (McCoy),[],True
13a_90,"[1,2]","[2,2]",u >= 2 (McCoy),[],True
13a_900,"[1,2]","[2,2]",u >= 2 (McCoy),[],True
13a_902,"[1,1]","[1,1]",u = 1,[12],True
13a_903,"[1,2]","[2,2]",u >= 2 (McCoy),[],True
13a_905,"[1,2]","[2,2]",u >= 2 (McCoy),[],True
13a_906,"[1,3]","[2,3]",u >= 2 (McCoy),[],False
13a_907,"[1,2]","[2,2]",u >= 2 (McCoy),[],True
13a_908,"[1,3]","[2,3]",u >= 2 (McCoy),[],False
13a_909,"[1,2]","[2,2]",u >= 2 (McCoy),[],True
13a_91,"[1,1]","[1,1]",u = 1,[0],True
13a_911,"[1,2]","[2,2]",u >= 2 (McCoy),[],True
13a_912,"[1,2]","[2,2]",u >= 2 (McCoy),[],True
13a_913,"[1,2]","[2,2]",u >= 2 (McCoy),[],True
13a_914,"[1,2]","[2,2]",u >= 2 (McCoy),[],True
13a_915,"[1,2]","[2,2]",u >= 2 (McCoy),[],True
13a_916,"[1,3]","[2,3]",u >= 2 (McCoy),[],False
13a_917,"[1,2]","[2,2]",u >= 2 (McCoy),[],True
13a_918,"[1,2]","[2,2]",u >= 2 (McCoy),[],True
13a_919,"[1,2]","[2,2]",u >= 2 (McCoy),[],True
13a_92,"[1,1]","[1,1]",u = 1,[0],True
13a_921,"[1,2]","[2,2]",u >= 2 (McCoy),[],True
13a_922,"[1,3]","[2,3]",u >= 2 (McCoy),[],False
13a_923,"[1,2]","[2,2]",u >= 2 (McCoy),[],True
13a_924,"[1,2]","[2,2]",u >= 2 (McCoy),[],True
13a_925,"[1,2]","[2,2]",u >= 2 (McCoy),[],True
13a_926,"[1,2]","[2,2]",u >= 2 (McCoy),[],True
13a_927,"[1,2]","[2,2]",u >= 2 (McCoy),[],True
13a_928,"[1,2]","[2,2]",u >= 2 (McCoy),[],True
13a_929,"[1,3]","[2,3]",u >= 2 (McCoy),[],False
13a_93,"[1,2]","[2,2]",u >= 2 (McCoy),[],True
13a_931,"[1,2]","[2,2]",u >= 2 (McCoy),[],True
13a_934,"[1,2]","[2,2]",u >= 2 (McCoy),[],True
13a_935,"[1,2]","[2,2]",u >= 2 (McCoy),[],True
13a_937,"[1,1]","[1,1]",u = 1,[0],True
13a_938,"[1,2]","[2,2]",u >= 2 (McCoy),[],True
13a_939,"[1,2]","[2,2]",u >= 2 (McCoy),[],True
13a_94,"[1,2]","[2,2]",u >= 2 (McCoy),[],True
13a_940,"[1,2]","[2,2]",u >= 2 (McCoy),[],True
13a_941,"[1,2]","[2,2]",u >= 2 (McCoy),[],True
13a_942,"[1,2]","[2,2]",u >= 2 (McCoy),[],True
13a_943,"[1,2]","[2,2]",u >= 2 (McCoy),[],True
13a_944,"[1,1]","[1,1]",u = 1,[0],True
13a_945,"[1,2]","[2,2]",u >= 2 (McCoy),[],True
13a_946,"[1,2]","[2,2]",u >= 2 (McCoy),[],True
13a_947,"[1,2]","[2,2]",u >= 2 (McCoy),[],True
13a_948,"[1,2]","[2,2]",u >= 2 (McCoy),[],True
13a_949,"[1,2]","[2,2]",u >= 2 (McCoy),[],True
13a_95,"[1,2]","[2,2]",u >= 2 (McCoy),[],True
13a_951,"[1,2]","[2,2]",u >= 2 (McCoy),[],True
13a_952,"[1,2]","[2,2]",u >= 2 (McCoy),[],True
13a_953,"[1,3]","[2,3]",u >= 2 (McCoy),[],False
13a_954,"[1,2]","[2,2]",u >= 2 (McCoy),[],True
13a_955,"[1,2]","[2,2]",u >= 2 (McCoy),[],True
13a_957,"[1,1]","[1,1]",u = 1,[11],True
13a_958,"[1,2]","[2,2]",u >= 2 (McCoy),[],True
13a_959,"[1,3]","[2,3]",u >= 2 (McCoy),[],False
13a_960,"[1,3]","[2,3]",u >= 2 (McCoy),[],False
13a_961,"[1,2]","[2,2]",u >= 2 (McCoy),[],True
13a_964,"[1,2]","[2,2]",u >= 2 (McCoy),[],True
13a_965,"[1,3]","[2,3]",u >= 2 (McCoy),[],False
13a_966,"[1,2]","[2,2]",u >= 2 (McCoy),[],True
13a_967,"[1,2]","[2,2]",u >= 2 (McCoy),[],True
13a_968,"[1,2]","[2,2]",u >= 2 (McCoy),[],True
13a_969,"[1,2]","[2,2]",u >= 2 (McCoy),[],True
13a_97,"[1,2]","[2,2]",u >= 2 (McCoy),[],True
13a_970,"[1,2]","[2,2]",u >= 2 (McCoy),[],True
13a_971,"[1,3]","[2,3]",u >= 2 (McCoy),[],False
13a_973,"[1,2]","[2,2]",u >= 2 (McCoy),[],True
13a_974,"[1,2]","[2,2]",u >= 2 (McCoy),[],True
13a_977,"[1,1]","[1,1]",u = 1,[12],True
13a_978,"[1,2]","[2,2]",u >= 2 (McCoy),[],True
13a_98,"[1,2]","[2,2]",u >= 2 (McCoy),[],True
13a_980,"[1,2]","[2,2]",u >= 2 (McCoy),[],True
13a_982,"[1,2]","[2,2]",u >= 2 (McCoy),[],True
13a_985,"[1,2]","[2,2]",u >= 2 (McCoy),[],True
13a_986,"[1,2]","[2,2]",u >= 2 (McCoy),[],True
13a_987,"[1,2]","[2,2]",u >= 2 (McCoy),[],True
13a_988,"[1,2]","[2,2]",u >= 2 (McCoy),[],True
13a_99,"[1,1]","[1,1]",u = 1,[3],True
13a_992,"[1,2]","[2,2]",u >= 2 (McCoy),[],True
13a_993,"[1,2]","[2,2]",u >= 2 (McCoy),[],True
13a_995,"[1,3]","[2,3]",u >= 2 (McCoy),[],False
13a_996,"[1,3]","[2,3]",u >= 2 (McCoy),[],False
13a_997,"[1,3]","[2,3]",u >= 2 (McCoy),[],False
13a_998,"[1,3]","[2,3]",u >= 2 (McCoy),[],False
13a_999,"[1,2]","[2,2]",u >= 2 (McCoy),[],True
3_1,"[1,1]","[1,1]",u = 1,"[0,1,2]",True
4_1,"[1,1]","[1,1]",u = 1,"[0,1,2,3]",True
5_2,"[1,1]","[1,1]",u = 1,"[1,3]",True
6_1,"[1,1]","[1,1]",u = 1,"[1,4]",True
6_2,"[1,1]","[1,1]",u = 1,[4],True
6_3,"[1,1]","[1,1]",u = 1,"[0,2]",True
7_2,"[1,1]","[1,1]",u = 1,"[0,3]",True
7_6,"[1,1]","[1,1]",u = 1,[0],True
7_7,"[1,1]","[1,1]",u = 1,"[3,5]",True
8_1,"[1,1]","[1,1]",u = 1,"[2,6]",True
8_11,"[1,1]","[1,1]",u = 1,[5],True
8_13,"[1,1]","[1,1]",u = 1,"[3,7]",True
8_14,"[1,1]","[1,1]",u = 1,[6],True
8_17,"[1,1]","[1,1]",u = 1,"[1,4]",True
8_7,"[1,1]","[1,1]",u = 1,[4],True
8_9,"[1,1]","[1,1]",u = 1,"[0,3]",True
9_12,"[1,1]","[1,1]",u = 1,[7],True
9_14,"[1,1]","[1,1]",u = 1,[8],True
9_19,"[1,1]","[1,1]",u = 1,[5],True
9_2,"[1,1]","[1,1]",u = 1,"[1,6]",True
9_21,"[1,1]","[1,1]",u = 1,[2],True
9_22,"[1,1]","[1,1]",u = 1,[3],True
9_24,"[1,1]","[1,1]",u = 1,[1],True
9_26,"[1,1]","[1,1]",u = 1,[3],True
9_27,"[1,1]","[1,1]",u = 1,[0],True
9_28,"[1,1]","[1,1]",u = 1,"[2,4]",True
9_30,"[1,1]","[1,1]",u = 1,[8],True
9_33,"[1,1]","[1,1]",u = 1,[8],True
9_34,"[1,1]","[1,1]",u = 1,"[2,8]",True
9_39,"[1,1]","[1,1]",u = 1,"[2,4]",True
