name,determinant,role,cohorts,Greene_candidate_vectors,Montesinos_candidate_vectors,PE_passes,PES_passes,PEM_passes,PESM_passes,PESMB_passes
10_1,17,control,montesinos,,1,1,1,1,1,1
10_10,45,control,montesinos,,1,1,1,1,1,1
10_12,47,control,montesinos,,1,1,0,0,0,0
10_125,11,control,montesinos,,1,1,0,0,0,0
10_126,19,control,montesinos,,1,1,0,0,0,0
10_127,29,control,montesinos,,1,0,0,0,0,0
10_129,25,control,greene;montesinos,1,1,1,1,1,1,1
10_13,53,control,montesinos,,1,1,0,0,0,0
10_130,17,control,montesinos,,1,1,0,0,0,0
10_131,31,control,greene;montesinos,1,1,1,1,1,1,1
10_132,5,control,montesinos,,1,1,1,1,1,1
10_133,19,control,greene;montesinos,1,1,1,1,1,1,1
10_135,37,control,montesinos,,1,1,0,0,0,0
10_136,15,control,montesinos,,1,1,1,1,1,1
10_137,25,control,greene;montesinos,1,1,1,1,1,1,1
10_138,35,control,montesinos,,1,1,0,0,0,0
10_14,57,control,montesinos,,1,0,0,0,0,0
10_140,9,control,montesinos,,1,0,0,0,0,0
10_141,21,control,greene;montesinos,1,1,1,1,1,1,1
10_143,27,control,greene;montesinos,1,1,1,1,1,1,1
10_144,39,control,montesinos,,1,0,0,0,0,0
10_145,3,control,montesinos,,1,0,0,0,0,0
10_146,33,control,greene;montesinos,1,1,1,1,1,1,1
10_147,27,control,greene;montesinos,1,1,1,1,1,1,1
10_15,43,control,montesinos,,1,1,0,0,0,0
10_156,35,control,greene,1,,1,1,1,1,1
10_159,39,control,greene,1,,1,1,1,1,1
10_16,47,control,montesinos,,1,1,0,0,0,0
10_164,45,control,greene,1,,1,1,1,1,1
10_17,41,control,montesinos,,1,1,1,1,1,1
10_18,55,control,montesinos,,1,1,1,1,1,1
10_19,51,control,montesinos,,1,0,0,0,0,0
10_20,35,control,montesinos,,1,0,0,0,0,0
10_21,45,control,montesinos,,1,0,0,0,0,0
10_22,49,control,montesinos,,1,1,0,0,0,0
10_23,59,control,montesinos,,1,1,1,1,1,1
10_24,55,control,montesinos,,1,0,0,0,0,0
10_25,65,control,montesinos,,1,0,0,0,0,0
10_26,61,control,montesinos,,1,1,1,1,1,1
10_27,71,control,montesinos,,1,1,1,1,1,1
10_28,53,control,montesinos,,1,1,0,0,0,0
10_29,63,control,montesinos,,1,0,0,0,0,0
10_3,25,control,montesinos,,1,0,0,0,0,0
10_30,67,control,montesinos,,1,1,1,1,1,1
10_31,57,control,montesinos,,1,1,1,1,1,1
10_32,69,control,montesinos,,1,1,1,1,1,1
10_33,65,control,montesinos,,1,1,1,1,1,1
10_34,37,control,montesinos,,1,1,0,0,0,0
10_35,49,control,montesinos,,1,1,0,0,0,0
10_36,51,control,montesinos,,1,0,0,0,0,0
10_37,53,control,montesinos,,1,1,0,0,0,0
10_38,59,control,montesinos,,1,1,0,0,0,0
10_39,61,control,montesinos,,1,0,0,0,0,0
10_4,27,control,montesinos,,1,1,0,0,0,0
10_40,75,control,montesinos,,1,0,0,0,0,0
10_41,71,control,montesinos,,1,1,0,0,0,0
10_42,81,control,montesinos,,1,1,1,1,1,1
10_43,73,control,montesinos,,1,1,0,0,0,0
10_44,79,control,montesinos,,1,1,1,1,1,1
10_45,89,control,montesinos,,1,1,0,0,0,0
10_48,49,control,montesinos,,1,1,0,0,0,0
10_5,33,control,montesinos,,1,0,0,0,0,0
10_50,53,control,montesinos,,1,0,0,0,0,0
10_52,59,control,montesinos,,1,1,0,0,0,0
10_55,61,control,montesinos,,1,0,0,0,0,0
10_56,65,control,montesinos,,1,0,0,0,0,0
10_57,79,control,montesinos,,1,1,0,0,0,0
10_58,65,control,montesinos,,1,1,0,0,0,0
10_59,75,control,montesinos,,1,1,1,1,1,1
10_60,85,control,montesinos,,1,1,1,1,1,1
10_62,45,control,montesinos,,1,0,0,0,0,0
10_63,57,control,montesinos,,1,0,0,0,0,0
10_64,51,control,montesinos,,1,1,0,0,0,0
10_65,63,control,montesinos,,1,0,0,0,0,0
10_67,63,control,montesinos,,1,0,0,0,0,0
10_68,57,control,montesinos,,1,0,0,0,0,0
10_69,87,control,montesinos,,1,0,0,0,0,0
10_7,43,control,montesinos,,1,1,1,1,1,1
10_70,67,control,montesinos,,1,1,0,0,0,0
10_71,77,control,montesinos,,1,1,1,1,1,1
10_72,73,control,montesinos,,1,0,0,0,0,0
10_73,83,control,montesinos,,1,1,1,1,1,1
10_78,69,control,montesinos,,1,0,0,0,0,0
10_8,29,control,montesinos,,1,0,0,0,0,0
10_9,39,control,montesinos,,1,1,1,1,1,1
11a_1,127,control,montesinos,,1,1,0,0,0,0
11a_10,107,control,montesinos,,1,1,1,1,1,1
11a_100,141,control,montesinos,,1,0,0,0,0,0
11a_103,81,control,montesinos,,1,0,0,0,0,0
11a_104,125,control,montesinos,,1,1,1,1,1,1
11a_106,93,control,montesinos,,1,1,1,1,1,1
11a_107,111,control,montesinos,,1,0,0,0,0,0
11a_108,99,control,montesinos,,1,1,0,0,0,0
11a_109,117,control,montesinos,,1,1,0,0,0,0
11a_11,113,control,montesinos,,1,1,1,1,1,1
11a_110,97,control,montesinos,,1,1,0,0,0,0
11a_111,103,control,montesinos,,1,1,0,0,0,0
11a_117,117,control,montesinos,,1,0,0,0,0,0
11a_118,87,control,montesinos,,1,0,0,0,0,0
11a_119,77,control,montesinos,,1,1,0,0,0,0
11a_12,103,control,montesinos,,1,1,1,1,1,1
11a_120,109,control,montesinos,,1,0,0,0,0,0
11a_121,119,control,montesinos,,1,1,1,1,1,1
11a_128,129,control,montesinos,,1,1,0,0,0,0
11a_13,61,control,montesinos,,1,1,0,0,0,0
11a_133,79,control,montesinos,,1,0,0,0,0,0
11a_134,123,control,montesinos,,1,1,0,0,0,0
11a_139,99,control,montesinos,,1,1,1,1,1,1
11a_140,65,control,montesinos,,1,0,0,0,0,0
11a_143,89,control,montesinos,,1,0,0,0,0,0
11a_145,83,control,montesinos,,1,0,0,0,0,0
11a_153,89,control,montesinos,,1,1,0,0,0,0
11a_154,67,control,montesinos,,1,1,0,0,0,0
11a_159,111,control,montesinos,,1,0,0,0,0,0
11a_16,105,control,montesinos,,1,0,0,0,0,0
11a_165,81,control,montesinos,,1,0,0,0,0,0
11a_166,59,control,montesinos,,1,1,0,0,0,0
11a_174,79,control,montesinos,,1,1,0,0,0,0
11a_175,105,control,montesinos,,1,0,0,0,0,0
11a_176,111,control,montesinos,,1,1,0,0,0,0
11a_177,97,control,montesinos,,1,0,0,0,0,0
11a_178,123,control,montesinos,,1,0,0,0,0,0
11a_179,57,control,montesinos,,1,0,0,0,0,0
11a_180,89,control,montesinos,,1,1,1,1,1,1
11a_182,73,control,montesinos,,1,0,0,0,0,0
11a_183,115,control,montesinos,,1,0,0,0,0,0
11a_184,87,control,montesinos,,1,1,1,1,1,1
11a_185,109,control,montesinos,,1,1,0,0,0,0
11a_187,117,control,montesinos,,1,1,1,1,1,1
11a_188,67,control,montesinos,,1,1,0,0,0,0
11a_190,85,control,montesinos,,1,1,1,1,1,1
11a_193,95,control,montesinos,,1,0,0,0,0,0
11a_194,93,control,montesinos,,1,0,0,0,0,0
11a_195,53,control,montesinos,,1,1,1,1,1,1
11a_198,115,control,montesinos,,1,1,1,1,1,1
11a_199,99,control,montesinos,,1,0,0,0,0,0
11a_200,85,control,montesinos,,1,0,0,0,0,0
11a_201,81,control,montesinos,,1,1,0,0,0,0
11a_204,101,control,montesinos,,1,0,0,0,0,0
11a_205,91,control,montesinos,,1,0,0,0,0,0
11a_207,85,control,montesinos,,1,0,0,0,0,0
11a_208,105,control,montesinos,,1,0,0,0,0,0
11a_21,75,control,montesinos,,1,0,0,0,0,0
11a_210,73,control,montesinos,,1,1,1,1,1,1
11a_211,67,control,montesinos,,1,0,0,0,0,0
11a_214,69,control,montesinos,,1,0,0,0,0,0
11a_219,87,control,montesinos,,1,0,0,0,0,0
11a_220,85,control,montesinos,,1,0,0,0,0,0
11a_221,79,control,montesinos,,1,1,0,0,0,0
11a_222,101,control,montesinos,,1,1,1,1,1,1
11a_224,89,control,montesinos,,1,0,0,0,0,0
11a_225,53,control,montesinos,,1,0,0,0,0,0
11a_226,71,control,montesinos,,1,1,1,1,1,1
11a_229,71,control,montesinos,,1,1,0,0,0,0
11a_23,103,control,montesinos,,1,1,0,0,0,0
11a_230,51,control,montesinos,,1,1,1,1,1,1
11a_238,65,control,montesinos,,1,0,0,0,0,0
11a_243,69,control,montesinos,,1,0,0,0,0,0
11a_246,41,control,montesinos,,1,0,0,0,0,0
11a_247,19,control,montesinos,,1,1,1,1,1,1
11a_257,97,control,montesinos,,1,1,1,1,1,1
11a_258,75,control,montesinos,,1,0,0,0,0,0
11a_260,69,control,montesinos,,1,0,0,0,0,0
11a_306,105,control,montesinos,,1,0,0,0,0,0
11a_307,83,control,montesinos,,1,1,1,1,1,1
11a_309,93,control,montesinos,,1,0,0,0,0,0
11a_31,125,control,montesinos,,1,0,0,0,0,0
11a_310,61,control,montesinos,,1,0,0,0,0,0
11a_311,79,control,montesinos,,1,1,1,1,1,1
11a_32,139,control,montesinos,,1,1,0,0,0,0
11a_33,95,control,montesinos,,1,0,0,0,0,0
11a_333,65,control,montesinos,,1,0,0,0,0,0
11a_34,119,control,montesinos,,1,1,1,1,1,1
11a_342,29,control,montesinos,,1,0,0,0,0,0
11a_343,31,control,montesinos,,1,0,0,0,0,0
11a_35,121,control,montesinos,,1,1,1,1,1,1
11a_36,121,control,montesinos,,1,1,0,0,0,0
11a_37,93,control,montesinos,,1,0,0,0,0,0
11a_39,101,control,montesinos,,1,1,0,0,0,0
11a_4,97,control,montesinos,,1,1,0,0,0,0
11a_40,89,control,montesinos,,1,0,0,0,0,0
11a_41,115,control,montesinos,,1,1,1,1,1,1
11a_42,107,control,montesinos,,1,1,0,0,0,0
11a_46,87,control,montesinos,,1,1,0,0,0,0
11a_48,113,control,montesinos,,1,0,0,0,0,0
11a_5,125,control,montesinos,,1,1,0,0,0,0
11a_50,83,control,montesinos,,1,1,0,0,0,0
11a_51,115,control,montesinos,,1,1,0,0,0,0
11a_55,71,control,montesinos,,1,1,0,0,0,0
11a_56,109,control,montesinos,,1,1,1,1,1,1
11a_58,81,control,montesinos,,1,1,0,0,0,0
11a_59,43,control,montesinos,,1,1,0,0,0,0
11a_6,135,control,montesinos,,1,1,0,0,0,0
11a_61,103,control,montesinos,,1,0,0,0,0,0
11a_65,59,control,montesinos,,1,0,0,0,0,0
11a_7,95,control,montesinos,,1,0,0,0,0,0
11a_74,73,control,montesinos,,1,0,0,0,0,0
11a_75,83,control,montesinos,,1,1,0,0,0,0
11a_77,131,control,montesinos,,1,1,1,1,1,1
11a_78,123,control,montesinos,,1,1,1,1,1,1
11a_8,117,control,montesinos,,1,1,1,1,1,1
11a_82,95,control,montesinos,,1,1,1,1,1,1
11a_84,101,control,montesinos,,1,1,0,0,0,0
11a_85,107,control,montesinos,,1,1,0,0,0,0
11a_86,91,control,montesinos,,1,1,1,1,1,1
11a_87,121,control,montesinos,,1,1,0,0,0,0
11a_88,101,control,montesinos,,1,1,1,1,1,1
11a_89,119,control,montesinos,,1,0,0,0,0,0
11a_9,65,control,montesinos,,1,0,0,0,0,0
11a_90,87,control,montesinos,,1,0,0,0,0,0
11a_91,129,control,montesinos,,1,1,1,1,1,1
11a_92,103,control,montesinos,,1,1,0,0,0,0
11a_93,93,control,montesinos,,1,1,0,0,0,0
11a_95,73,control,montesinos,,1,0,0,0,0,0
11a_96,121,control,montesinos,,1,1,1,1,1,1
11a_97,71,control,montesinos,,1,1,0,0,0,0
11a_98,77,control,montesinos,,1,1,1,1,1,1
11n_1,27,control,greene;montesinos,1,1,1,1,1,1,1
11n_100,45,control,greene;montesinos,1,1,1,1,1,1,1
11n_101,39,control,greene;montesinos,1,1,1,1,1,1,1
11n_102,3,control,montesinos,,1,1,1,1,1,1
11n_103,65,control,montesinos,,1,0,0,0,0,0
11n_105,69,control,montesinos,,1,0,0,0,0,0
11n_106,27,control,montesinos,,1,1,0,0,0,0
11n_107,21,control,montesinos,,1,0,0,0,0,0
11n_110,41,control,greene,1,,1,1,1,1,1
11n_112,55,target,greene,1,,1,0,0,0,0
11n_114,53,control,greene,1,,1,1,1,1,1
11n_115,77,target,greene,1,,1,0,0,0,0
11n_119,69,target,greene,1,,1,0,0,0,0
11n_12,13,control,montesinos,,1,1,1,1,1,1
11n_120,47,target,greene,1,,1,0,0,0,0
11n_122,27,target,montesinos,,1,1,0,0,0,0
11n_123,57,control,greene,1,,1,1,1,1,1
11n_124,59,control,greene,1,,1,1,1,1,1
11n_125,63,control,greene,1,,1,1,1,1,1
11n_128,43,target,greene,1,,1,0,0,0,0
11n_129,43,target,greene,1,,1,0,0,0,0
11n_130,53,control,greene,1,,1,1,1,1,1
11n_131,67,control,greene,1,,1,1,1,1,1
11n_134,47,control,greene,1,,1,1,1,1,1
11n_138,15,target,montesinos,,1,1,0,0,0,0
11n_139,9,control,montesinos,,1,1,0,0,0,0
11n_14,45,control,montesinos,,1,0,0,0,0,0
11n_140,51,control,montesinos,,1,0,0,0,0,0
11n_142,33,target,greene,1,,1,0,0,0,0
11n_15,35,control,montesinos,,1,0,0,0,0,0
11n_153,57,control,greene,1,,1,1,1,1,1
11n_154,79,control,greene,1,,1,1,1,1,1
11n_156,77,control,greene,1,,1,1,1,1,1
11n_159,71,control,greene,1,,1,1,1,1,1
11n_16,37,control,montesinos,,1,0,0,0,0,0
11n_160,67,target,greene,1,,1,0,0,0,0
11n_161,63,target,greene,1,,1,0,0,0,0
11n_166,59,target,greene,1,,1,0,0,0,0
11n_17,47,target,montesinos,,1,0,0,0,0,0
11n_172,49,target,greene,1,,1,0,0,0,0
11n_176,63,control,greene,1,,1,1,1,1,1
11n_177,83,target,greene,1,,1,0,0,0,0
11n_179,77,target,greene,1,,1,0,0,0,0
11n_18,33,control,greene;montesinos,1,1,1,1,1,1,1
11n_182,93,target,greene,1,,1,0,0,0,0
11n_184,87,control,greene,1,,1,1,1,1,1
11n_19,5,control,montesinos,,1,0,0,0,0,0
11n_2,57,control,montesinos,,1,0,0,0,0,0
11n_20,23,control,montesinos,,1,1,1,1,1,1
11n_21,49,control,greene,1,,1,1,1,1,1
11n_22,55,control,greene,1,,1,1,1,1,1
11n_25,47,control,greene,1,,1,1,1,1,1
11n_26,41,control,greene,1,,1,1,1,1,1
11n_28,21,control,greene;montesinos,1,1,1,1,1,1,1
11n_29,51,control,montesinos,,1,0,0,0,0,0
11n_3,43,target,montesinos,,1,1,0,0,0,0
11n_38,3,control,montesinos,,1,1,1,1,1,1
11n_48,29,control,greene;montesinos,1,1,1,1,1,1,1
11n_49,1,control,montesinos,,1,1,1,1,1,1
11n_50,25,control,greene;montesinos,3,1,1,1,1,1,1
11n_51,29,target,montesinos,,1,1,0,0,0,0
11n_52,59,control,greene;montesinos,1,1,1,1,1,1,1
11n_53,37,control,greene;montesinos,1,1,1,1,1,1,1
11n_54,43,target,montesinos,,1,1,0,0,0,0
11n_55,61,control,greene;montesinos,1,1,1,1,1,1,1
11n_56,35,control,greene;montesinos,1,1,1,1,1,1,1
11n_58,35,control,montesinos,,1,0,0,0,0,0
11n_59,53,control,montesinos,,1,0,0,0,0,0
11n_60,31,target,montesinos,,1,1,0,0,0,0
11n_61,17,control,montesinos,,1,0,0,0,0,0
11n_62,33,control,greene;montesinos,1,1,1,1,1,1,1
11n_63,39,control,greene;montesinos,1,1,1,1,1,1,1
11n_64,21,control,montesinos,,1,0,0,0,0,0
11n_70,13,control,montesinos,,1,0,0,0,0,0
11n_79,15,control,montesinos,,1,0,0,0,0,0
11n_82,19,control,greene;montesinos,1,1,1,1,1,1,1
11n_83,49,control,montesinos,,1,1,0,0,0,0
11n_84,35,control,greene;montesinos,1,1,1,1,1,1,1
11n_85,45,control,greene;montesinos,1,1,1,1,1,1,1
11n_86,33,control,greene,1,,1,1,1,1,1
11n_87,51,control,greene;montesinos,1,1,1,1,1,1,1
11n_89,61,control,montesinos,,1,0,0,0,0,0
11n_90,41,control,montesinos,,1,0,0,0,0,0
11n_91,31,control,montesinos,,1,0,0,0,0,0
11n_94,57,target,greene,1,,1,0,0,0,0
12a_1023,127,control,montesinos,,1,1,1,1,1,1
12a_1024,149,control,montesinos,,1,1,0,0,0,0
12a_1027,83,control,montesinos,,1,1,0,0,0,0
12a_1029,81,control,montesinos,,1,0,0,0,0,0
12a_1030,91,control,montesinos,,1,1,0,0,0,0
12a_1032,139,control,montesinos,,1,1,0,0,0,0
12a_1033,107,control,montesinos,,1,1,0,0,0,0
12a_1034,121,control,montesinos,,1,1,1,1,1,1
12a_106,145,control,montesinos,,1,0,0,0,0,0
12a_110,181,control,montesinos,,1,0,0,0,0,0
12a_112,167,control,montesinos,,1,1,0,0,0,0
12a_1125,101,control,montesinos,,1,0,0,0,0,0
12a_1126,119,control,montesinos,,1,1,1,1,1,1
12a_1128,59,control,montesinos,,1,1,1,1,1,1
12a_1129,105,control,montesinos,,1,1,1,1,1,1
12a_113,219,control,montesinos,,1,0,0,0,0,0
12a_1130,125,control,montesinos,,1,1,1,1,1,1
12a_1131,73,control,montesinos,,1,0,0,0,0,0
12a_1132,131,control,montesinos,,1,1,0,0,0,0
12a_1133,159,control,montesinos,,1,0,0,0,0,0
12a_1134,53,control,montesinos,,1,0,0,0,0,0
12a_1135,103,control,montesinos,,1,1,1,1,1,1
12a_1136,147,control,montesinos,,1,0,0,0,0,0
12a_1137,141,control,montesinos,,1,1,0,0,0,0
12a_1138,79,control,montesinos,,1,1,0,0,0,0
12a_1139,101,control,montesinos,,1,1,1,1,1,1
12a_1140,97,control,montesinos,,1,1,1,1,1,1
12a_1144,129,control,montesinos,,1,1,0,0,0,0
12a_1145,79,control,montesinos,,1,1,0,0,0,0
12a_1146,117,control,montesinos,,1,1,0,0,0,0
12a_1149,35,control,montesinos,,1,0,0,0,0,0
12a_1158,77,control,montesinos,,1,0,0,0,0,0
12a_116,171,control,montesinos,,1,0,0,0,0,0
12a_1161,75,control,montesinos,,1,0,0,0,0,0
12a_1166,33,control,montesinos,,1,1,0,0,0,0
12a_118,137,control,montesinos,,1,1,0,0,0,0
12a_12,167,control,montesinos,,1,0,0,0,0,0
12a_121,141,control,montesinos,,1,1,1,1,1,1
12a_122,171,control,montesinos,,1,0,0,0,0,0
12a_1233,77,control,montesinos,,1,0,0,0,0,0
12a_1234,127,control,montesinos,,1,1,0,0,0,0
12a_124,151,control,montesinos,,1,1,0,0,0,0
12a_1273,61,control,montesinos,,1,1,1,1,1,1
12a_1274,95,control,montesinos,,1,1,0,0,0,0
12a_1275,149,control,montesinos,,1,1,0,0,0,0
12a_1276,75,control,montesinos,,1,1,0,0,0,0
12a_1277,121,control,montesinos,,1,1,0,0,0,0
12a_128,101,control,montesinos,,1,1,0,0,0,0
12a_1284,123,control,montesinos,,1,1,0,0,0,0
12a_130,153,control,montesinos,,1,1,0,0,0,0
12a_141,161,control,montesinos,,1,0,0,0,0,0
12a_142,185,control,montesinos,,1,0,0,0,0,0
12a_149,199,control,montesinos,,1,1,0,0,0,0
12a_151,147,control,montesinos,,1,1,1,1,1,1
12a_157,189,control,montesinos,,1,0,0,0,0,0
12a_159,157,control,montesinos,,1,0,0,0,0,0
12a_16,201,control,montesinos,,1,1,0,0,0,0
12a_165,105,control,montesinos,,1,0,0,0,0,0
12a_169,49,control,montesinos,,1,1,0,0,0,0
12a_17,223,control,montesinos,,1,1,0,0,0,0
12a_170,179,control,montesinos,,1,1,0,0,0,0
12a_171,197,control,montesinos,,1,1,0,0,0,0
12a_172,129,control,montesinos,,1,0,0,0,0,0
12a_173,169,control,montesinos,,1,1,1,1,1,1
12a_174,167,control,montesinos,,1,1,1,1,1,1
12a_175,183,control,montesinos,,1,0,0,0,0,0
12a_176,131,control,montesinos,,1,1,0,0,0,0
12a_179,135,control,montesinos,,1,0,0,0,0,0
12a_18,151,control,montesinos,,1,1,0,0,0,0
12a_180,173,control,montesinos,,1,1,1,1,1,1
12a_182,171,control,montesinos,,1,0,0,0,0,0
12a_19,191,control,montesinos,,1,1,1,1,1,1
12a_194,163,control,montesinos,,1,1,0,0,0,0
12a_197,69,control,montesinos,,1,1,0,0,0,0
12a_20,193,control,montesinos,,1,1,1,1,1,1
12a_203,183,control,montesinos,,1,0,0,0,0,0
12a_204,173,control,montesinos,,1,1,0,0,0,0
12a_206,105,control,montesinos,,1,0,0,0,0,0
12a_208,165,control,montesinos,,1,1,1,1,1,1
12a_21,197,control,montesinos,,1,0,0,0,0,0
12a_210,189,control,montesinos,,1,0,0,0,0,0
12a_215,195,control,montesinos,,1,0,0,0,0,0
12a_216,125,control,montesinos,,1,0,0,0,0,0
12a_217,197,control,montesinos,,1,1,1,1,1,1
12a_218,175,control,montesinos,,1,0,0,0,0,0
12a_219,181,control,montesinos,,1,0,0,0,0,0
12a_22,149,control,montesinos,,1,1,1,1,1,1
12a_220,187,control,montesinos,,1,1,1,1,1,1
12a_221,169,control,montesinos,,1,0,0,0,0,0
12a_225,227,control,montesinos,,1,1,0,0,0,0
12a_226,181,control,montesinos,,1,0,0,0,0,0
12a_229,201,control,montesinos,,1,1,0,0,0,0
12a_232,185,control,montesinos,,1,0,0,0,0,0
12a_234,141,control,montesinos,,1,1,0,0,0,0
12a_235,175,control,montesinos,,1,1,0,0,0,0
12a_237,161,control,montesinos,,1,0,0,0,0,0
12a_239,87,control,montesinos,,1,0,0,0,0,0
12a_24,161,control,montesinos,,1,0,0,0,0,0
12a_241,127,control,montesinos,,1,0,0,0,0,0
12a_242,191,control,montesinos,,1,1,0,0,0,0
12a_243,133,control,montesinos,,1,1,0,0,0,0
12a_246,153,control,montesinos,,1,0,0,0,0,0
12a_247,163,control,montesinos,,1,1,0,0,0,0
12a_248,145,control,montesinos,,1,0,0,0,0,0
12a_249,151,control,montesinos,,1,0,0,0,0,0
12a_25,185,control,montesinos,,1,1,1,1,1,1
12a_250,157,control,montesinos,,1,0,0,0,0,0
12a_251,159,control,montesinos,,1,0,0,0,0,0
12a_253,161,control,montesinos,,1,0,0,0,0,0
12a_255,107,control,montesinos,,1,0,0,0,0,0
12a_257,191,control,montesinos,,1,1,0,0,0,0
12a_258,169,control,montesinos,,1,0,0,0,0,0
12a_259,115,control,montesinos,,1,1,0,0,0,0
12a_26,145,control,montesinos,,1,0,0,0,0,0
12a_263,203,control,montesinos,,1,0,0,0,0,0
12a_27,187,control,montesinos,,1,1,1,1,1,1
12a_272,163,control,montesinos,,1,1,1,1,1,1
12a_274,137,control,montesinos,,1,0,0,0,0,0
12a_275,179,control,montesinos,,1,1,0,0,0,0
12a_278,139,control,montesinos,,1,1,0,0,0,0
12a_279,169,control,montesinos,,1,1,0,0,0,0
12a_28,175,control,montesinos,,1,1,1,1,1,1
12a_280,195,control,montesinos,,1,1,1,1,1,1
12a_281,213,control,montesinos,,1,0,0,0,0,0
12a_29,219,control,montesinos,,1,0,0,0,0,0
12a_299,161,control,montesinos,,1,0,0,0,0,0
12a_3,169,control,montesinos,,1,0,0,0,0,0
12a_30,189,control,montesinos,,1,0,0,0,0,0
12a_300,155,control,montesinos,,1,1,1,1,1,1
12a_303,153,control,montesinos,,1,1,1,1,1,1
12a_305,167,control,montesinos,,1,1,0,0,0,0
12a_306,147,control,montesinos,,1,0,0,0,0,0
12a_307,157,control,montesinos,,1,1,0,0,0,0
12a_31,139,control,montesinos,,1,1,1,1,1,1
12a_32,143,control,montesinos,,1,0,0,0,0,0
12a_33,189,control,montesinos,,1,0,0,0,0,0
12a_330,95,control,montesinos,,1,1,0,0,0,0
12a_338,187,control,montesinos,,1,0,0,0,0,0
12a_345,105,control,montesinos,,1,0,0,0,0,0
12a_356,101,control,montesinos,,1,0,0,0,0,0
12a_357,173,control,montesinos,,1,1,0,0,0,0
12a_374,189,control,montesinos,,1,1,1,1,1,1
12a_378,127,control,montesinos,,1,1,0,0,0,0
12a_38,71,control,montesinos,,1,0,0,0,0,0
12a_383,163,control,montesinos,,1,1,0,0,0,0
12a_384,151,control,montesinos,,1,1,0,0,0,0
12a_385,161,control,montesinos,,1,1,0,0,0,0
12a_401,159,control,montesinos,,1,0,0,0,0,0
12a_406,179,control,montesinos,,1,1,0,0,0,0
12a_42,131,control,montesinos,,1,0,0,0,0,0
12a_425,81,control,montesinos,,1,0,0,0,0,0
12a_437,149,control,montesinos,,1,1,0,0,0,0
12a_444,129,control,montesinos,,1,0,0,0,0,0
12a_445,171,control,montesinos,,1,1,0,0,0,0
12a_447,121,control,montesinos,,1,0,0,0,0,0
12a_448,105,control,montesinos,,1,0,0,0,0,0
12a_453,149,control,montesinos,,1,1,0,0,0,0
12a_463,111,control,montesinos,,1,1,0,0,0,0
12a_471,85,control,montesinos,,1,1,0,0,0,0
12a_497,209,control,montesinos,,1,1,1,1,1,1
12a_498,207,control,montesinos,,1,1,1,1,1,1
12a_499,233,control,montesinos,,1,1,0,0,0,0
12a_500,167,control,montesinos,,1,1,0,0,0,0
12a_501,199,control,montesinos,,1,1,0,0,0,0
12a_504,153,control,montesinos,,1,0,0,0,0,0
12a_505,183,control,montesinos,,1,1,0,0,0,0
12a_506,185,control,montesinos,,1,1,0,0,0,0
12a_510,193,control,montesinos,,1,1,0,0,0,0
12a_511,125,control,montesinos,,1,0,0,0,0,0
12a_512,151,control,montesinos,,1,1,0,0,0,0
12a_513,175,control,montesinos,,1,0,0,0,0,0
12a_514,187,control,montesinos,,1,0,0,0,0,0
12a_515,177,control,montesinos,,1,1,0,0,0,0
12a_516,215,control,montesinos,,1,1,0,0,0,0
12a_517,145,control,montesinos,,1,0,0,0,0,0
12a_518,157,control,montesinos,,1,1,0,0,0,0
12a_520,133,control,montesinos,,1,0,0,0,0,0
12a_521,113,control,montesinos,,1,0,0,0,0,0
12a_522,173,control,montesinos,,1,0,0,0,0,0
12a_524,171,control,montesinos,,1,1,1,1,1,1
12a_525,141,control,montesinos,,1,1,0,0,0,0
12a_528,183,control,montesinos,,1,1,0,0,0,0
12a_529,189,control,montesinos,,1,1,0,0,0,0
12a_531,151,control,montesinos,,1,1,0,0,0,0
12a_532,125,control,montesinos,,1,1,0,0,0,0
12a_534,163,control,montesinos,,1,0,0,0,0,0
12a_535,175,control,montesinos,,1,1,1,1,1,1
12a_536,137,control,montesinos,,1,0,0,0,0,0
12a_537,179,control,montesinos,,1,1,1,1,1,1
12a_539,145,control,montesinos,,1,0,0,0,0,0
12a_540,165,control,montesinos,,1,0,0,0,0,0
12a_541,153,control,montesinos,,1,0,0,0,0,0
12a_542,123,control,montesinos,,1,0,0,0,0,0
12a_548,109,control,montesinos,,1,0,0,0,0,0
12a_549,111,control,montesinos,,1,0,0,0,0,0
12a_550,149,control,montesinos,,1,1,0,0,0,0
12a_551,103,control,montesinos,,1,1,1,1,1,1
12a_552,131,control,montesinos,,1,1,0,0,0,0
12a_557,107,control,montesinos,,1,0,0,0,0,0
12a_56,89,control,montesinos,,1,0,0,0,0,0
12a_560,173,control,montesinos,,1,1,1,1,1,1
12a_562,171,control,montesinos,,1,0,0,0,0,0
12a_564,135,control,montesinos,,1,0,0,0,0,0
12a_565,193,control,montesinos,,1,0,0,0,0,0
12a_566,155,control,montesinos,,1,0,0,0,0,0
12a_570,195,control,montesinos,,1,0,0,0,0,0
12a_577,117,control,montesinos,,1,0,0,0,0,0
12a_578,153,control,montesinos,,1,0,0,0,0,0
12a_579,177,control,montesinos,,1,1,1,1,1,1
12a_581,119,control,montesinos,,1,0,0,0,0,0
12a_582,131,control,montesinos,,1,0,0,0,0,0
12a_583,161,control,montesinos,,1,1,0,0,0,0
12a_584,143,control,montesinos,,1,1,0,0,0,0
12a_585,181,control,montesinos,,1,1,1,1,1,1
12a_591,109,control,montesinos,,1,0,0,0,0,0
12a_595,139,control,montesinos,,1,1,0,0,0,0
12a_596,81,control,montesinos,,1,0,0,0,0,0
12a_601,127,control,montesinos,,1,0,0,0,0,0
12a_619,95,control,montesinos,,1,0,0,0,0,0
12a_62,129,control,montesinos,,1,0,0,0,0,0
12a_642,115,control,montesinos,,1,0,0,0,0,0
12a_644,113,control,montesinos,,1,1,0,0,0,0
12a_650,165,control,montesinos,,1,0,0,0,0,0
12a_652,155,control,montesinos,,1,0,0,0,0,0
12a_682,107,control,montesinos,,1,1,0,0,0,0
12a_690,89,control,montesinos,,1,1,0,0,0,0
12a_691,77,control,montesinos,,1,1,0,0,0,0
12a_713,139,control,montesinos,,1,1,0,0,0,0
12a_714,107,control,montesinos,,1,1,0,0,0,0
12a_715,169,control,montesinos,,1,1,1,1,1,1
12a_717,89,control,montesinos,,1,0,0,0,0,0
12a_718,141,control,montesinos,,1,0,0,0,0,0
12a_719,147,control,montesinos,,1,0,0,0,0,0
12a_720,113,control,montesinos,,1,0,0,0,0,0
12a_721,171,control,montesinos,,1,1,1,1,1,1
12a_727,157,control,montesinos,,1,0,0,0,0,0
12a_728,133,control,montesinos,,1,0,0,0,0,0
12a_729,167,control,montesinos,,1,1,1,1,1,1
12a_731,105,control,montesinos,,1,0,0,0,0,0
12a_732,95,control,montesinos,,1,1,1,1,1,1
12a_733,73,control,montesinos,,1,0,0,0,0,0
12a_735,99,control,montesinos,,1,0,0,0,0,0
12a_736,141,control,montesinos,,1,1,1,1,1,1
12a_737,165,control,montesinos,,1,0,0,0,0,0
12a_738,119,control,montesinos,,1,0,0,0,0,0
12a_740,113,control,montesinos,,1,0,0,0,0,0
12a_743,79,control,montesinos,,1,1,0,0,0,0
12a_744,61,control,montesinos,,1,1,1,1,1,1
12a_745,59,control,montesinos,,1,1,1,1,1,1
12a_748,137,control,montesinos,,1,1,0,0,0,0
12a_749,143,control,montesinos,,1,0,0,0,0,0
12a_752,115,control,montesinos,,1,0,0,0,0,0
12a_753,85,control,montesinos,,1,0,0,0,0,0
12a_757,163,control,montesinos,,1,1,0,0,0,0
12a_758,113,control,montesinos,,1,1,0,0,0,0
12a_759,61,control,montesinos,,1,0,0,0,0,0
12a_760,111,control,montesinos,,1,0,0,0,0,0
12a_761,139,control,montesinos,,1,1,1,1,1,1
12a_77,225,control,montesinos,,1,0,0,0,0,0
12a_772,129,control,montesinos,,1,0,0,0,0,0
12a_773,91,control,montesinos,,1,1,1,1,1,1
12a_774,89,control,montesinos,,1,1,1,1,1,1
12a_775,87,control,montesinos,,1,0,0,0,0,0
12a_790,143,control,montesinos,,1,0,0,0,0,0
12a_792,85,control,montesinos,,1,0,0,0,0,0
12a_797,83,control,montesinos,,1,0,0,0,0,0
12a_802,47,control,montesinos,,1,0,0,0,0,0
12a_803,21,control,montesinos,,1,1,1,1,1,1
12a_81,159,control,montesinos,,1,0,0,0,0,0
12a_823,141,control,montesinos,,1,0,0,0,0,0
12a_83,205,control,montesinos,,1,0,0,0,0,0
12a_836,125,control,montesinos,,1,1,0,0,0,0
12a_837,145,control,montesinos,,1,1,0,0,0,0
12a_84,199,control,montesinos,,1,1,0,0,0,0
12a_842,91,control,montesinos,,1,0,0,0,0,0
12a_843,85,control,montesinos,,1,0,0,0,0,0
12a_87,175,control,montesinos,,1,0,0,0,0,0
12a_882,147,control,montesinos,,1,1,0,0,0,0
12a_9,119,control,montesinos,,1,0,0,0,0,0
12a_95,195,control,montesinos,,1,0,0,0,0,0
12a_98,191,control,montesinos,,1,1,0,0,0,0
12a_99,217,control,montesinos,,1,1,0,0,0,0
12n_1,57,control,greene,1,,1,1,1,1,1
12n_101,141,target,greene,1,,1,0,0,0,0
12n_106,81,target,greene,1,,1,0,0,0,0
12n_11,61,target,montesinos,,1,1,0,0,0,0
12n_111,91,target,greene,1,,1,0,0,0,0
12n_12,79,target,montesinos,,1,1,0,0,0,0
12n_121,1,control,montesinos,,1,1,1,1,1,1
12n_122,107,target,greene,1,,1,0,0,0,0
12n_127,107,target,greene,1,,1,0,0,0,0
12n_13,29,control,greene;montesinos,1,1,1,1,1,1,1
12n_131,103,target,greene,1,,1,0,0,0,0
12n_137,109,target,greene,1,,1,0,0,0,0
12n_14,89,target,greene,1,,1,0,0,0,0
12n_140,111,target,greene,1,,1,0,0,0,0
12n_142,43,control,greene;montesinos,3,1,1,1,1,1,1
12n_143,13,control,montesinos,,1,0,0,0,0,0
12n_144,75,control,montesinos,,1,0,0,0,0,0
12n_145,25,control,montesinos,,1,0,0,0,0,0
12n_146,47,control,greene;montesinos,1,1,1,1,1,1,1
12n_149,5,control,montesinos,,1,0,0,0,0,0
12n_150,57,control,montesinos,,1,0,0,0,0,0
12n_151,99,control,montesinos,,1,0,0,0,0,0
12n_152,69,control,greene;montesinos,1,1,1,1,1,1,1
12n_154,47,target,montesinos,,1,1,0,0,0,0
12n_155,89,control,montesinos,,1,0,0,0,0,0
12n_158,93,target,greene,1,,1,0,0,0,0
12n_159,55,target,montesinos,,1,1,0,0,0,0
12n_160,53,target,montesinos,,1,1,0,0,0,0
12n_161,91,control,montesinos,,1,0,0,0,0,0
12n_162,61,target,montesinos,,1,1,0,0,0,0
12n_164,85,control,montesinos,,1,0,0,0,0,0
12n_165,67,control,greene;montesinos,1,1,1,1,1,1,1
12n_167,67,target,montesinos,,1,1,0,0,0,0
12n_168,37,control,montesinos,,1,0,0,0,0,0
12n_170,81,target,montesinos,,1,1,0,0,0,0
12n_171,39,control,montesinos,,1,0,0,0,0,0
12n_176,63,target,greene,1,,1,0,0,0,0
12n_178,101,target,greene,1,,1,0,0,0,0
12n_18,109,target,greene,1,,1,0,0,0,0
12n_180,97,target,greene,1,,1,0,0,0,0
12n_181,83,target,greene,1,,1,0,0,0,0
12n_182,71,target,greene,1,,1,0,0,0,0
12n_189,79,target,greene,1,,1,0,0,0,0
12n_197,107,target,greene,1,,1,0,0,0,0
12n_198,27,control,montesinos,,1,1,1,1,1,1
12n_199,11,control,montesinos,,1,0,0,0,0,0
12n_2,83,target,greene,1,,1,0,0,0,0
12n_200,9,control,montesinos,,1,0,0,0,0,0
12n_21,119,target,greene,1,,1,0,0,0,0
12n_216,83,target,greene,1,,1,0,0,0,0
12n_218,29,control,montesinos,,1,1,1,1,1,1
12n_219,99,control,montesinos,,1,0,0,0,0,0
12n_22,141,target,greene,1,,1,0,0,0,0
12n_221,9,control,montesinos,,1,0,0,0,0,0
12n_222,129,control,montesinos,,1,0,0,0,0,0
12n_223,111,control,montesinos,,1,0,0,0,0,0
12n_224,81,control,montesinos,,1,0,0,0,0,0
12n_225,39,control,montesinos,,1,0,0,0,0,0
12n_237,73,control,montesinos,,1,0,0,0,0,0
12n_238,31,target,montesinos,,1,1,0,0,0,0
12n_24,49,control,greene,1,,1,1,1,1,1
12n_240,77,control,montesinos,,1,0,0,0,0,0
12n_241,59,target,montesinos,,1,1,0,0,0,0
12n_246,69,target,greene,1,,1,0,0,0,0
12n_249,47,control,greene;montesinos,1,1,1,1,1,1,1
12n_25,11,control,montesinos,,1,1,1,1,1,1
12n_250,41,control,greene;montesinos,1,1,1,1,1,1,1
12n_252,89,control,greene,1,,1,1,1,1,1
12n_255,127,control,greene,1,,1,1,1,1,1
12n_26,97,target,greene,1,,1,0,0,0,0
12n_261,69,control,montesinos,,1,0,0,0,0,0
12n_262,89,control,greene,1,,1,1,1,1,1
12n_263,127,control,greene,1,,1,1,1,1,1
12n_271,53,control,greene;montesinos,1,1,1,1,1,1,1
12n_272,83,control,greene;montesinos,1,1,1,1,1,1,1
12n_273,5,control,montesinos,,1,0,0,0,0,0
12n_274,55,control,montesinos,,1,0,0,0,0,0
12n_275,37,control,greene;montesinos,9,1,1,1,1,1,1
12n_277,67,control,greene;montesinos,1,1,1,1,1,1,1
12n_278,65,control,montesinos,,1,0,0,0,0,0
12n_280,51,target,greene,1,,1,0,0,0,0
12n_281,77,target,greene,1,,1,0,0,0,0
12n_284,57,target,greene,27,,1,0,0,0,0
12n_285,39,target,greene,1,,1,0,0,0,0
12n_286,45,target,montesinos,,1,1,0,0,0,0
12n_287,111,target,greene,1,,1,0,0,0,0
12n_288,49,target,montesinos,,1,1,0,0,0,0
12n_29,119,target,greene,1,,1,0,0,0,0
12n_291,99,target,greene,1,,1,0,0,0,0
12n_293,7,control,montesinos,,1,0,0,0,0,0
12n_295,107,target,montesinos,,1,1,0,0,0,0
12n_296,37,control,montesinos,,1,0,0,0,0,0
12n_297,95,control,montesinos,,1,0,0,0,0,0
12n_298,89,target,greene,1,,1,0,0,0,0
12n_3,73,target,greene,1,,1,0,0,0,0
12n_30,141,target,greene,1,,1,0,0,0,0
12n_300,77,control,greene;montesinos,1,1,1,1,1,1,1
12n_301,67,target,montesinos,,1,1,0,0,0,0
12n_302,111,target,montesinos,,1,1,0,0,0,0
12n_303,41,control,montesinos,,1,0,0,0,0,0
12n_304,71,target,montesinos,,1,1,0,0,0,0
12n_306,35,control,greene;montesinos,1,1,1,1,1,1,1
12n_307,77,target,montesinos,,1,1,0,0,0,0
12n_309,1,target,montesinos,,1,1,1,1,1,1
12n_310,21,control,montesinos,,1,1,1,1,1,1
12n_311,51,control,greene,3,,1,1,1,1,1
12n_312,49,target,greene,27,,0,0,0,0,0
12n_315,61,target,greene,1,,1,0,0,0,0
12n_32,97,target,greene,1,,1,0,0,0,0
12n_320,109,control,greene,1,,1,1,1,1,1
12n_322,23,control,montesinos,,1,1,1,1,1,1
12n_323,53,target,greene,1,,1,0,0,0,0
12n_324,67,target,greene,1,,1,0,0,0,0
12n_325,113,control,greene,1,,1,1,1,1,1
12n_330,87,target,greene,1,,1,0,0,0,0
12n_337,103,target,montesinos,,1,1,0,0,0,0
12n_339,95,control,montesinos,,1,0,0,0,0,0
12n_340,17,control,greene;montesinos,9,1,1,1,1,1,1
12n_342,53,control,greene;montesinos,1,1,1,1,1,1,1
12n_343,59,control,greene;montesinos,1,1,1,1,1,1,1
12n_345,67,target,greene,1,,1,0,0,0,0
12n_347,31,control,greene;montesinos,1,1,1,1,1,1,1
12n_348,79,target,greene,1,,1,0,0,0,0
12n_35,69,control,greene;montesinos,1,1,1,1,1,1,1
12n_350,103,control,greene,1,,1,1,1,1,1
12n_353,103,target,greene,1,,1,0,0,0,0
12n_358,43,control,greene,1,,1,1,1,1,1
12n_359,69,target,greene,1,,1,0,0,0,0
12n_36,91,control,greene;montesinos,1,1,1,1,1,1,1
12n_360,49,control,greene,1,,1,1,1,1,1
12n_363,87,target,greene,1,,1,0,0,0,0
12n_367,125,target,greene,1,,1,0,0,0,0
12n_369,75,control,greene,1,,1,1,1,1,1
12n_37,41,control,montesinos,,1,0,0,0,0,0
12n_372,43,control,greene,3,,1,1,1,1,1
12n_376,91,target,greene,1,,1,0,0,0,0
12n_378,107,target,greene,1,,1,0,0,0,0
12n_38,67,control,greene;montesinos,1,1,1,1,1,1,1
12n_381,59,control,greene,1,,1,1,1,1,1
12n_383,51,target,greene,1,,1,0,0,0,0
12n_385,73,target,greene,1,,1,0,0,0,0
12n_39,93,control,greene;montesinos,1,1,1,1,1,1,1
12n_390,59,target,greene,1,,1,0,0,0,0
12n_392,99,control,greene,1,,1,1,1,1,1
12n_396,67,target,greene,1,,1,0,0,0,0
12n_399,81,target,greene,1,,0,0,0,0,0
12n_4,81,control,greene,1,,1,1,1,1,1
12n_40,63,control,montesinos,,1,0,0,0,0,0
12n_400,95,control,greene,1,,1,1,1,1,1
12n_408,101,target,greene,1,,1,0,0,0,0
12n_41,19,target,montesinos,,1,1,0,0,0,0
12n_412,75,control,greene,1,,1,1,1,1,1
12n_415,103,target,greene,1,,1,0,0,0,0
12n_42,59,target,montesinos,,1,1,0,0,0,0
12n_421,117,target,greene,1,,1,0,0,0,0
12n_422,117,target,greene,1,,1,0,0,0,0
12n_424,95,control,greene,1,,1,1,1,1,1
12n_429,71,control,greene,1,,1,1,1,1,1
12n_43,81,target,montesinos,,1,1,0,0,0,0
12n_431,101,target,greene,1,,1,0,0,0,0
12n_434,65,control,greene,1,,1,1,1,1,1
12n_435,57,control,greene,1,,1,1,1,1,1
12n_44,51,target,montesinos,,1,1,0,0,0,0
12n_443,33,target,greene,1,,1,0,0,0,0
12n_444,27,target,montesinos,,1,1,0,0,0,0
12n_447,73,control,greene;montesinos,1,1,1,1,1,1,1
12n_448,109,target,greene,1,,1,0,0,0,0
12n_45,37,target,montesinos,,1,1,0,0,0,0
12n_450,95,control,greene,1,,1,1,1,1,1
12n_452,55,target,greene,1,,1,0,0,0,0
12n_454,47,target,greene,1,,1,0,0,0,0
12n_457,11,target,montesinos,,1,1,1,1,1,1
12n_458,129,target,greene,1,,1,0,0,0,0
12n_46,41,control,greene;montesinos,1,1,1,1,1,1,1
12n_461,85,control,greene,1,,1,1,1,1,1
12n_463,77,target,greene,1,,1,0,0,0,0
12n_465,83,target,greene,1,,1,0,0,0,0
12n_466,53,control,montesinos,,1,0,0,0,0,0
12n_467,43,control,greene;montesinos,1,1,1,1,1,1,1
12n_468,37,control,greene;montesinos,1,1,1,1,1,1,1
12n_469,55,control,montesinos,,1,0,0,0,0,0
12n_47,59,target,montesinos,,1,1,0,0,0,0
12n_470,41,target,montesinos,,1,1,0,0,0,0
12n_471,71,target,montesinos,,1,1,0,0,0,0
12n_475,7,target,montesinos,,1,1,0,0,0,0
12n_476,73,control,montesinos,,1,0,0,0,0,0
12n_478,29,target,montesinos,,1,1,0,0,0,0
12n_479,83,target,montesinos,,1,1,0,0,0,0
12n_48,49,target,montesinos,,1,1,0,0,0,0
12n_482,65,control,greene,3,,1,1,1,1,1
12n_484,51,control,greene,3,,1,1,1,1,1
12n_485,71,control,greene,1,,1,1,1,1,1
12n_489,119,target,greene,1,,1,0,0,0,0
12n_49,81,target,greene,1,,1,0,0,0,0
12n_490,77,target,greene,1,,1,0,0,0,0
12n_491,69,target,greene,1,,1,0,0,0,0
12n_492,89,control,greene,1,,1,1,1,1,1
12n_493,93,control,greene,1,,1,1,1,1,1
12n_497,105,control,montesinos,,1,0,0,0,0,0
12n_5,87,control,greene,1,,1,1,1,1,1
12n_50,99,target,greene,1,,1,0,0,0,0
12n_500,51,target,montesinos,,1,1,0,0,0,0
12n_501,49,target,montesinos,,1,1,0,0,0,0
12n_504,121,control,greene,1,,1,1,1,1,1
12n_506,59,target,greene,1,,1,0,0,0,0
12n_507,75,target,greene,1,,1,0,0,0,0
12n_511,85,control,greene,1,,1,1,1,1,1
12n_514,35,target,greene,9,,1,0,0,0,0
12n_517,101,target,greene,1,,1,0,0,0,0
12n_520,71,target,greene,1,,0,0,0,0,0
12n_521,95,target,greene,1,,1,0,0,0,0
12n_522,23,target,montesinos,,1,1,0,0,0,0
12n_523,13,target,montesinos,,1,1,0,0,0,0
12n_524,91,target,greene,1,,1,0,0,0,0
12n_525,117,target,greene,1,,1,0,0,0,0
12n_529,115,target,greene,1,,1,0,0,0,0
12n_53,57,target,greene,1,,1,0,0,0,0
12n_530,83,target,greene,1,,1,0,0,0,0
12n_531,97,target,greene,1,,1,0,0,0,0
12n_532,125,target,greene,1,,1,0,0,0,0
12n_534,109,control,greene,1,,1,1,1,1,1
12n_536,81,control,greene,1,,1,1,1,1,1
12n_537,115,target,greene,1,,1,0,0,0,0
12n_539,127,target,greene,1,,1,0,0,0,0
12n_54,29,control,montesinos,,1,0,0,0,0,0
12n_541,83,target,greene,1,,1,0,0,0,0
12n_542,115,target,greene,1,,1,0,0,0,0
12n_544,119,target,greene,1,,1,0,0,0,0
12n_547,69,control,greene;montesinos,1,1,1,1,1,1,1
12n_548,85,target,greene,1,,1,0,0,0,0
12n_55,111,control,montesinos,,1,0,0,0,0,0
12n_550,33,target,montesinos,,1,1,0,0,0,0
12n_559,53,control,montesinos,,1,0,0,0,0,0
12n_56,9,control,montesinos,,1,0,0,0,0,0
12n_560,133,control,greene,1,,1,1,1,1,1
12n_561,55,control,montesinos,,1,0,0,0,0,0
12n_562,35,control,montesinos,,1,0,0,0,0,0
12n_563,71,target,greene,1,,1,0,0,0,0
12n_564,39,target,montesinos,,1,1,0,0,0,0
12n_566,63,control,greene;montesinos,1,1,1,1,1,1,1
12n_568,107,target,greene,1,,1,0,0,0,0
12n_569,83,target,greene,1,,1,0,0,0,0
12n_57,9,control,montesinos,,1,0,0,0,0,0
12n_572,63,control,greene;montesinos,1,1,1,1,1,1,1
12n_573,57,control,greene;montesinos,1,1,1,1,1,1,1
12n_577,27,target,montesinos,,1,0,0,0,0,0
12n_578,93,target,montesinos,,1,1,0,0,0,0
12n_58,129,control,montesinos,,1,0,0,0,0,0
12n_584,91,control,greene,1,,1,1,1,1,1
12n_586,101,target,greene,1,,1,0,0,0,0
12n_587,117,target,greene,1,,1,0,0,0,0
12n_588,85,control,greene,1,,1,1,1,1,1
12n_595,91,target,greene,1,,1,0,0,0,0
12n_597,75,target,greene,1,,1,0,0,0,0
12n_599,55,control,greene,1,,1,1,1,1,1
12n_60,99,control,montesinos,,1,0,0,0,0,0
12n_607,59,target,greene,1,,1,0,0,0,0
12n_608,41,target,greene,3,,1,0,0,0,0
12n_61,99,control,montesinos,,1,0,0,0,0,0
12n_610,65,control,greene,1,,1,1,1,1,1
12n_613,117,control,greene,1,,1,1,1,1,1
12n_614,73,control,greene,1,,1,1,1,1,1
12n_616,65,control,greene,1,,1,1,1,1,1
12n_618,107,target,greene,1,,1,0,0,0,0
12n_62,81,control,montesinos,,1,0,0,0,0,0
12n_620,143,control,greene,1,,1,1,1,1,1
12n_625,91,target,greene,1,,1,0,0,0,0
12n_627,117,target,greene,1,,1,0,0,0,0
12n_628,105,control,greene,1,,1,1,1,1,1
12n_63,39,control,montesinos,,1,0,0,0,0,0
12n_631,81,target,greene,1,,1,0,0,0,0
12n_632,147,target,greene,1,,1,0,0,0,0
12n_633,97,control,greene,1,,1,1,1,1,1
12n_635,157,target,greene,1,,1,0,0,0,0
12n_64,69,control,montesinos,,1,0,0,0,0,0
12n_645,71,control,greene,1,,1,1,1,1,1
12n_646,103,control,greene,1,,1,1,1,1,1
12n_65,31,control,montesinos,,1,1,1,1,1,1
12n_656,99,control,greene,1,,1,1,1,1,1
12n_657,81,target,greene,1,,1,0,0,0,0
12n_66,81,control,montesinos,,1,0,0,0,0,0
12n_662,59,target,greene,1,,1,0,0,0,0
12n_663,115,target,greene,1,,1,0,0,0,0
12n_664,165,target,greene,1,,1,0,0,0,0
12n_667,75,control,greene,1,,1,1,1,1,1
12n_675,45,target,greene,1,,1,0,0,0,0
12n_678,79,target,greene,1,,1,0,0,0,0
12n_687,107,control,greene,1,,1,1,1,1,1
12n_69,73,control,greene,1,,1,1,1,1,1
12n_695,85,target,greene,1,,1,0,0,0,0
12n_70,79,control,greene,1,,1,1,1,1,1
12n_702,121,target,greene,1,,1,0,0,0,0
12n_704,61,control,greene,1,,1,1,1,1,1
12n_705,109,control,greene,1,,1,1,1,1,1
12n_708,49,target,greene,1,,0,0,0,0,0
12n_709,61,control,greene,1,,1,1,1,1,1
12n_71,59,target,greene,1,,1,0,0,0,0
12n_710,95,control,greene,1,,1,1,1,1,1
12n_711,113,target,greene,1,,1,0,0,0,0
12n_715,89,control,greene,1,,1,1,1,1,1
12n_716,79,target,greene,1,,1,0,0,0,0
12n_718,55,control,greene,1,,1,1,1,1,1
12n_719,55,control,greene,1,,1,1,1,1,1
12n_721,25,target,montesinos,,1,1,0,0,0,0
12n_723,19,target,montesinos,,1,1,0,0,0,0
12n_724,61,control,montesinos,,1,0,0,0,0,0
12n_726,63,control,montesinos,,1,0,0,0,0,0
12n_727,91,control,greene,1,,1,1,1,1,1
12n_728,107,target,greene,1,,1,0,0,0,0
12n_730,47,target,greene,1,,1,0,0,0,0
12n_731,121,target,greene,1,,1,0,0,0,0
12n_732,115,control,greene,1,,1,1,1,1,1
12n_733,131,target,greene,1,,1,0,0,0,0
12n_735,71,target,greene,1,,0,0,0,0,0
12n_736,151,control,greene,1,,1,1,1,1,1
12n_740,105,control,greene,1,,1,1,1,1,1
12n_741,95,target,greene,1,,1,0,0,0,0
12n_748,79,control,greene,1,,1,1,1,1,1
12n_75,83,target,greene,1,,1,0,0,0,0
12n_751,69,target,greene,1,,1,0,0,0,0
12n_754,105,control,greene,1,,1,1,1,1,1
12n_767,75,control,greene,1,,1,1,1,1,1
12n_768,25,target,greene,3,,1,0,0,0,0
12n_771,103,control,greene,1,,1,1,1,1,1
12n_772,127,target,greene,1,,1,0,0,0,0
12n_774,51,target,greene,1,,1,0,0,0,0
12n_775,131,target,greene,1,,1,0,0,0,0
12n_776,107,target,greene,1,,1,0,0,0,0
12n_777,65,target,greene,1,,1,0,0,0,0
12n_78,65,control,montesinos,,1,0,0,0,0,0
12n_780,81,target,greene,1,,1,0,0,0,0
12n_782,81,target,greene,1,,1,0,0,0,0
12n_783,127,target,greene,1,,1,0,0,0,0
12n_784,123,target,greene,1,,1,0,0,0,0
12n_785,91,control,greene,1,,1,1,1,1,1
12n_786,139,control,greene,1,,1,1,1,1,1
12n_787,71,control,greene,1,,1,1,1,1,1
12n_788,109,target,greene,1,,1,0,0,0,0
12n_789,89,control,greene,1,,1,1,1,1,1
12n_79,23,control,greene;montesinos,1,1,1,1,1,1,1
12n_790,133,target,greene,1,,1,0,0,0,0
12n_792,79,target,greene,1,,1,0,0,0,0
12n_794,101,target,greene,1,,1,0,0,0,0
12n_795,79,target,greene,1,,1,0,0,0,0
12n_799,135,target,greene,1,,1,0,0,0,0
12n_80,67,target,greene,1,,1,0,0,0,0
12n_800,115,target,greene,1,,1,0,0,0,0
12n_802,121,target,greene,1,,1,0,0,0,0
12n_804,95,target,greene,1,,1,0,0,0,0
12n_811,63,target,greene,1,,1,0,0,0,0
12n_816,113,control,greene,1,,1,1,1,1,1
12n_818,91,target,greene,1,,1,0,0,0,0
12n_819,107,target,greene,1,,1,0,0,0,0
12n_821,35,target,greene,1,,1,0,0,0,0
12n_822,55,target,greene,1,,1,0,0,0,0
12n_824,65,target,greene,1,,1,0,0,0,0
12n_825,45,target,greene,1,,1,0,0,0,0
12n_826,99,target,greene,1,,1,0,0,0,0
12n_828,109,control,greene,1,,1,1,1,1,1
12n_829,91,target,greene,1,,1,0,0,0,0
12n_831,99,control,greene,1,,1,1,1,1,1
12n_833,99,target,greene,1,,1,0,0,0,0
12n_84,63,target,greene,1,,1,0,0,0,0
12n_841,81,target,greene,1,,1,0,0,0,0
12n_842,181,target,greene,1,,1,0,0,0,0
12n_852,125,control,greene,1,,1,1,1,1,1
12n_853,125,target,greene,1,,1,0,0,0,0
12n_854,143,target,greene,1,,1,0,0,0,0
12n_855,85,target,greene,1,,1,0,0,0,0
12n_857,139,target,greene,1,,1,0,0,0,0
12n_858,111,control,greene,1,,1,1,1,1,1
12n_859,149,target,greene,1,,1,0,0,0,0
12n_86,103,target,greene,1,,1,0,0,0,0
12n_861,95,target,greene,1,,1,0,0,0,0
12n_864,131,target,greene,1,,1,0,0,0,0
12n_865,99,target,greene,1,,1,0,0,0,0
12n_866,141,target,greene,1,,1,0,0,0,0
12n_871,119,control,greene,1,,1,1,1,1,1
12n_872,131,target,greene,1,,1,0,0,0,0
12n_875,99,target,greene,1,,1,0,0,0,0
12n_880,133,target,greene,1,,1,0,0,0,0
12n_884,81,control,greene,1,,1,1,1,1,1
12n_885,149,target,greene,1,,1,0,0,0,0
12n_9,71,target,greene,1,,1,0,0,0,0
12n_92,109,target,greene,1,,1,0,0,0,0
12n_97,41,target,greene,1,,1,0,0,0,0
13n_1,89,control,greene,1,,1,1,1,1,1
13n_10,79,target,greene,1,,1,0,0,0,0
13n_100,103,target,greene,1,,0,0,0,0,0
13n_1000,83,target,greene,1,,1,0,0,0,0
13n_1005,151,target,greene,1,,1,0,0,0,0
13n_1009,141,target,greene,1,,1,0,0,0,0
13n_101,101,target,greene,1,,1,0,0,0,0
13n_1012,211,target,greene,1,,1,0,0,0,0
13n_1014,129,target,greene,1,,1,0,0,0,0
13n_1017,139,target,greene,1,,1,0,0,0,0
13n_102,139,target,greene,1,,0,0,0,0,0
13n_1020,53,target,greene,1,,1,0,0,0,0
13n_1025,175,target,greene,1,,1,0,0,0,0
13n_1028,179,target,greene,1,,1,0,0,0,0
13n_1032,131,target,greene,1,,0,0,0,0,0
13n_1035,141,target,greene,1,,1,0,0,0,0
13n_1036,111,target,greene,1,,1,0,0,0,0
13n_1039,205,target,greene,1,,1,0,0,0,0
13n_104,91,target,greene,1,,1,0,0,0,0
13n_1044,211,target,greene,1,,1,0,0,0,0
13n_1046,151,target,greene,1,,1,0,0,0,0
13n_1050,141,target,greene,1,,1,0,0,0,0
13n_1055,135,target,greene,1,,1,0,0,0,0
13n_106,99,control,greene,1,,1,1,1,1,1
13n_1070,179,target,greene,1,,1,0,0,0,0
13n_1085,111,target,greene,1,,1,0,0,0,0
13n_1089,151,target,greene,1,,0,0,0,0,0
13n_1092,195,target,greene,1,,1,0,0,0,0
13n_1094,139,target,greene,1,,1,0,0,0,0
13n_1098,131,target,greene,1,,0,0,0,0,0
13n_1101,175,target,greene,1,,1,0,0,0,0
13n_1103,123,target,greene,1,,1,0,0,0,0
13n_1108,167,target,greene,1,,1,0,0,0,0
13n_1109,113,target,greene,1,,1,0,0,0,0
13n_1111,163,target,greene,1,,1,0,0,0,0
13n_1116,127,target,greene,1,,1,0,0,0,0
13n_1119,149,target,greene,1,,1,0,0,0,0
13n_1120,131,target,greene,1,,1,0,0,0,0
13n_1126,163,target,greene,1,,1,0,0,0,0
13n_1129,189,target,greene,1,,1,0,0,0,0
13n_1130,189,target,greene,1,,1,0,0,0,0
13n_1131,35,control,greene,1,,1,1,1,1,1
13n_1135,67,target,greene,1,,1,0,0,0,0
13n_1137,35,target,greene,1,,1,0,0,0,0
13n_1138,85,control,greene,1,,1,1,1,1,1
13n_1139,131,control,greene,1,,1,1,1,1,1
13n_114,219,target,greene,1,,1,0,0,0,0
13n_1140,53,target,greene,1,,1,0,0,0,0
13n_1141,77,control,greene,1,,1,1,1,1,1
13n_1142,139,control,greene,1,,1,1,1,1,1
13n_1143,109,target,greene,1,,1,0,0,0,0
13n_1144,83,control,greene,1,,1,1,1,1,1
13n_1145,133,control,greene,1,,1,1,1,1,1
13n_1148,107,target,greene,1,,1,0,0,0,0
13n_1150,79,control,greene,1,,1,1,1,1,1
13n_1151,137,control,greene,1,,1,1,1,1,1
13n_1156,81,target,greene,1,,1,0,0,0,0
13n_1157,135,target,greene,1,,0,0,0,0,0
13n_1158,49,target,greene,1,,1,0,0,0,0
13n_1161,75,target,greene,1,,1,0,0,0,0
13n_1163,87,target,greene,1,,1,0,0,0,0
13n_1168,81,target,greene,1,,1,0,0,0,0
13n_1170,49,target,greene,1,,1,0,0,0,0
13n_1171,103,target,greene,1,,1,0,0,0,0
13n_1173,119,control,greene,1,,1,1,1,1,1
13n_1174,113,control,greene,1,,1,1,1,1,1
13n_1178,151,control,greene,1,,1,1,1,1,1
13n_1179,145,control,greene,1,,1,1,1,1,1
13n_118,139,target,greene,1,,1,0,0,0,0
13n_1183,59,target,greene,1,,1,0,0,0,0
13n_1184,109,target,greene,1,,1,0,0,0,0
13n_1185,91,target,greene,1,,1,0,0,0,0
13n_1188,55,target,greene,1,,1,0,0,0,0
13n_1190,83,target,greene,1,,1,0,0,0,0
13n_1191,81,target,greene,1,,1,0,0,0,0
13n_1193,135,target,greene,1,,1,0,0,0,0
13n_1194,81,target,greene,1,,1,0,0,0,0
13n_1196,81,target,greene,1,,1,0,0,0,0
13n_1197,135,target,greene,1,,1,0,0,0,0
13n_1198,81,target,greene,1,,1,0,0,0,0
13n_1201,151,control,greene,1,,1,1,1,1,1
13n_1202,145,control,greene,1,,1,1,1,1,1
13n_1203,69,target,greene,1,,1,0,0,0,0
13n_1208,55,control,greene,1,,1,1,1,1,1
13n_1209,49,control,greene,1,,1,1,1,1,1
13n_121,161,target,greene,1,,1,0,0,0,0
13n_1210,91,target,greene,1,,1,0,0,0,0
13n_1213,179,target,greene,1,,1,0,0,0,0
13n_1215,109,control,greene,1,,1,1,1,1,1
13n_1217,229,target,greene,1,,1,0,0,0,0
13n_122,139,target,greene,1,,1,0,0,0,0
13n_1220,155,target,greene,1,,1,0,0,0,0
13n_1224,107,target,greene,1,,1,0,0,0,0
13n_123,131,target,greene,1,,1,0,0,0,0
13n_1230,107,target,greene,1,,0,0,0,0,0
13n_1232,139,target,greene,1,,1,0,0,0,0
13n_1233,41,target,greene,1,,1,0,0,0,0
13n_1235,149,target,greene,1,,1,0,0,0,0
13n_124,169,target,greene,1,,1,0,0,0,0
13n_1244,191,target,greene,1,,1,0,0,0,0
13n_1247,179,target,greene,1,,1,0,0,0,0
13n_1249,109,control,greene,1,,1,1,1,1,1
13n_1250,229,target,greene,1,,1,0,0,0,0
13n_1253,155,target,greene,1,,1,0,0,0,0
13n_1255,211,target,greene,1,,1,0,0,0,0
13n_1259,117,target,greene,1,,1,0,0,0,0
13n_1260,187,target,greene,1,,1,0,0,0,0
13n_1265,211,target,greene,1,,1,0,0,0,0
13n_1268,103,target,greene,1,,1,0,0,0,0
13n_1272,165,target,greene,1,,1,0,0,0,0
13n_1277,147,target,greene,1,,1,0,0,0,0
13n_1284,93,target,greene,1,,1,0,0,0,0
13n_1289,159,target,greene,1,,1,0,0,0,0
13n_129,109,target,greene,1,,1,0,0,0,0
13n_1290,87,target,greene,1,,1,0,0,0,0
13n_130,131,target,greene,1,,1,0,0,0,0
13n_1303,191,target,greene,1,,1,0,0,0,0
13n_1311,93,target,greene,1,,1,0,0,0,0
13n_1318,159,target,greene,1,,1,0,0,0,0
13n_1326,187,target,greene,1,,1,0,0,0,0
13n_1328,147,target,greene,1,,1,0,0,0,0
13n_1333,87,target,greene,1,,1,0,0,0,0
13n_1336,81,target,greene,1,,1,0,0,0,0
13n_1339,141,target,greene,1,,1,0,0,0,0
13n_134,107,target,greene,1,,0,0,0,0,0
13n_1343,129,target,greene,1,,1,0,0,0,0
13n_1346,75,target,greene,1,,1,0,0,0,0
13n_1347,165,target,greene,1,,1,0,0,0,0
13n_1355,117,control,greene,1,,1,1,1,1,1
13n_1356,85,control,greene,9,,1,1,1,1,1
13n_1358,61,control,greene,1,,1,1,1,1,1
13n_1361,87,target,greene,1,,1,0,0,0,0
13n_1364,159,target,greene,1,,1,0,0,0,0
13n_1367,169,target,greene,1,,1,0,0,0,0
13n_1368,99,target,greene,1,,1,0,0,0,0
13n_1369,117,target,greene,1,,1,0,0,0,0
13n_137,65,target,greene,1,,1,0,0,0,0
13n_1370,239,target,greene,1,,1,0,0,0,0
13n_1373,171,target,greene,1,,1,0,0,0,0
13n_1374,169,target,greene,1,,1,0,0,0,0
13n_1375,239,target,greene,1,,1,0,0,0,0
13n_138,175,target,greene,1,,1,0,0,0,0
13n_1394,39,control,greene,1,,1,1,1,1,1
13n_1396,55,control,greene,1,,1,1,1,1,1
13n_1397,115,target,greene,1,,1,0,0,0,0
13n_1398,81,target,greene,1,,1,0,0,0,0
13n_1399,45,control,greene,1,,1,1,1,1,1
13n_14,79,target,greene,1,,1,0,0,0,0
13n_1401,95,target,greene,1,,1,0,0,0,0
13n_1402,101,target,greene,1,,1,0,0,0,0
13n_1403,133,control,greene,1,,1,1,1,1,1
13n_1405,71,control,greene,1,,1,1,1,1,1
13n_1407,131,control,greene,1,,1,1,1,1,1
13n_1408,65,control,greene,81,,1,1,1,1,1
13n_1410,151,target,greene,1,,1,0,0,0,0
13n_1413,73,target,greene,1,,1,0,0,0,0
13n_1418,171,target,greene,1,,1,0,0,0,0
13n_1419,99,control,greene,1,,1,1,1,1,1
13n_1422,125,control,greene,1,,1,1,1,1,1
13n_1425,107,target,greene,1,,0,0,0,0,0
13n_1428,71,target,greene,1,,1,0,0,0,0
13n_1430,47,target,greene,1,,1,0,0,0,0
13n_1431,103,target,greene,1,,0,0,0,0,0
13n_1432,139,target,greene,1,,1,0,0,0,0
13n_1433,179,control,greene,1,,1,1,1,1,1
13n_1436,83,target,greene,1,,1,0,0,0,0
13n_1438,109,target,greene,1,,1,0,0,0,0
13n_1439,53,target,greene,1,,1,0,0,0,0
13n_1440,101,control,greene,1,,1,1,1,1,1
13n_1442,41,control,greene,27,,1,1,1,1,1
13n_1443,175,control,greene,1,,1,1,1,1,1
13n_1444,107,control,greene,1,,1,1,1,1,1
13n_1446,103,target,greene,1,,0,0,0,0,0
13n_1447,79,target,greene,1,,0,0,0,0,0
13n_1454,117,target,greene,1,,1,0,0,0,0
13n_1455,51,target,greene,81,,1,0,0,0,0
13n_1464,123,control,greene,1,,1,1,1,1,1
13n_1465,51,control,greene,9,,1,1,1,1,1
13n_1466,75,target,greene,3,,1,0,0,0,0
13n_147,179,target,greene,1,,1,0,0,0,0
13n_1470,27,target,greene,27,,1,0,0,0,0
13n_1472,73,target,greene,1,,1,0,0,0,0
13n_1473,55,control,greene,1,,1,1,1,1,1
13n_1476,149,target,greene,1,,1,0,0,0,0
13n_1482,67,target,greene,1,,1,0,0,0,0
13n_1483,53,target,greene,27,,1,0,0,0,0
13n_1485,163,target,greene,1,,1,0,0,0,0
13n_1486,101,control,greene,1,,1,1,1,1,1
13n_1487,121,control,greene,1,,1,1,1,1,1
13n_1490,71,target,greene,1,,0,0,0,0,0
13n_1497,115,target,greene,1,,1,0,0,0,0
13n_1502,115,target,greene,1,,1,0,0,0,0
13n_1509,145,control,greene,1,,1,1,1,1,1
13n_1515,85,target,greene,1,,1,0,0,0,0
13n_1518,135,target,greene,1,,1,0,0,0,0
13n_1523,115,target,greene,1,,1,0,0,0,0
13n_1527,119,target,greene,1,,1,0,0,0,0
13n_1530,135,control,greene,1,,1,1,1,1,1
13n_1531,73,target,greene,1,,1,0,0,0,0
13n_1532,139,control,greene,1,,1,1,1,1,1
13n_1537,155,control,greene,1,,1,1,1,1,1
13n_1538,129,target,greene,1,,1,0,0,0,0
13n_1540,199,target,greene,1,,1,0,0,0,0
13n_1542,85,target,greene,1,,1,0,0,0,0
13n_1547,151,target,greene,1,,1,0,0,0,0
13n_1548,49,target,greene,1,,1,0,0,0,0
13n_1549,163,target,greene,1,,1,0,0,0,0
13n_1551,147,target,greene,1,,1,0,0,0,0
13n_1553,123,target,greene,1,,1,0,0,0,0
13n_1554,165,target,greene,1,,1,0,0,0,0
13n_1555,77,control,greene,1,,1,1,1,1,1
13n_1556,119,target,greene,1,,1,0,0,0,0
13n_1559,127,control,greene,1,,1,1,1,1,1
13n_1561,161,target,greene,1,,1,0,0,0,0
13n_1563,139,target,greene,1,,1,0,0,0,0
13n_1564,153,target,greene,1,,1,0,0,0,0
13n_1565,131,target,greene,1,,0,0,0,0,0
13n_1568,117,target,greene,1,,1,0,0,0,0
13n_157,131,target,greene,1,,1,0,0,0,0
13n_1570,125,target,greene,1,,1,0,0,0,0
13n_1572,143,target,greene,1,,1,0,0,0,0
13n_1578,131,target,greene,1,,1,0,0,0,0
13n_1580,43,control,greene,1,,1,1,1,1,1
13n_1582,83,target,greene,1,,1,0,0,0,0
13n_1586,177,target,greene,1,,1,0,0,0,0
13n_1587,75,target,greene,1,,1,0,0,0,0
13n_1596,59,target,greene,1,,0,0,0,0,0
13n_1598,49,control,greene,729,,1,1,1,1,1
13n_1599,123,control,greene,1,,1,1,1,1,1
13n_16,31,control,greene,1,,1,1,1,1,1
13n_1606,125,control,greene,1,,1,1,1,1,1
13n_1609,83,control,greene,1,,1,1,1,1,1
13n_1610,77,control,greene,1,,1,1,1,1,1
13n_1615,119,target,greene,1,,1,0,0,0,0
13n_1619,33,target,greene,1,,0,0,0,0,0
13n_1626,127,target,greene,1,,1,0,0,0,0
13n_1627,209,target,greene,1,,1,0,0,0,0
13n_1630,49,target,greene,4,,0,0,0,0,0
13n_1631,79,target,greene,1,,1,0,0,0,0
13n_1632,121,target,greene,1,,1,0,0,0,0
13n_1633,115,control,greene,9,,1,1,1,1,1
13n_1635,107,target,greene,1,,1,0,0,0,0
13n_1638,163,target,greene,1,,1,0,0,0,0
13n_1640,53,control,greene,2,,1,1,1,1,1
13n_1641,79,target,greene,1,,1,0,0,0,0
13n_1642,59,control,greene,1,,1,1,1,1,1
13n_1644,59,target,greene,81,,1,0,0,0,0
13n_1656,93,target,greene,1,,0,0,0,0,0
13n_1659,51,target,greene,1,,1,0,0,0,0
13n_1673,165,target,greene,1,,1,0,0,0,0
13n_1676,105,control,greene,1,,1,1,1,1,1
13n_1677,99,control,greene,1,,1,1,1,1,1
13n_1680,81,target,greene,1,,1,0,0,0,0
13n_1686,187,target,greene,1,,1,0,0,0,0
13n_1689,155,target,greene,1,,1,0,0,0,0
13n_1692,47,target,greene,1,,1,0,0,0,0
13n_1693,75,target,greene,1,,1,0,0,0,0
13n_1695,127,target,greene,1,,0,0,0,0,0
13n_1698,51,target,greene,1,,1,0,0,0,0
13n_1701,175,control,greene,1,,1,1,1,1,1
13n_1702,75,target,greene,1,,1,0,0,0,0
13n_1704,115,target,greene,1,,1,0,0,0,0
13n_1705,61,target,greene,1,,1,0,0,0,0
13n_171,179,target,greene,1,,1,0,0,0,0
13n_1710,49,target,greene,1,,0,0,0,0,0
13n_1711,127,target,greene,1,,1,0,0,0,0
13n_1713,75,control,greene,1,,1,1,1,1,1
13n_1714,69,control,greene,1,,1,1,1,1,1
13n_1721,121,target,greene,1,,1,0,0,0,0
13n_1722,97,target,greene,1,,1,0,0,0,0
13n_1723,97,target,greene,1,,1,0,0,0,0
13n_1724,107,target,greene,9,,1,0,0,0,0
13n_1725,103,control,greene,1,,1,1,1,1,1
13n_1726,139,target,greene,1,,1,0,0,0,0
13n_1727,71,control,greene,1,,1,1,1,1,1
13n_1728,59,target,greene,1,,1,0,0,0,0
13n_1731,103,target,greene,1,,1,0,0,0,0
13n_1737,59,target,greene,1,,1,0,0,0,0
13n_1738,199,target,greene,1,,1,0,0,0,0
13n_1740,151,control,greene,1,,1,1,1,1,1
13n_1744,167,target,greene,1,,1,0,0,0,0
13n_1749,127,target,greene,1,,1,0,0,0,0
13n_1751,133,target,greene,1,,1,0,0,0,0
13n_1752,49,target,greene,1,,1,0,0,0,0
13n_1761,77,control,greene,2,,1,1,1,1,1
13n_1763,73,target,greene,1,,1,0,0,0,0
13n_1764,169,target,greene,1,,1,0,0,0,0
13n_1765,83,control,greene,3,,1,1,1,1,1
13n_1766,83,target,greene,1,,1,0,0,0,0
13n_1767,33,control,greene,1,,1,1,1,1,1
13n_1775,167,target,greene,1,,1,0,0,0,0
13n_1783,149,target,greene,1,,1,0,0,0,0
13n_1787,235,target,greene,1,,1,0,0,0,0
13n_1798,233,target,greene,1,,1,0,0,0,0
13n_1800,149,target,greene,1,,1,0,0,0,0
13n_1804,111,target,greene,2,,1,0,0,0,0
13n_1809,133,target,greene,1,,1,0,0,0,0
13n_1813,137,target,greene,1,,1,0,0,0,0
13n_1817,77,target,greene,1,,1,0,0,0,0
13n_1820,101,target,greene,1,,1,0,0,0,0
13n_1823,89,target,greene,4,,1,0,0,0,0
13n_1824,139,target,greene,81,,1,0,0,0,0
13n_1827,165,control,greene,1,,1,1,1,1,1
13n_1828,173,target,greene,1,,1,0,0,0,0
13n_1829,81,target,greene,9,,1,0,0,0,0
13n_1831,129,target,greene,1,,1,0,0,0,0
13n_1832,105,control,greene,3,,1,1,1,1,1
13n_1834,71,target,greene,1,,1,0,0,0,0
13n_1835,89,target,greene,1,,1,0,0,0,0
13n_1839,101,target,greene,1,,1,0,0,0,0
13n_1842,101,target,greene,1,,1,0,0,0,0
13n_1843,125,target,greene,1,,1,0,0,0,0
13n_1844,61,control,greene,1,,1,1,1,1,1
13n_1845,67,target,greene,1,,1,0,0,0,0
13n_1847,47,target,greene,1,,1,0,0,0,0
13n_1853,83,target,greene,1,,1,0,0,0,0
13n_1854,131,target,greene,1,,1,0,0,0,0
13n_1855,55,control,greene,1,,1,1,1,1,1
13n_1856,43,target,greene,1,,1,0,0,0,0
13n_1858,101,target,greene,1,,1,0,0,0,0
13n_186,87,target,greene,1,,0,0,0,0,0
13n_1860,51,control,greene,1,,1,1,1,1,1
13n_1863,45,control,greene,1,,1,1,1,1,1
13n_1865,57,control,greene,1,,1,1,1,1,1
13n_1866,141,target,greene,1,,1,0,0,0,0
13n_1869,139,target,greene,1,,1,0,0,0,0
13n_1875,113,control,greene,1,,1,1,1,1,1
13n_1877,119,target,greene,1,,1,0,0,0,0
13n_1882,71,target,greene,3,,1,0,0,0,0
13n_1883,167,target,greene,1,,1,0,0,0,0
13n_1884,67,target,greene,1,,1,0,0,0,0
13n_1887,137,target,greene,1,,1,0,0,0,0
13n_189,83,target,greene,1,,0,0,0,0,0
13n_1890,131,target,greene,1,,1,0,0,0,0
13n_1893,113,target,greene,1,,1,0,0,0,0
13n_1895,111,target,greene,1,,1,0,0,0,0
13n_1898,163,target,greene,1,,1,0,0,0,0
13n_1900,151,target,greene,1,,1,0,0,0,0
13n_1901,59,target,greene,1,,1,0,0,0,0
13n_1903,125,control,greene,1,,1,1,1,1,1
13n_1904,73,control,greene,27,,1,1,1,1,1
13n_1910,133,target,greene,1,,1,0,0,0,0
13n_1913,101,target,greene,1,,1,0,0,0,0
13n_1914,211,target,greene,1,,1,0,0,0,0
13n_1917,123,target,greene,1,,1,0,0,0,0
13n_1918,197,control,greene,1,,1,1,1,1,1
13n_1922,81,target,greene,1,,1,0,0,0,0
13n_1925,145,control,greene,1,,1,1,1,1,1
13n_1932,147,target,greene,1,,1,0,0,0,0
13n_1935,147,control,greene,1,,1,1,1,1,1
13n_1942,137,target,greene,1,,1,0,0,0,0
13n_1943,67,control,greene,9,,1,1,1,1,1
13n_1945,41,control,greene,1,,1,1,1,1,1
13n_1946,85,control,greene,1,,1,1,1,1,1
13n_1947,91,control,greene,1,,1,1,1,1,1
13n_1951,229,target,greene,1,,1,0,0,0,0
13n_1955,83,target,greene,1,,1,0,0,0,0
13n_1960,239,target,greene,1,,1,0,0,0,0
13n_1962,103,target,greene,1,,0,0,0,0,0
13n_1966,87,control,greene,1,,1,1,1,1,1
13n_1967,169,control,greene,1,,1,1,1,1,1
13n_1968,99,control,greene,1,,1,1,1,1,1
13n_1969,93,control,greene,1,,1,1,1,1,1
13n_1970,99,control,greene,1,,1,1,1,1,1
13n_1974,51,target,greene,3,,1,0,0,0,0
13n_198,49,control,greene,1,,1,1,1,1,1
13n_1982,157,control,greene,1,,1,1,1,1,1
13n_1983,103,target,greene,1,,1,0,0,0,0
13n_1984,161,control,greene,1,,1,1,1,1,1
13n_1985,83,target,greene,1,,0,0,0,0,0
13n_1988,103,target,greene,1,,1,0,0,0,0
13n_199,71,target,greene,1,,0,0,0,0,0
13n_1990,97,control,greene,9,,1,1,1,1,1
13n_1991,123,target,greene,1,,1,0,0,0,0
13n_1994,77,target,greene,1,,1,0,0,0,0
13n_1997,107,control,greene,1,,1,1,1,1,1
13n_2,131,target,greene,1,,1,0,0,0,0
13n_20,173,target,greene,1,,1,0,0,0,0
13n_2000,79,target,greene,1,,1,0,0,0,0
13n_2005,51,target,greene,9,,1,0,0,0,0
13n_2006,49,target,greene,9,,1,0,0,0,0
13n_202,161,control,greene,1,,1,1,1,1,1
13n_2021,147,control,greene,1,,1,1,1,1,1
13n_2025,197,target,greene,1,,1,0,0,0,0
13n_2035,69,control,greene,1,,1,1,1,1,1
13n_2037,151,target,greene,1,,1,0,0,0,0
13n_2041,155,target,greene,1,,1,0,0,0,0
13n_2043,153,control,greene,1,,1,1,1,1,1
13n_2044,157,target,greene,1,,1,0,0,0,0
13n_2045,95,target,greene,1,,1,0,0,0,0
13n_205,199,control,greene,1,,1,1,1,1,1
13n_2050,181,target,greene,1,,1,0,0,0,0
13n_2053,91,control,greene,1,,1,1,1,1,1
13n_2055,169,target,greene,1,,1,0,0,0,0
13n_2056,149,control,greene,1,,1,1,1,1,1
13n_2057,143,control,greene,1,,1,1,1,1,1
13n_2060,47,target,greene,1,,0,0,0,0,0
13n_2063,37,control,greene,1,,1,1,1,1,1
13n_2064,107,target,greene,1,,0,0,0,0,0
13n_2068,107,target,greene,1,,1,0,0,0,0
13n_2070,137,control,greene,1,,1,1,1,1,1
13n_2071,149,target,greene,1,,1,0,0,0,0
13n_2072,99,target,greene,1,,1,0,0,0,0
13n_2080,127,target,greene,1,,0,0,0,0,0
13n_2081,113,target,greene,1,,1,0,0,0,0
13n_2082,121,target,greene,1,,1,0,0,0,0
13n_2083,167,target,greene,1,,1,0,0,0,0
13n_2085,197,target,greene,1,,1,0,0,0,0
13n_2086,117,target,greene,1,,1,0,0,0,0
13n_2091,107,target,greene,1,,1,0,0,0,0
13n_2096,173,target,greene,1,,1,0,0,0,0
13n_2098,113,target,greene,1,,1,0,0,0,0
13n_21,107,target,greene,1,,1,0,0,0,0
13n_2103,143,control,greene,1,,1,1,1,1,1
13n_2105,119,target,greene,1,,1,0,0,0,0
13n_2107,133,target,greene,1,,1,0,0,0,0
13n_2108,91,target,greene,1,,1,0,0,0,0
13n_2112,119,control,greene,1,,1,1,1,1,1
13n_2115,199,target,greene,1,,1,0,0,0,0
13n_2116,167,control,greene,1,,1,1,1,1,1
13n_2118,65,target,greene,1,,1,0,0,0,0
13n_2119,85,target,greene,1,,1,0,0,0,0
13n_212,161,control,greene,1,,1,1,1,1,1
13n_2129,131,target,greene,1,,1,0,0,0,0
13n_213,199,control,greene,1,,1,1,1,1,1
13n_2139,173,target,greene,1,,1,0,0,0,0
13n_2143,197,target,greene,1,,1,0,0,0,0
13n_2145,99,target,greene,1,,1,0,0,0,0
13n_2147,149,control,greene,1,,1,1,1,1,1
13n_2151,51,control,greene,27,,1,1,1,1,1
13n_2152,153,control,greene,1,,1,1,1,1,1
13n_2153,77,target,greene,1,,1,0,0,0,0
13n_2158,121,target,greene,1,,1,0,0,0,0
13n_216,161,target,greene,1,,1,0,0,0,0
13n_2160,125,target,greene,1,,1,0,0,0,0
13n_2170,199,target,greene,1,,1,0,0,0,0
13n_2174,115,control,greene,9,,1,1,1,1,1
13n_2175,59,target,greene,1,,1,0,0,0,0
13n_2176,57,target,greene,1,,1,0,0,0,0
13n_2184,151,target,greene,1,,1,0,0,0,0
13n_2185,239,target,greene,1,,1,0,0,0,0
13n_219,133,target,greene,1,,1,0,0,0,0
13n_2191,93,control,greene,3,,1,1,1,1,1
13n_2193,147,control,greene,1,,1,1,1,1,1
13n_22,121,target,greene,1,,1,0,0,0,0
13n_2202,117,target,greene,1,,1,0,0,0,0
13n_2207,141,target,greene,1,,1,0,0,0,0
13n_221,123,target,greene,1,,1,0,0,0,0
13n_2216,191,target,greene,1,,1,0,0,0,0
13n_2218,173,target,greene,1,,1,0,0,0,0
13n_2221,151,target,greene,1,,1,0,0,0,0
13n_2223,217,control,greene,1,,1,1,1,1,1
13n_2224,67,control,greene,2,,1,1,1,1,1
13n_2225,93,control,greene,1,,1,1,1,1,1
13n_2227,79,target,greene,1,,1,0,0,0,0
13n_2228,151,target,greene,1,,1,0,0,0,0
13n_2229,239,target,greene,1,,1,0,0,0,0
13n_223,59,control,greene,3,,1,1,1,1,1
13n_2232,143,control,greene,1,,1,1,1,1,1
13n_2236,211,target,greene,1,,1,0,0,0,0
13n_2238,167,target,greene,1,,1,0,0,0,0
13n_2241,107,target,greene,1,,1,0,0,0,0
13n_2243,187,target,greene,1,,1,0,0,0,0
13n_2244,89,control,greene,1,,1,1,1,1,1
13n_2246,163,target,greene,1,,1,0,0,0,0
13n_2247,97,target,greene,1,,1,0,0,0,0
13n_2251,63,target,greene,1,,1,0,0,0,0
13n_2254,127,target,greene,1,,1,0,0,0,0
13n_2257,79,target,greene,1,,1,0,0,0,0
13n_2258,149,control,greene,1,,1,1,1,1,1
13n_2262,101,target,greene,1,,1,0,0,0,0
13n_2263,133,target,greene,1,,1,0,0,0,0
13n_2264,67,target,greene,1,,1,0,0,0,0
13n_2265,79,target,greene,1,,1,0,0,0,0
13n_2268,179,target,greene,1,,0,0,0,0,0
13n_2269,191,target,greene,1,,1,0,0,0,0
13n_2273,161,target,greene,1,,1,0,0,0,0
13n_2274,131,target,greene,1,,1,0,0,0,0
13n_2275,121,target,greene,1,,1,0,0,0,0
13n_2277,49,control,greene,1,,1,1,1,1,1
13n_2278,35,control,greene,9,,1,1,1,1,1
13n_2284,61,control,greene,1,,1,1,1,1,1
13n_2285,167,target,greene,1,,1,0,0,0,0
13n_229,93,target,greene,1,,1,0,0,0,0
13n_2291,77,target,greene,1,,1,0,0,0,0
13n_2297,109,target,greene,1,,1,0,0,0,0
13n_23,159,target,greene,1,,1,0,0,0,0
13n_2303,67,target,greene,1,,1,0,0,0,0
13n_231,147,target,greene,1,,1,0,0,0,0
13n_2319,95,target,greene,1,,1,0,0,0,0
13n_2321,133,target,greene,1,,1,0,0,0,0
13n_2322,201,target,greene,1,,1,0,0,0,0
13n_2325,73,control,greene,9,,1,1,1,1,1
13n_2326,135,target,greene,1,,1,0,0,0,0
13n_2327,157,control,greene,1,,1,1,1,1,1
13n_2328,41,target,greene,1,,1,0,0,0,0
13n_2329,109,target,greene,1,,1,0,0,0,0
13n_2330,125,target,greene,1,,1,0,0,0,0
13n_2331,93,target,greene,1,,1,0,0,0,0
13n_2332,133,target,greene,1,,1,0,0,0,0
13n_2336,139,target,greene,1,,1,0,0,0,0
13n_2339,179,target,greene,1,,1,0,0,0,0
13n_2340,205,control,greene,1,,1,1,1,1,1
13n_2341,135,control,greene,1,,1,1,1,1,1
13n_2342,49,target,greene,1,,1,0,0,0,0
13n_2348,107,control,greene,1,,1,1,1,1,1
13n_2349,85,control,greene,1,,1,1,1,1,1
13n_2350,91,control,greene,1,,1,1,1,1,1
13n_2351,109,control,greene,1,,1,1,1,1,1
13n_2352,83,control,greene,1,,1,1,1,1,1
13n_2359,25,target,greene,81,,1,0,0,0,0
13n_236,163,target,greene,1,,1,0,0,0,0
13n_2360,151,target,greene,1,,1,0,0,0,0
13n_2361,95,target,greene,1,,1,0,0,0,0
13n_2363,103,target,greene,1,,1,0,0,0,0
13n_2366,47,target,greene,1,,1,0,0,0,0
13n_2367,161,target,greene,1,,1,0,0,0,0
13n_2373,93,target,greene,1,,1,0,0,0,0
13n_2377,141,target,greene,1,,1,0,0,0,0
13n_238,183,target,greene,1,,1,0,0,0,0
13n_2380,99,target,greene,1,,1,0,0,0,0
13n_2386,59,target,greene,1,,1,0,0,0,0
13n_2387,89,target,greene,1,,1,0,0,0,0
13n_2388,103,target,greene,1,,0,0,0,0,0
13n_2389,121,target,greene,1,,1,0,0,0,0
13n_239,129,target,greene,1,,1,0,0,0,0
13n_2396,79,target,greene,1,,1,0,0,0,0
13n_240,75,target,greene,1,,1,0,0,0,0
13n_2424,113,target,greene,1,,1,0,0,0,0
13n_2429,99,target,greene,1,,1,0,0,0,0
13n_243,87,target,greene,1,,1,0,0,0,0
13n_2430,127,target,greene,1,,1,0,0,0,0
13n_2431,171,target,greene,1,,1,0,0,0,0
13n_2433,69,control,greene,1,,1,1,1,1,1
13n_2435,119,target,greene,1,,1,0,0,0,0
13n_2436,31,target,greene,1,,1,0,0,0,0
13n_2438,95,control,greene,3,,1,1,1,1,1
13n_244,151,target,greene,1,,1,0,0,0,0
13n_2440,109,target,greene,1,,1,0,0,0,0
13n_2441,103,target,greene,1,,1,0,0,0,0
13n_2444,133,target,greene,1,,1,0,0,0,0
13n_2446,83,target,greene,1,,1,0,0,0,0
13n_2447,137,control,greene,1,,1,1,1,1,1
13n_2448,71,target,greene,1,,1,0,0,0,0
13n_2457,171,target,greene,1,,1,0,0,0,0
13n_2459,171,target,greene,1,,1,0,0,0,0
13n_2464,99,target,greene,1,,1,0,0,0,0
13n_2472,69,target,greene,1,,1,0,0,0,0
13n_2473,93,target,greene,3,,1,0,0,0,0
13n_2476,129,control,greene,1,,1,1,1,1,1
13n_2477,151,target,greene,1,,1,0,0,0,0
13n_2478,133,target,greene,1,,1,0,0,0,0
13n_248,91,target,greene,1,,1,0,0,0,0
13n_2482,143,target,greene,1,,1,0,0,0,0
13n_2483,143,control,greene,1,,1,1,1,1,1
13n_2484,87,control,greene,1,,1,1,1,1,1
13n_2486,63,target,greene,1,,0,0,0,0,0
13n_2488,69,target,greene,1,,1,0,0,0,0
13n_2489,141,target,greene,1,,1,0,0,0,0
13n_249,109,target,greene,1,,1,0,0,0,0
13n_2493,227,target,greene,1,,1,0,0,0,0
13n_2494,157,target,greene,1,,1,0,0,0,0
13n_2495,123,target,greene,1,,1,0,0,0,0
13n_2496,103,target,greene,1,,0,0,0,0,0
13n_2497,97,target,greene,1,,1,0,0,0,0
13n_2498,35,target,greene,1,,1,0,0,0,0
13n_2499,115,target,greene,1,,1,0,0,0,0
13n_2502,161,target,greene,1,,1,0,0,0,0
13n_2503,27,target,greene,4,,1,0,0,0,0
13n_2505,205,target,greene,1,,1,0,0,0,0
13n_2506,199,target,greene,1,,1,0,0,0,0
13n_2510,67,target,greene,9,,1,0,0,0,0
13n_2511,71,target,greene,27,,1,0,0,0,0
13n_2512,123,target,greene,1,,1,0,0,0,0
13n_2515,141,target,greene,1,,0,0,0,0,0
13n_2517,191,target,greene,1,,1,0,0,0,0
13n_252,143,target,greene,1,,1,0,0,0,0
13n_2520,169,target,greene,1,,1,0,0,0,0
13n_2521,125,control,greene,1,,1,1,1,1,1
13n_2523,139,target,greene,1,,1,0,0,0,0
13n_2525,127,target,greene,1,,1,0,0,0,0
13n_2529,111,control,greene,1,,1,1,1,1,1
13n_253,89,target,greene,1,,1,0,0,0,0
13n_2531,119,target,greene,1,,1,0,0,0,0
13n_2535,87,control,greene,1,,1,1,1,1,1
13n_254,55,target,greene,1,,1,0,0,0,0
13n_2541,109,target,greene,1,,1,0,0,0,0
13n_2543,177,control,greene,1,,1,1,1,1,1
13n_2546,73,target,greene,1,,1,0,0,0,0
13n_2547,101,control,greene,1,,1,1,1,1,1
13n_2548,125,target,greene,1,,1,0,0,0,0
13n_256,83,target,greene,1,,1,0,0,0,0
13n_2564,157,target,greene,1,,1,0,0,0,0
13n_2567,131,target,greene,1,,1,0,0,0,0
13n_257,99,target,greene,1,,1,0,0,0,0
13n_2575,127,target,greene,1,,0,0,0,0,0
13n_2579,187,target,greene,1,,1,0,0,0,0
13n_2585,45,target,greene,1,,1,0,0,0,0
13n_2588,55,target,greene,1,,1,0,0,0,0
13n_2590,97,control,greene,1,,1,1,1,1,1
13n_2591,159,target,greene,1,,1,0,0,0,0
13n_2593,175,target,greene,1,,1,0,0,0,0
13n_2594,97,target,greene,1,,1,0,0,0,0
13n_2596,127,target,greene,1,,1,0,0,0,0
13n_2597,175,control,greene,1,,1,1,1,1,1
13n_2602,161,target,greene,1,,1,0,0,0,0
13n_261,119,control,greene,1,,1,1,1,1,1
13n_2610,209,control,greene,1,,1,1,1,1,1
13n_2615,183,control,greene,1,,1,1,1,1,1
13n_2616,79,target,greene,1,,1,0,0,0,0
13n_2617,151,control,greene,1,,1,1,1,1,1
13n_262,113,control,greene,1,,1,1,1,1,1
13n_2623,153,target,greene,1,,1,0,0,0,0
13n_2626,83,target,greene,1,,1,0,0,0,0
13n_2629,147,control,greene,1,,1,1,1,1,1
13n_263,97,target,greene,1,,1,0,0,0,0
13n_2631,199,target,greene,1,,1,0,0,0,0
13n_2633,61,target,greene,1,,1,0,0,0,0
13n_2634,209,target,greene,1,,1,0,0,0,0
13n_2636,155,control,greene,1,,1,1,1,1,1
13n_2637,41,target,greene,1,,1,0,0,0,0
13n_2639,61,target,greene,1,,1,0,0,0,0
13n_2642,133,target,greene,1,,1,0,0,0,0
13n_2643,105,control,greene,1,,1,1,1,1,1
13n_2646,183,target,greene,1,,1,0,0,0,0
13n_2652,121,target,greene,1,,1,0,0,0,0
13n_2653,165,control,greene,1,,1,1,1,1,1
13n_2655,161,control,greene,1,,1,1,1,1,1
13n_2658,167,target,greene,1,,0,0,0,0,0
13n_2659,213,target,greene,1,,1,0,0,0,0
13n_2662,83,target,greene,1,,1,0,0,0,0
13n_2663,167,target,greene,1,,1,0,0,0,0
13n_2669,239,target,greene,1,,1,0,0,0,0
13n_267,59,target,greene,1,,1,0,0,0,0
13n_2670,135,control,greene,1,,1,1,1,1,1
13n_2671,65,control,greene,1,,1,1,1,1,1
13n_2676,115,target,greene,1,,1,0,0,0,0
13n_2679,129,control,greene,1,,1,1,1,1,1
13n_2680,161,target,greene,1,,1,0,0,0,0
13n_2692,83,control,greene,3,,1,1,1,1,1
13n_2693,143,control,greene,1,,1,1,1,1,1
13n_27,163,target,greene,1,,1,0,0,0,0
13n_2700,73,target,greene,1,,1,0,0,0,0
13n_2701,67,target,greene,1,,1,0,0,0,0
13n_2702,67,target,greene,1,,1,0,0,0,0
13n_2706,179,control,greene,1,,1,1,1,1,1
13n_271,105,control,greene,1,,1,1,1,1,1
13n_2712,83,target,greene,1,,0,0,0,0,0
13n_2713,81,target,greene,1,,0,0,0,0,0
13n_2716,161,target,greene,1,,0,0,0,0,0
13n_272,111,control,greene,1,,1,1,1,1,1
13n_2720,179,target,greene,1,,1,0,0,0,0
13n_2722,77,target,greene,1,,0,0,0,0,0
13n_2724,143,control,greene,1,,1,1,1,1,1
13n_2727,169,target,greene,1,,1,0,0,0,0
13n_2730,117,target,greene,1,,1,0,0,0,0
13n_2739,187,target,greene,1,,1,0,0,0,0
13n_2741,139,target,greene,1,,1,0,0,0,0
13n_2743,175,control,greene,1,,1,1,1,1,1
13n_2744,49,target,greene,1,,1,0,0,0,0
13n_2745,123,target,greene,1,,1,0,0,0,0
13n_2746,197,target,greene,1,,1,0,0,0,0
13n_2748,97,target,greene,1,,1,0,0,0,0
13n_275,139,target,greene,1,,1,0,0,0,0
13n_2750,133,control,greene,1,,1,1,1,1,1
13n_2752,89,control,greene,1,,1,1,1,1,1
13n_2753,107,target,greene,1,,1,0,0,0,0
13n_2754,201,control,greene,1,,1,1,1,1,1
13n_2755,117,control,greene,1,,1,1,1,1,1
13n_2758,195,target,greene,1,,1,0,0,0,0
13n_2759,191,target,greene,1,,1,0,0,0,0
13n_276,61,target,greene,1,,1,0,0,0,0
13n_2760,203,target,greene,1,,1,0,0,0,0
13n_2761,115,control,greene,1,,1,1,1,1,1
13n_2763,143,target,greene,1,,1,0,0,0,0
13n_2764,135,target,greene,1,,1,0,0,0,0
13n_2766,117,control,greene,1,,1,1,1,1,1
13n_2767,91,target,greene,1,,1,0,0,0,0
13n_2768,27,target,greene,9,,1,0,0,0,0
13n_2771,73,target,greene,1,,1,0,0,0,0
13n_2772,163,target,greene,1,,1,0,0,0,0
13n_2773,163,target,greene,1,,1,0,0,0,0
13n_2776,127,control,greene,1,,1,1,1,1,1
13n_2777,117,target,greene,1,,0,0,0,0,0
13n_278,125,target,greene,1,,1,0,0,0,0
13n_2781,107,target,greene,1,,1,0,0,0,0
13n_2786,103,control,greene,1,,1,1,1,1,1
13n_2787,49,target,greene,1,,1,0,0,0,0
13n_2788,181,target,greene,1,,1,0,0,0,0
13n_279,59,target,greene,1,,0,0,0,0,0
13n_2793,157,target,greene,1,,1,0,0,0,0
13n_2796,113,target,greene,1,,1,0,0,0,0
13n_2797,63,target,greene,1,,1,0,0,0,0
13n_2799,129,control,greene,1,,1,1,1,1,1
13n_2802,139,control,greene,1,,1,1,1,1,1
13n_2808,259,target,greene,1,,1,0,0,0,0
13n_281,79,target,greene,1,,1,0,0,0,0
13n_2817,187,control,greene,1,,1,1,1,1,1
13n_282,25,control,greene,1,,1,1,1,1,1
13n_2821,91,target,greene,1,,1,0,0,0,0
13n_2822,53,control,greene,9,,1,1,1,1,1
13n_2827,173,target,greene,1,,1,0,0,0,0
13n_2829,139,target,greene,1,,1,0,0,0,0
13n_2831,83,control,greene,1,,1,1,1,1,1
13n_2834,99,target,greene,1,,1,0,0,0,0
13n_2835,193,control,greene,1,,1,1,1,1,1
13n_2836,151,target,greene,1,,1,0,0,0,0
13n_2837,217,target,greene,1,,0,0,0,0,0
13n_2838,197,target,greene,1,,1,0,0,0,0
13n_2839,215,control,greene,1,,1,1,1,1,1
13n_2840,157,target,greene,1,,1,0,0,0,0
13n_2841,223,target,greene,1,,1,0,0,0,0
13n_2842,201,target,greene,1,,1,0,0,0,0
13n_2843,187,target,greene,1,,1,0,0,0,0
13n_2844,127,target,greene,1,,0,0,0,0,0
13n_2850,135,target,greene,1,,1,0,0,0,0
13n_2852,129,target,greene,1,,1,0,0,0,0
13n_2855,217,target,greene,1,,1,0,0,0,0
13n_2857,167,target,greene,1,,1,0,0,0,0
13n_2863,95,target,greene,1,,1,0,0,0,0
13n_2866,67,control,greene,1,,1,1,1,1,1
13n_2867,151,control,greene,1,,1,1,1,1,1
13n_2871,105,target,greene,1,,1,0,0,0,0
13n_2873,157,control,greene,1,,1,1,1,1,1
13n_2874,181,control,greene,1,,1,1,1,1,1
13n_2875,149,target,greene,1,,1,0,0,0,0
13n_2876,97,control,greene,1,,1,1,1,1,1
13n_2877,189,control,greene,1,,1,1,1,1,1
13n_2878,103,target,greene,1,,1,0,0,0,0
13n_2880,131,target,greene,1,,1,0,0,0,0
13n_2885,81,control,greene,1,,1,1,1,1,1
13n_2888,107,target,greene,1,,1,0,0,0,0
13n_289,93,target,greene,1,,1,0,0,0,0
13n_2890,175,target,greene,1,,1,0,0,0,0
13n_2891,157,target,greene,1,,1,0,0,0,0
13n_2893,107,control,greene,1,,1,1,1,1,1
13n_2894,139,control,greene,1,,1,1,1,1,1
13n_290,147,target,greene,1,,1,0,0,0,0
13n_2905,141,target,greene,1,,1,0,0,0,0
13n_2928,129,target,greene,1,,0,0,0,0,0
13n_2932,51,target,greene,3,,1,0,0,0,0
13n_2942,103,target,greene,1,,1,0,0,0,0
13n_2945,155,target,greene,1,,1,0,0,0,0
13n_2946,109,control,greene,1,,1,1,1,1,1
13n_2948,69,target,greene,1,,1,0,0,0,0
13n_295,163,target,greene,1,,1,0,0,0,0
13n_2960,107,target,greene,1,,1,0,0,0,0
13n_2964,121,target,greene,1,,1,0,0,0,0
13n_2965,57,target,greene,1,,1,0,0,0,0
13n_297,129,target,greene,1,,1,0,0,0,0
13n_2970,75,control,greene,1,,1,1,1,1,1
13n_2971,81,control,greene,1,,1,1,1,1,1
13n_298,183,target,greene,1,,1,0,0,0,0
13n_2980,179,target,greene,1,,1,0,0,0,0
13n_2986,237,control,greene,1,,1,1,1,1,1
13n_299,75,target,greene,1,,1,0,0,0,0
13n_2991,151,target,greene,1,,1,0,0,0,0
13n_2996,139,target,greene,1,,1,0,0,0,0
13n_3,121,target,greene,1,,1,0,0,0,0
13n_3016,73,target,greene,9,,1,0,0,0,0
13n_3018,181,target,greene,1,,1,0,0,0,0
13n_302,87,target,greene,1,,1,0,0,0,0
13n_3027,97,target,greene,1,,1,0,0,0,0
13n_303,151,target,greene,1,,1,0,0,0,0
13n_3031,163,target,greene,1,,1,0,0,0,0
13n_3035,191,control,greene,1,,1,1,1,1,1
13n_3039,83,target,greene,1,,1,0,0,0,0
13n_3040,59,control,greene,2,,1,1,1,1,1
13n_3043,77,control,greene,1,,1,1,1,1,1
13n_3047,89,control,greene,1,,1,1,1,1,1
13n_3050,139,target,greene,1,,1,0,0,0,0
13n_3056,155,target,greene,1,,1,0,0,0,0
13n_3057,229,target,greene,1,,1,0,0,0,0
13n_3058,81,control,greene,1,,1,1,1,1,1
13n_3059,87,control,greene,1,,1,1,1,1,1
13n_306,111,target,greene,1,,1,0,0,0,0
13n_3062,137,target,greene,1,,1,0,0,0,0
13n_3063,141,target,greene,1,,1,0,0,0,0
13n_3065,119,target,greene,1,,1,0,0,0,0
13n_3072,195,control,greene,1,,1,1,1,1,1
13n_3073,123,target,greene,1,,1,0,0,0,0
13n_3078,163,target,greene,1,,1,0,0,0,0
13n_3081,107,target,greene,1,,1,0,0,0,0
13n_3087,63,target,greene,1,,1,0,0,0,0
13n_3089,47,target,greene,1,,0,0,0,0,0
13n_3091,89,control,greene,1,,1,1,1,1,1
13n_3092,81,control,greene,1,,1,1,1,1,1
13n_3093,107,target,greene,1,,1,0,0,0,0
13n_3095,85,target,greene,1,,1,0,0,0,0
13n_3102,173,target,greene,1,,1,0,0,0,0
13n_3103,197,target,greene,1,,1,0,0,0,0
13n_3104,143,target,greene,1,,1,0,0,0,0
13n_3107,155,target,greene,1,,1,0,0,0,0
13n_3108,147,target,greene,1,,1,0,0,0,0
13n_311,139,target,greene,1,,1,0,0,0,0
13n_3110,121,target,greene,1,,1,0,0,0,0
13n_3116,245,target,greene,1,,1,0,0,0,0
13n_3117,139,target,greene,1,,1,0,0,0,0
13n_3120,167,target,greene,1,,1,0,0,0,0
13n_3122,105,control,greene,1,,1,1,1,1,1
13n_3123,159,target,greene,1,,1,0,0,0,0
13n_3125,33,target,greene,3,,0,0,0,0,0
13n_3126,167,target,greene,1,,1,0,0,0,0
13n_3128,107,control,greene,1,,1,1,1,1,1
13n_313,85,target,greene,1,,1,0,0,0,0
13n_3130,141,target,greene,1,,1,0,0,0,0
13n_3131,149,target,greene,1,,1,0,0,0,0
13n_3134,103,target,greene,1,,1,0,0,0,0
13n_314,131,target,greene,1,,1,0,0,0,0
13n_3140,115,control,greene,1,,1,1,1,1,1
13n_3141,141,control,greene,1,,1,1,1,1,1
13n_3142,49,target,greene,27,,0,0,0,0,0
13n_3144,59,target,greene,1,,1,0,0,0,0
13n_3146,61,target,greene,1,,1,0,0,0,0
13n_3147,91,target,greene,1,,1,0,0,0,0
13n_3148,179,control,greene,1,,1,1,1,1,1
13n_3151,179,target,greene,1,,1,0,0,0,0
13n_3152,89,target,greene,1,,1,0,0,0,0
13n_3153,79,target,greene,1,,1,0,0,0,0
13n_3155,93,target,greene,9,,1,0,0,0,0
13n_3157,89,target,greene,1,,1,0,0,0,0
13n_3159,77,target,greene,1,,1,0,0,0,0
13n_3160,55,target,greene,1,,1,0,0,0,0
13n_3161,125,target,greene,1,,1,0,0,0,0
13n_3164,109,control,greene,1,,1,1,1,1,1
13n_3170,165,target,greene,1,,1,0,0,0,0
13n_3178,185,control,greene,1,,1,1,1,1,1
13n_3180,59,target,greene,1,,1,0,0,0,0
13n_3182,159,control,greene,1,,1,1,1,1,1
13n_3185,43,target,greene,1,,1,0,0,0,0
13n_3186,119,target,greene,1,,1,0,0,0,0
13n_3187,139,control,greene,1,,1,1,1,1,1
13n_3189,111,target,greene,1,,1,0,0,0,0
13n_319,137,target,greene,1,,1,0,0,0,0
13n_3193,87,target,greene,9,,1,0,0,0,0
13n_3194,225,target,greene,1,,1,0,0,0,0
13n_3195,167,target,greene,1,,0,0,0,0,0
13n_3201,163,control,greene,1,,1,1,1,1,1
13n_3202,165,target,greene,1,,1,0,0,0,0
13n_3205,127,control,greene,1,,1,1,1,1,1
13n_3207,109,target,greene,1,,1,0,0,0,0
13n_3209,133,target,greene,1,,1,0,0,0,0
13n_3211,67,target,greene,27,,1,0,0,0,0
13n_3213,189,target,greene,1,,1,0,0,0,0
13n_3215,189,target,greene,1,,1,0,0,0,0
13n_3216,95,target,greene,1,,0,0,0,0,0
13n_3218,145,control,greene,1,,1,1,1,1,1
13n_3221,73,target,greene,81,,1,0,0,0,0
13n_3223,129,control,greene,1,,1,1,1,1,1
13n_3225,103,target,greene,1,,1,0,0,0,0
13n_3227,83,target,greene,1,,1,0,0,0,0
13n_3229,113,target,greene,1,,1,0,0,0,0
13n_323,131,target,greene,1,,1,0,0,0,0
13n_3230,149,target,greene,1,,1,0,0,0,0
13n_3233,123,control,greene,1,,1,1,1,1,1
13n_3235,83,target,greene,27,,1,0,0,0,0
13n_3236,171,target,greene,1,,1,0,0,0,0
13n_324,181,target,greene,1,,1,0,0,0,0
13n_3243,83,target,greene,1,,1,0,0,0,0
13n_3245,133,control,greene,1,,1,1,1,1,1
13n_3246,81,target,greene,1,,1,0,0,0,0
13n_3249,31,target,greene,1,,1,0,0,0,0
13n_3250,43,target,greene,9,,1,0,0,0,0
13n_3252,83,target,greene,27,,1,0,0,0,0
13n_3255,77,target,greene,9,,1,0,0,0,0
13n_3259,131,target,greene,1,,1,0,0,0,0
13n_3262,189,target,greene,1,,1,0,0,0,0
13n_3266,135,target,greene,1,,1,0,0,0,0
13n_3269,203,target,greene,1,,1,0,0,0,0
13n_3275,127,control,greene,1,,1,1,1,1,1
13n_3277,181,target,greene,1,,1,0,0,0,0
13n_3278,115,target,greene,1,,1,0,0,0,0
13n_3282,117,target,greene,1,,1,0,0,0,0
13n_3284,113,target,greene,1,,1,0,0,0,0
13n_3286,141,target,greene,1,,1,0,0,0,0
13n_3288,77,target,greene,3,,1,0,0,0,0
13n_3290,97,target,greene,1,,1,0,0,0,0
13n_3291,123,control,greene,1,,1,1,1,1,1
13n_3295,107,target,greene,1,,0,0,0,0,0
13n_3296,133,control,greene,1,,1,1,1,1,1
13n_3298,53,target,greene,1,,1,0,0,0,0
13n_3300,113,target,greene,1,,1,0,0,0,0
13n_3304,165,control,greene,1,,1,1,1,1,1
13n_3306,107,target,greene,1,,1,0,0,0,0
13n_3308,103,target,greene,1,,1,0,0,0,0
13n_3309,59,target,greene,1,,1,0,0,0,0
13n_331,237,target,greene,1,,1,0,0,0,0
13n_3310,109,control,greene,1,,1,1,1,1,1
13n_3312,103,target,greene,1,,1,0,0,0,0
13n_3313,89,target,greene,1,,1,0,0,0,0
13n_3316,107,target,greene,1,,1,0,0,0,0
13n_3317,97,target,greene,1,,1,0,0,0,0
13n_3320,43,target,greene,3,,1,0,0,0,0
13n_3321,57,target,greene,3,,1,0,0,0,0
13n_3323,143,target,greene,1,,1,0,0,0,0
13n_3325,117,control,greene,1,,1,1,1,1,1
13n_3327,101,target,greene,1,,1,0,0,0,0
13n_3328,77,target,greene,9,,1,0,0,0,0
13n_3331,117,control,greene,1,,1,1,1,1,1
13n_3332,83,target,greene,9,,1,0,0,0,0
13n_3336,189,target,greene,1,,1,0,0,0,0
13n_334,155,target,greene,1,,1,0,0,0,0
13n_3340,153,target,greene,1,,0,0,0,0,0
13n_3342,263,target,greene,1,,1,0,0,0,0
13n_3344,187,target,greene,1,,1,0,0,0,0
13n_3345,153,control,greene,1,,1,1,1,1,1
13n_3347,67,target,greene,3,,1,0,0,0,0
13n_336,95,target,greene,1,,1,0,0,0,0
13n_3360,237,target,greene,1,,1,0,0,0,0
13n_3362,119,target,greene,1,,1,0,0,0,0
13n_3366,117,control,greene,1,,1,1,1,1,1
13n_3367,83,control,greene,1,,1,1,1,1,1
13n_337,121,target,greene,1,,1,0,0,0,0
13n_3370,33,target,greene,9,,1,0,0,0,0
13n_3372,131,control,greene,1,,1,1,1,1,1
13n_3373,93,control,greene,1,,1,1,1,1,1
13n_3376,271,target,greene,1,,1,0,0,0,0
13n_3377,213,target,greene,1,,1,0,0,0,0
13n_3381,85,control,greene,1,,1,1,1,1,1
13n_3382,131,control,greene,1,,1,1,1,1,1
13n_3384,235,target,greene,1,,1,0,0,0,0
13n_3385,133,control,greene,1,,1,1,1,1,1
13n_3387,115,control,greene,1,,1,1,1,1,1
13n_3388,71,target,greene,1,,0,0,0,0,0
13n_3392,103,target,greene,2,,1,0,0,0,0
13n_3397,199,target,greene,1,,1,0,0,0,0
13n_3399,175,control,greene,1,,1,1,1,1,1
13n_340,59,target,greene,1,,1,0,0,0,0
13n_3400,171,control,greene,1,,1,1,1,1,1
13n_3403,163,target,greene,1,,1,0,0,0,0
13n_3405,49,control,greene,3,,1,1,1,1,1
13n_3407,197,target,greene,1,,1,0,0,0,0
13n_3408,81,target,greene,1,,1,0,0,0,0
13n_341,121,target,greene,1,,1,0,0,0,0
13n_3411,119,target,greene,1,,1,0,0,0,0
13n_3412,189,target,greene,1,,1,0,0,0,0
13n_3414,49,target,greene,1,,1,0,0,0,0
13n_3417,161,target,greene,1,,1,0,0,0,0
13n_3420,171,target,greene,1,,1,0,0,0,0
13n_3424,105,control,greene,1,,1,1,1,1,1
13n_3425,179,target,greene,1,,1,0,0,0,0
13n_3427,189,target,greene,1,,0,0,0,0,0
13n_3434,183,target,greene,1,,1,0,0,0,0
13n_3436,121,target,greene,1,,1,0,0,0,0
13n_3437,155,target,greene,1,,1,0,0,0,0
13n_3439,147,target,greene,1,,1,0,0,0,0
13n_344,191,target,greene,1,,1,0,0,0,0
13n_3440,237,target,greene,1,,1,0,0,0,0
13n_3441,183,control,greene,1,,1,1,1,1,1
13n_3442,137,control,greene,1,,1,1,1,1,1
13n_3444,113,target,greene,1,,1,0,0,0,0
13n_3445,223,control,greene,1,,1,1,1,1,1
13n_3447,143,target,greene,1,,0,0,0,0,0
13n_3449,139,target,greene,1,,1,0,0,0,0
13n_3450,97,target,greene,1,,1,0,0,0,0
13n_3452,219,target,greene,1,,1,0,0,0,0
13n_3453,129,control,greene,1,,1,1,1,1,1
13n_3455,191,target,greene,1,,0,0,0,0,0
13n_3456,211,target,greene,1,,1,0,0,0,0
13n_3458,135,target,greene,1,,1,0,0,0,0
13n_346,219,target,greene,1,,1,0,0,0,0
13n_3464,171,control,greene,1,,1,1,1,1,1
13n_3465,79,target,greene,1,,1,0,0,0,0
13n_3471,171,target,greene,1,,1,0,0,0,0
13n_3472,219,control,greene,1,,1,1,1,1,1
13n_3473,121,target,greene,1,,0,0,0,0,0
13n_3475,127,target,greene,1,,1,0,0,0,0
13n_3481,131,target,greene,1,,1,0,0,0,0
13n_3482,121,target,greene,1,,1,0,0,0,0
13n_3483,253,target,greene,1,,1,0,0,0,0
13n_3485,145,control,greene,1,,1,1,1,1,1
13n_3487,227,target,greene,1,,1,0,0,0,0
13n_3498,215,target,greene,1,,1,0,0,0,0
13n_35,151,target,greene,1,,1,0,0,0,0
13n_3509,219,target,greene,1,,1,0,0,0,0
13n_3512,135,target,greene,1,,1,0,0,0,0
13n_3514,51,target,greene,1,,1,0,0,0,0
13n_3516,27,target,greene,27,,0,0,0,0,0
13n_3522,75,target,greene,1,,0,0,0,0,0
13n_353,237,target,greene,1,,1,0,0,0,0
13n_3530,135,control,greene,1,,1,1,1,1,1
13n_3531,199,control,greene,1,,1,1,1,1,1
13n_3534,107,target,greene,1,,1,0,0,0,0
13n_3538,221,control,greene,1,,1,1,1,1,1
13n_3540,149,target,greene,1,,1,0,0,0,0
13n_3549,121,target,greene,1,,1,0,0,0,0
13n_355,121,target,greene,1,,1,0,0,0,0
13n_3558,77,target,greene,1,,1,0,0,0,0
13n_3559,151,target,greene,1,,1,0,0,0,0
13n_3562,57,target,greene,1,,1,0,0,0,0
13n_3563,145,control,greene,1,,1,1,1,1,1
13n_3564,155,target,greene,1,,1,0,0,0,0
13n_3568,69,control,greene,81,,1,1,1,1,1
13n_357,191,target,greene,1,,1,0,0,0,0
13n_3574,99,control,greene,1,,1,1,1,1,1
13n_3583,77,target,greene,1,,0,0,0,0,0
13n_359,219,target,greene,1,,1,0,0,0,0
13n_3590,103,target,greene,1,,1,0,0,0,0
13n_3591,157,control,greene,1,,1,1,1,1,1
13n_3592,41,target,greene,1,,1,0,0,0,0
13n_3595,95,target,greene,1,,0,0,0,0,0
13n_3597,107,target,greene,1,,1,0,0,0,0
13n_3599,131,target,greene,1,,1,0,0,0,0
13n_3600,37,target,greene,3,,1,0,0,0,0
13n_3607,243,target,greene,1,,1,0,0,0,0
13n_361,119,target,greene,1,,1,0,0,0,0
13n_3615,213,control,greene,1,,1,1,1,1,1
13n_3616,127,target,greene,1,,0,0,0,0,0
13n_3617,49,target,greene,9,,1,0,0,0,0
13n_3618,141,control,greene,1,,1,1,1,1,1
13n_3620,155,target,greene,1,,1,0,0,0,0
13n_3621,107,target,greene,1,,1,0,0,0,0
13n_3622,127,target,greene,1,,0,0,0,0,0
13n_3623,115,target,greene,1,,1,0,0,0,0
13n_3625,163,control,greene,1,,1,1,1,1,1
13n_3626,181,control,greene,1,,1,1,1,1,1
13n_3628,131,control,greene,1,,1,1,1,1,1
13n_3631,223,target,greene,1,,1,0,0,0,0
13n_3636,115,target,greene,1,,1,0,0,0,0
13n_3637,253,target,greene,1,,1,0,0,0,0
13n_3640,245,target,greene,1,,1,0,0,0,0
13n_3644,75,control,greene,12,,1,1,1,1,1
13n_3652,141,target,greene,1,,1,0,0,0,0
13n_3656,213,control,greene,1,,1,1,1,1,1
13n_3669,99,target,greene,1,,1,0,0,0,0
13n_3670,201,control,greene,1,,1,1,1,1,1
13n_3672,231,target,greene,1,,1,0,0,0,0
13n_3678,71,target,greene,3,,0,0,0,0,0
13n_3679,99,target,greene,1,,0,0,0,0,0
13n_3681,193,control,greene,1,,1,1,1,1,1
13n_3682,151,target,greene,1,,1,0,0,0,0
13n_3688,113,target,greene,1,,1,0,0,0,0
13n_3694,139,target,greene,1,,1,0,0,0,0
13n_37,81,control,greene,1,,1,1,1,1,1
13n_3703,223,target,greene,1,,1,0,0,0,0
13n_3704,163,target,greene,1,,1,0,0,0,0
13n_3705,113,target,greene,1,,1,0,0,0,0
13n_3722,111,control,greene,3,,1,1,1,1,1
13n_3724,159,target,greene,1,,1,0,0,0,0
13n_3731,93,control,greene,1,,1,1,1,1,1
13n_3755,117,target,greene,1,,1,0,0,0,0
13n_3758,103,target,greene,1,,1,0,0,0,0
13n_377,159,target,greene,1,,1,0,0,0,0
13n_3788,181,target,greene,1,,1,0,0,0,0
13n_3789,71,target,greene,1,,1,0,0,0,0
13n_379,167,target,greene,1,,1,0,0,0,0
13n_3790,135,control,greene,1,,1,1,1,1,1
13n_3791,157,control,greene,1,,1,1,1,1,1
13n_3792,137,control,greene,1,,1,1,1,1,1
13n_3795,143,target,greene,1,,1,0,0,0,0
13n_3798,57,target,greene,1,,1,0,0,0,0
13n_38,169,target,greene,1,,1,0,0,0,0
13n_3801,155,target,greene,1,,1,0,0,0,0
13n_3804,151,target,greene,1,,1,0,0,0,0
13n_381,127,target,greene,1,,1,0,0,0,0
13n_3823,151,target,greene,1,,1,0,0,0,0
13n_3836,155,target,greene,1,,1,0,0,0,0
13n_3849,157,target,greene,1,,1,0,0,0,0
13n_385,135,target,greene,1,,1,0,0,0,0
13n_386,115,target,greene,1,,1,0,0,0,0
13n_3860,157,target,greene,1,,1,0,0,0,0
13n_3868,167,target,greene,1,,0,0,0,0,0
13n_3878,87,control,greene,1,,1,1,1,1,1
13n_3882,141,target,greene,1,,0,0,0,0,0
13n_3883,129,target,greene,1,,1,0,0,0,0
13n_3884,75,target,greene,1,,1,0,0,0,0
13n_389,107,target,greene,1,,1,0,0,0,0
13n_39,211,target,greene,1,,1,0,0,0,0
13n_390,157,target,greene,1,,1,0,0,0,0
13n_3908,131,target,greene,1,,1,0,0,0,0
13n_392,153,target,greene,1,,1,0,0,0,0
13n_3926,121,target,greene,1,,1,0,0,0,0
13n_3927,51,target,greene,1,,1,0,0,0,0
13n_394,133,target,greene,1,,1,0,0,0,0
13n_3949,167,target,greene,1,,0,0,0,0,0
13n_395,179,target,greene,1,,1,0,0,0,0
13n_3952,83,target,greene,1,,1,0,0,0,0
13n_3955,83,target,greene,1,,1,0,0,0,0
13n_3956,59,target,greene,1,,1,0,0,0,0
13n_3958,107,target,greene,1,,1,0,0,0,0
13n_3959,157,target,greene,1,,1,0,0,0,0
13n_3966,173,target,greene,1,,1,0,0,0,0
13n_3967,199,target,greene,1,,0,0,0,0,0
13n_3969,101,target,greene,1,,1,0,0,0,0
13n_3970,115,target,greene,1,,1,0,0,0,0
13n_3973,91,target,greene,1,,1,0,0,0,0
13n_3974,67,target,greene,1,,1,0,0,0,0
13n_3976,125,target,greene,1,,1,0,0,0,0
13n_398,89,target,greene,1,,1,0,0,0,0
13n_3983,241,control,greene,1,,1,1,1,1,1
13n_3984,143,control,greene,1,,1,1,1,1,1
13n_3985,167,target,greene,1,,1,0,0,0,0
13n_3986,211,control,greene,1,,1,1,1,1,1
13n_3987,69,control,greene,1,,1,1,1,1,1
13n_3988,177,target,greene,1,,1,0,0,0,0
13n_3989,141,control,greene,1,,1,1,1,1,1
13n_399,127,target,greene,1,,1,0,0,0,0
13n_3991,207,control,greene,1,,1,1,1,1,1
13n_3999,149,target,greene,1,,1,0,0,0,0
13n_4000,119,control,greene,1,,1,1,1,1,1
13n_4003,187,target,greene,1,,1,0,0,0,0
13n_4005,169,control,greene,1,,1,1,1,1,1
13n_4006,111,target,greene,1,,1,0,0,0,0
13n_4009,167,control,greene,1,,1,1,1,1,1
13n_4011,79,control,greene,1,,1,1,1,1,1
13n_4014,251,target,greene,1,,1,0,0,0,0
13n_4015,93,target,greene,1,,0,0,0,0,0
13n_4016,75,control,greene,1,,1,1,1,1,1
13n_4017,153,target,greene,1,,1,0,0,0,0
13n_4019,167,target,greene,1,,1,0,0,0,0
13n_4021,93,control,greene,1,,1,1,1,1,1
13n_4023,153,target,greene,1,,1,0,0,0,0
13n_4025,65,target,greene,1,,1,0,0,0,0
13n_4027,201,control,greene,1,,1,1,1,1,1
13n_403,81,target,greene,1,,1,0,0,0,0
13n_4030,129,control,greene,1,,1,1,1,1,1
13n_4037,177,target,greene,1,,1,0,0,0,0
13n_404,135,target,greene,1,,1,0,0,0,0
13n_4040,79,target,greene,1,,0,0,0,0,0
13n_4042,125,target,greene,1,,1,0,0,0,0
13n_4043,95,target,greene,1,,0,0,0,0,0
13n_4045,153,control,greene,81,,1,1,1,1,1
13n_4054,111,target,greene,1,,0,0,0,0,0
13n_4057,173,target,greene,1,,1,0,0,0,0
13n_4060,159,control,greene,1,,1,1,1,1,1
13n_4061,89,target,greene,2,,1,0,0,0,0
13n_4062,59,target,greene,1,,1,0,0,0,0
13n_4063,81,control,greene,18,,1,1,1,1,1
13n_4065,109,control,greene,1,,1,1,1,1,1
13n_4067,153,target,greene,1,,1,0,0,0,0
13n_4068,215,target,greene,1,,1,0,0,0,0
13n_4069,157,target,greene,1,,1,0,0,0,0
13n_4070,111,control,greene,1,,1,1,1,1,1
13n_4074,163,target,greene,1,,1,0,0,0,0
13n_4075,139,target,greene,1,,1,0,0,0,0
13n_4076,153,target,greene,1,,1,0,0,0,0
13n_4078,181,target,greene,1,,1,0,0,0,0
13n_4081,151,target,greene,1,,1,0,0,0,0
13n_4082,163,control,greene,1,,1,1,1,1,1
13n_4083,83,target,greene,1,,1,0,0,0,0
13n_4093,227,target,greene,1,,1,0,0,0,0
13n_4096,83,target,greene,1,,1,0,0,0,0
13n_4099,137,control,greene,1,,1,1,1,1,1
13n_410,113,target,greene,1,,1,0,0,0,0
13n_4100,183,control,greene,1,,1,1,1,1,1
13n_4102,167,target,greene,1,,1,0,0,0,0
13n_411,151,target,greene,1,,1,0,0,0,0
13n_4110,173,target,greene,1,,1,0,0,0,0
13n_4111,63,control,greene,1,,1,1,1,1,1
13n_4114,207,control,greene,1,,1,1,1,1,1
13n_4117,167,target,greene,1,,1,0,0,0,0
13n_4118,239,target,greene,1,,0,0,0,0,0
13n_4119,213,target,greene,1,,1,0,0,0,0
13n_4123,111,control,greene,1,,1,1,1,1,1
13n_4129,173,target,greene,1,,1,0,0,0,0
13n_4131,207,target,greene,1,,1,0,0,0,0
13n_4134,83,target,greene,1,,1,0,0,0,0
13n_4135,203,control,greene,1,,1,1,1,1,1
13n_4136,123,target,greene,1,,1,0,0,0,0
13n_4137,165,target,greene,1,,1,0,0,0,0
13n_4139,155,target,greene,1,,1,0,0,0,0
13n_4144,131,target,greene,1,,1,0,0,0,0
13n_4145,191,target,greene,1,,1,0,0,0,0
13n_4146,211,target,greene,1,,1,0,0,0,0
13n_4148,151,target,greene,1,,1,0,0,0,0
13n_4149,163,target,greene,1,,1,0,0,0,0
13n_415,81,target,greene,1,,1,0,0,0,0
13n_4150,121,target,greene,1,,0,0,0,0,0
13n_4151,167,target,greene,1,,1,0,0,0,0
13n_4154,159,control,greene,1,,1,1,1,1,1
13n_4155,193,target,greene,1,,1,0,0,0,0
13n_4156,117,control,greene,1,,1,1,1,1,1
13n_4158,125,control,greene,1,,1,1,1,1,1
13n_416,135,target,greene,1,,1,0,0,0,0
13n_4162,147,target,greene,1,,1,0,0,0,0
13n_4165,133,target,greene,1,,1,0,0,0,0
13n_4167,205,control,greene,1,,1,1,1,1,1
13n_4171,135,target,greene,1,,1,0,0,0,0
13n_4172,151,target,greene,1,,1,0,0,0,0
13n_4176,183,control,greene,1,,1,1,1,1,1
13n_4177,131,target,greene,3,,1,0,0,0,0
13n_4181,141,target,greene,1,,1,0,0,0,0
13n_4182,111,target,greene,1,,1,0,0,0,0
13n_4184,177,target,greene,1,,1,0,0,0,0
13n_4188,81,target,greene,1,,1,0,0,0,0
13n_4191,89,target,greene,1,,1,0,0,0,0
13n_4192,199,control,greene,1,,1,1,1,1,1
13n_4193,179,target,greene,1,,1,0,0,0,0
13n_4194,201,target,greene,1,,1,0,0,0,0
13n_4199,135,control,greene,1,,1,1,1,1,1
13n_4203,139,control,greene,1,,1,1,1,1,1
13n_4210,179,target,greene,1,,1,0,0,0,0
13n_4214,217,target,greene,1,,1,0,0,0,0
13n_4215,189,control,greene,1,,1,1,1,1,1
13n_4216,155,target,greene,1,,1,0,0,0,0
13n_4217,133,target,greene,1,,1,0,0,0,0
13n_422,99,target,greene,1,,1,0,0,0,0
13n_4224,163,target,greene,1,,1,0,0,0,0
13n_423,99,target,greene,1,,1,0,0,0,0
13n_4231,103,target,greene,3,,1,0,0,0,0
13n_4233,107,target,greene,1,,1,0,0,0,0
13n_4236,49,target,greene,243,,0,0,0,0,0
13n_4237,89,target,greene,1,,1,0,0,0,0
13n_4239,221,control,greene,1,,1,1,1,1,1
13n_424,123,target,greene,1,,1,0,0,0,0
13n_4240,165,target,greene,1,,1,0,0,0,0
13n_4247,75,target,greene,1,,1,0,0,0,0
13n_4252,157,target,greene,1,,1,0,0,0,0
13n_4255,227,target,greene,1,,1,0,0,0,0
13n_4259,243,target,greene,1,,1,0,0,0,0
13n_426,117,target,greene,1,,1,0,0,0,0
13n_4260,179,target,greene,1,,1,0,0,0,0
13n_4261,301,target,greene,1,,1,0,0,0,0
13n_4267,133,target,greene,1,,1,0,0,0,0
13n_4269,55,target,greene,1,,0,0,0,0,0
13n_427,117,target,greene,1,,1,0,0,0,0
13n_4271,127,control,greene,1,,1,1,1,1,1
13n_4273,151,target,greene,1,,1,0,0,0,0
13n_4278,133,target,greene,1,,1,0,0,0,0
13n_4279,129,target,greene,1,,1,0,0,0,0
13n_4280,155,control,greene,1,,1,1,1,1,1
13n_4282,167,target,greene,1,,1,0,0,0,0
13n_4284,61,target,greene,1,,1,0,0,0,0
13n_4285,211,target,greene,1,,1,0,0,0,0
13n_4287,107,control,greene,3,,1,1,1,1,1
13n_4290,179,target,greene,1,,1,0,0,0,0
13n_4292,83,target,greene,1,,1,0,0,0,0
13n_4293,113,target,greene,1,,1,0,0,0,0
13n_4294,173,target,greene,1,,1,0,0,0,0
13n_4295,49,target,greene,4,,0,0,0,0,0
13n_4301,101,target,greene,1,,1,0,0,0,0
13n_4305,191,control,greene,1,,1,1,1,1,1
13n_4307,163,target,greene,1,,1,0,0,0,0
13n_4308,79,control,greene,9,,1,1,1,1,1
13n_4309,173,target,greene,1,,1,0,0,0,0
13n_4312,211,target,greene,1,,1,0,0,0,0
13n_4315,87,target,greene,1,,1,0,0,0,0
13n_4318,177,target,greene,1,,0,0,0,0,0
13n_4319,195,control,greene,1,,1,1,1,1,1
13n_432,213,target,greene,1,,1,0,0,0,0
13n_4320,139,target,greene,1,,1,0,0,0,0
13n_4323,211,target,greene,1,,1,0,0,0,0
13n_4325,189,target,greene,1,,1,0,0,0,0
13n_4326,153,target,greene,1,,1,0,0,0,0
13n_4328,121,target,greene,1,,1,0,0,0,0
13n_4329,141,control,greene,1,,1,1,1,1,1
13n_4330,115,target,greene,1,,1,0,0,0,0
13n_4331,175,target,greene,1,,1,0,0,0,0
13n_4333,123,control,greene,1,,1,1,1,1,1
13n_4334,147,target,greene,1,,1,0,0,0,0
13n_4335,171,target,greene,1,,1,0,0,0,0
13n_4336,131,target,greene,1,,1,0,0,0,0
13n_4337,95,control,greene,1,,1,1,1,1,1
13n_4338,213,control,greene,1,,1,1,1,1,1
13n_4339,237,target,greene,1,,1,0,0,0,0
13n_434,171,target,greene,1,,1,0,0,0,0
13n_4344,261,control,greene,1,,1,1,1,1,1
13n_4345,93,target,greene,1,,1,0,0,0,0
13n_4346,159,target,greene,1,,1,0,0,0,0
13n_4347,193,target,greene,1,,1,0,0,0,0
13n_4348,107,target,greene,1,,1,0,0,0,0
13n_4349,103,target,greene,1,,1,0,0,0,0
13n_435,171,target,greene,1,,1,0,0,0,0
13n_4350,253,control,greene,1,,1,1,1,1,1
13n_4351,177,control,greene,1,,1,1,1,1,1
13n_4354,147,target,greene,1,,1,0,0,0,0
13n_4355,199,control,greene,1,,1,1,1,1,1
13n_4357,137,control,greene,1,,1,1,1,1,1
13n_4358,223,control,greene,1,,1,1,1,1,1
13n_436,81,target,greene,1,,1,0,0,0,0
13n_4367,115,target,greene,3,,1,0,0,0,0
13n_4369,135,target,greene,1,,1,0,0,0,0
13n_4370,93,target,greene,1,,1,0,0,0,0
13n_4372,79,target,greene,1,,1,0,0,0,0
13n_4376,75,target,greene,1,,1,0,0,0,0
13n_439,135,target,greene,1,,1,0,0,0,0
13n_4392,177,control,greene,1,,1,1,1,1,1
13n_4400,121,control,greene,3,,1,1,1,1,1
13n_4402,213,target,greene,1,,1,0,0,0,0
13n_4409,121,control,greene,1,,1,1,1,1,1
13n_4412,131,target,greene,1,,1,0,0,0,0
13n_4413,199,target,greene,1,,1,0,0,0,0
13n_4416,165,control,greene,1,,1,1,1,1,1
13n_4421,171,control,greene,1,,1,1,1,1,1
13n_4423,167,target,greene,1,,1,0,0,0,0
13n_4426,199,target,greene,1,,1,0,0,0,0
13n_4427,113,control,greene,1,,1,1,1,1,1
13n_443,91,target,greene,1,,1,0,0,0,0
13n_4431,95,target,greene,1,,1,0,0,0,0
13n_4433,157,control,greene,1,,1,1,1,1,1
13n_4434,213,target,greene,1,,1,0,0,0,0
13n_4437,115,control,greene,1,,1,1,1,1,1
13n_4439,163,target,greene,1,,1,0,0,0,0
13n_444,125,target,greene,1,,1,0,0,0,0
13n_4442,155,control,greene,1,,1,1,1,1,1
13n_4448,159,control,greene,1,,1,1,1,1,1
13n_4449,157,target,greene,1,,1,0,0,0,0
13n_4450,227,target,greene,1,,1,0,0,0,0
13n_4451,231,target,greene,1,,1,0,0,0,0
13n_4453,193,target,greene,1,,1,0,0,0,0
13n_4457,127,target,greene,1,,1,0,0,0,0
13n_4458,69,target,greene,1,,1,0,0,0,0
13n_4459,189,control,greene,1,,1,1,1,1,1
13n_4461,81,target,greene,1,,1,0,0,0,0
13n_4468,211,control,greene,1,,1,1,1,1,1
13n_447,81,target,greene,1,,1,0,0,0,0
13n_4470,239,control,greene,1,,1,1,1,1,1
13n_4476,191,target,greene,1,,1,0,0,0,0
13n_4477,131,target,greene,1,,1,0,0,0,0
13n_4478,207,target,greene,1,,1,0,0,0,0
13n_448,135,target,greene,1,,1,0,0,0,0
13n_4482,179,target,greene,1,,1,0,0,0,0
13n_4488,193,target,greene,1,,1,0,0,0,0
13n_4489,177,target,greene,1,,1,0,0,0,0
13n_4491,173,target,greene,1,,1,0,0,0,0
13n_4492,193,control,greene,1,,1,1,1,1,1
13n_4496,183,control,greene,1,,1,1,1,1,1
13n_4498,113,target,greene,1,,1,0,0,0,0
13n_4499,91,target,greene,1,,1,0,0,0,0
13n_4507,135,control,greene,1,,1,1,1,1,1
13n_4509,199,target,greene,1,,1,0,0,0,0
13n_4510,171,target,greene,1,,1,0,0,0,0
13n_4513,121,target,greene,1,,1,0,0,0,0
13n_4514,25,target,greene,54,,1,0,0,0,0
13n_4515,147,target,greene,1,,1,0,0,0,0
13n_4517,163,target,greene,1,,1,0,0,0,0
13n_4518,169,target,greene,9,,1,0,0,0,0
13n_4519,161,control,greene,1,,1,1,1,1,1
13n_452,211,target,greene,1,,1,0,0,0,0
13n_4521,153,target,greene,1,,1,0,0,0,0
13n_4525,153,target,greene,1,,1,0,0,0,0
13n_4528,127,target,greene,1,,1,0,0,0,0
13n_4530,223,target,greene,1,,1,0,0,0,0
13n_4532,263,target,greene,1,,1,0,0,0,0
13n_4533,163,target,greene,1,,1,0,0,0,0
13n_4535,57,target,greene,1,,1,0,0,0,0
13n_4536,87,target,greene,1,,1,0,0,0,0
13n_4537,93,target,greene,1,,1,0,0,0,0
13n_454,119,target,greene,1,,1,0,0,0,0
13n_4541,191,target,greene,1,,1,0,0,0,0
13n_4543,223,target,greene,1,,1,0,0,0,0
13n_4545,59,target,greene,1,,1,0,0,0,0
13n_4547,163,target,greene,1,,1,0,0,0,0
13n_4548,71,target,greene,1,,1,0,0,0,0
13n_4549,189,target,greene,1,,1,0,0,0,0
13n_4555,247,target,greene,1,,1,0,0,0,0
13n_4557,229,target,greene,1,,1,0,0,0,0
13n_4562,103,control,greene,1,,1,1,1,1,1
13n_4564,165,target,greene,1,,1,0,0,0,0
13n_457,121,target,greene,1,,1,0,0,0,0
13n_4577,103,target,greene,1,,1,0,0,0,0
13n_4581,131,target,greene,1,,1,0,0,0,0
13n_4586,155,control,greene,1,,1,1,1,1,1
13n_4590,107,target,greene,1,,1,0,0,0,0
13n_4593,153,target,greene,9,,1,0,0,0,0
13n_4597,185,control,greene,1,,1,1,1,1,1
13n_4598,167,target,greene,1,,1,0,0,0,0
13n_4599,141,target,greene,1,,1,0,0,0,0
13n_460,147,target,greene,1,,1,0,0,0,0
13n_4600,175,target,greene,1,,1,0,0,0,0
13n_4601,117,target,greene,1,,1,0,0,0,0
13n_4602,171,target,greene,1,,1,0,0,0,0
13n_4604,147,control,greene,1,,1,1,1,1,1
13n_4610,131,target,greene,1,,1,0,0,0,0
13n_4611,139,target,greene,1,,1,0,0,0,0
13n_4616,181,target,greene,1,,1,0,0,0,0
13n_4618,205,control,greene,1,,1,1,1,1,1
13n_4621,225,target,greene,1,,1,0,0,0,0
13n_4624,171,control,greene,1,,1,1,1,1,1
13n_4626,127,target,greene,1,,1,0,0,0,0
13n_4627,261,target,greene,1,,1,0,0,0,0
13n_463,43,target,greene,1,,1,0,0,0,0
13n_4630,185,control,greene,1,,1,1,1,1,1
13n_464,57,target,greene,1,,1,0,0,0,0
13n_4642,243,target,greene,1,,1,0,0,0,0
13n_4644,141,target,greene,1,,1,0,0,0,0
13n_4645,189,target,greene,1,,1,0,0,0,0
13n_4647,133,target,greene,1,,1,0,0,0,0
13n_4649,77,target,greene,1,,0,0,0,0,0
13n_465,87,target,greene,1,,1,0,0,0,0
13n_4650,143,target,greene,1,,0,0,0,0,0
13n_4651,181,target,greene,1,,1,0,0,0,0
13n_4652,197,target,greene,1,,1,0,0,0,0
13n_4655,107,control,greene,1,,1,1,1,1,1
13n_4662,163,target,greene,1,,1,0,0,0,0
13n_4664,97,target,greene,1,,1,0,0,0,0
13n_4665,137,target,greene,1,,1,0,0,0,0
13n_4666,311,target,greene,1,,1,0,0,0,0
13n_4669,191,target,greene,1,,1,0,0,0,0
13n_4675,161,target,greene,1,,1,0,0,0,0
13n_4678,155,target,greene,1,,1,0,0,0,0
13n_4680,181,control,greene,1,,1,1,1,1,1
13n_4682,151,target,greene,1,,1,0,0,0,0
13n_4690,187,control,greene,1,,1,1,1,1,1
13n_4692,277,target,greene,1,,1,0,0,0,0
13n_4697,203,target,greene,1,,1,0,0,0,0
13n_4699,201,target,greene,1,,1,0,0,0,0
13n_470,127,target,greene,1,,1,0,0,0,0
13n_4701,163,target,greene,1,,1,0,0,0,0
13n_4702,83,target,greene,1,,0,0,0,0,0
13n_4703,221,target,greene,1,,1,0,0,0,0
13n_4706,207,target,greene,1,,1,0,0,0,0
13n_4707,133,control,greene,1,,1,1,1,1,1
13n_4719,141,target,greene,1,,1,0,0,0,0
13n_4734,213,control,greene,1,,1,1,1,1,1
13n_4739,269,target,greene,1,,1,0,0,0,0
13n_474,143,target,greene,1,,1,0,0,0,0
13n_4741,227,control,greene,1,,1,1,1,1,1
13n_4748,105,control,greene,1,,1,1,1,1,1
13n_4750,131,target,greene,1,,1,0,0,0,0
13n_4753,213,target,greene,1,,1,0,0,0,0
13n_4754,253,target,greene,1,,1,0,0,0,0
13n_4756,219,target,greene,1,,1,0,0,0,0
13n_4758,123,control,greene,1,,1,1,1,1,1
13n_4762,223,target,greene,1,,1,0,0,0,0
13n_4764,135,target,greene,1,,1,0,0,0,0
13n_4765,143,control,greene,1,,1,1,1,1,1
13n_4769,175,target,greene,1,,1,0,0,0,0
13n_477,211,target,greene,1,,1,0,0,0,0
13n_4772,219,target,greene,1,,1,0,0,0,0
13n_4773,175,control,greene,1,,1,1,1,1,1
13n_4775,163,target,greene,1,,1,0,0,0,0
13n_4777,203,target,greene,1,,1,0,0,0,0
13n_4778,227,target,greene,1,,1,0,0,0,0
13n_4780,151,control,greene,1,,1,1,1,1,1
13n_4781,187,target,greene,1,,1,0,0,0,0
13n_4784,187,target,greene,1,,1,0,0,0,0
13n_4786,219,target,greene,1,,1,0,0,0,0
13n_4792,107,target,greene,1,,1,0,0,0,0
13n_4796,107,target,greene,1,,0,0,0,0,0
13n_4798,75,target,greene,1,,1,0,0,0,0
13n_4799,151,target,greene,1,,1,0,0,0,0
13n_48,67,target,greene,1,,1,0,0,0,0
13n_480,125,target,greene,1,,1,0,0,0,0
13n_4801,121,target,greene,1,,1,0,0,0,0
13n_4808,103,control,greene,1,,1,1,1,1,1
13n_4811,253,control,greene,1,,1,1,1,1,1
13n_4814,203,target,greene,1,,1,0,0,0,0
13n_4815,135,target,greene,1,,1,0,0,0,0
13n_4816,163,target,greene,1,,1,0,0,0,0
13n_4824,153,target,greene,1,,1,0,0,0,0
13n_4829,177,target,greene,1,,0,0,0,0,0
13n_483,191,target,greene,1,,1,0,0,0,0
13n_4830,237,target,greene,1,,1,0,0,0,0
13n_4832,123,control,greene,1,,1,1,1,1,1
13n_4833,179,target,greene,1,,1,0,0,0,0
13n_4834,193,target,greene,1,,1,0,0,0,0
13n_4839,211,target,greene,1,,1,0,0,0,0
13n_4840,279,target,greene,1,,1,0,0,0,0
13n_4842,109,target,greene,1,,1,0,0,0,0
13n_4843,177,target,greene,1,,1,0,0,0,0
13n_4847,213,target,greene,1,,1,0,0,0,0
13n_4848,131,target,greene,1,,1,0,0,0,0
13n_485,121,target,greene,1,,1,0,0,0,0
13n_4852,167,target,greene,1,,0,0,0,0,0
13n_4855,119,target,greene,1,,1,0,0,0,0
13n_4856,109,target,greene,1,,1,0,0,0,0
13n_4857,197,target,greene,1,,1,0,0,0,0
13n_4858,73,target,greene,3,,1,0,0,0,0
13n_4863,215,control,greene,1,,1,1,1,1,1
13n_4873,187,target,greene,1,,1,0,0,0,0
13n_4878,149,target,greene,1,,1,0,0,0,0
13n_488,147,target,greene,1,,1,0,0,0,0
13n_4880,229,target,greene,1,,1,0,0,0,0
13n_4882,137,target,greene,1,,1,0,0,0,0
13n_4885,187,target,greene,1,,1,0,0,0,0
13n_4886,167,target,greene,1,,1,0,0,0,0
13n_4887,183,target,greene,1,,0,0,0,0,0
13n_4889,167,target,greene,1,,0,0,0,0,0
13n_4895,127,target,greene,27,,1,0,0,0,0
13n_4896,147,target,greene,1,,1,0,0,0,0
13n_4898,133,control,greene,1,,1,1,1,1,1
13n_4901,257,target,greene,1,,1,0,0,0,0
13n_4904,127,target,greene,1,,1,0,0,0,0
13n_4905,241,target,greene,1,,1,0,0,0,0
13n_4909,199,control,greene,1,,1,1,1,1,1
13n_4912,239,target,greene,1,,1,0,0,0,0
13n_4913,143,control,greene,1,,1,1,1,1,1
13n_4917,161,control,greene,1,,1,1,1,1,1
13n_4920,127,target,greene,1,,1,0,0,0,0
13n_4922,237,target,greene,1,,1,0,0,0,0
13n_4923,211,control,greene,1,,1,1,1,1,1
13n_4925,173,target,greene,1,,1,0,0,0,0
13n_4928,143,target,greene,1,,1,0,0,0,0
13n_4935,207,target,greene,1,,1,0,0,0,0
13n_4940,219,control,greene,1,,1,1,1,1,1
13n_4942,181,target,greene,1,,1,0,0,0,0
13n_4947,151,control,greene,1,,1,1,1,1,1
13n_4953,161,target,greene,1,,1,0,0,0,0
13n_4956,139,target,greene,1,,1,0,0,0,0
13n_4959,209,target,greene,1,,1,0,0,0,0
13n_4961,153,control,greene,1,,1,1,1,1,1
13n_4963,189,target,greene,1,,1,0,0,0,0
13n_497,131,target,greene,1,,1,0,0,0,0
13n_4976,167,target,greene,1,,1,0,0,0,0
13n_4979,67,target,greene,3,,1,0,0,0,0
13n_498,181,target,greene,1,,1,0,0,0,0
13n_4980,159,target,greene,1,,1,0,0,0,0
13n_4981,213,target,greene,1,,0,0,0,0,0
13n_4984,203,target,greene,1,,1,0,0,0,0
13n_4986,209,target,greene,1,,1,0,0,0,0
13n_4987,243,target,greene,1,,1,0,0,0,0
13n_4995,99,target,greene,1,,0,0,0,0,0
13n_4997,197,target,greene,1,,1,0,0,0,0
13n_5000,189,control,greene,1,,1,1,1,1,1
13n_5005,227,target,greene,1,,1,0,0,0,0
13n_5010,259,control,greene,1,,1,1,1,1,1
13n_5012,219,target,greene,1,,1,0,0,0,0
13n_5026,139,target,greene,1,,0,0,0,0,0
13n_5029,251,target,greene,1,,1,0,0,0,0
13n_503,155,target,greene,1,,1,0,0,0,0
13n_5035,179,target,greene,1,,1,0,0,0,0
13n_5039,197,control,greene,1,,1,1,1,1,1
13n_5040,163,control,greene,1,,1,1,1,1,1
13n_5041,177,target,greene,1,,1,0,0,0,0
13n_5042,229,target,greene,1,,1,0,0,0,0
13n_5048,123,control,greene,1,,1,1,1,1,1
13n_505,139,target,greene,1,,1,0,0,0,0
13n_5053,171,target,greene,1,,1,0,0,0,0
13n_5057,99,control,greene,1,,1,1,1,1,1
13n_5060,135,target,greene,1,,0,0,0,0,0
13n_5066,229,target,greene,1,,1,0,0,0,0
13n_5067,163,target,greene,1,,1,0,0,0,0
13n_5068,189,target,greene,1,,1,0,0,0,0
13n_5069,175,target,greene,1,,1,0,0,0,0
13n_507,111,target,greene,1,,1,0,0,0,0
13n_5073,163,target,greene,1,,1,0,0,0,0
13n_5078,181,target,greene,1,,1,0,0,0,0
13n_5079,217,target,greene,1,,1,0,0,0,0
13n_5082,119,control,greene,1,,1,1,1,1,1
13n_5089,147,target,greene,1,,1,0,0,0,0
13n_5099,227,target,greene,1,,1,0,0,0,0
13n_5109,235,target,greene,1,,1,0,0,0,0
13n_515,237,target,greene,1,,1,0,0,0,0
13n_518,121,target,greene,1,,1,0,0,0,0
13n_52,151,target,greene,1,,0,0,0,0,0
13n_520,191,target,greene,1,,1,0,0,0,0
13n_522,219,target,greene,1,,1,0,0,0,0
13n_527,237,target,greene,1,,1,0,0,0,0
13n_529,121,target,greene,1,,1,0,0,0,0
13n_53,129,target,greene,1,,1,0,0,0,0
13n_530,191,target,greene,1,,1,0,0,0,0
13n_532,219,target,greene,1,,1,0,0,0,0
13n_538,125,target,greene,1,,1,0,0,0,0
13n_541,191,target,greene,1,,1,0,0,0,0
13n_544,137,target,greene,1,,1,0,0,0,0
13n_552,127,target,greene,1,,1,0,0,0,0
13n_556,143,target,greene,1,,1,0,0,0,0
13n_559,125,target,greene,1,,1,0,0,0,0
13n_561,75,control,greene,27,,1,1,1,1,1
13n_563,51,control,greene,1,,1,1,1,1,1
13n_565,199,target,greene,1,,1,0,0,0,0
13n_566,137,target,greene,1,,1,0,0,0,0
13n_568,69,target,greene,1,,1,0,0,0,0
13n_57,127,target,greene,1,,0,0,0,0,0
13n_570,65,control,greene,1,,1,1,1,1,1
13n_575,61,control,greene,3,,1,1,1,1,1
13n_576,125,target,greene,1,,1,0,0,0,0
13n_578,75,control,greene,9,,1,1,1,1,1
13n_580,199,target,greene,1,,1,0,0,0,0
13n_581,137,target,greene,1,,1,0,0,0,0
13n_582,107,target,greene,1,,1,0,0,0,0
13n_583,33,control,greene,18,,1,1,1,1,1
13n_585,39,control,greene,1,,1,1,1,1,1
13n_587,57,control,greene,1,,1,1,1,1,1
13n_589,63,control,greene,2,,1,1,1,1,1
13n_590,181,target,greene,1,,1,0,0,0,0
13n_591,115,target,greene,1,,1,0,0,0,0
13n_595,111,target,greene,1,,1,0,0,0,0
13n_598,109,target,greene,1,,1,0,0,0,0
13n_599,179,target,greene,1,,1,0,0,0,0
13n_600,101,target,greene,1,,1,0,0,0,0
13n_606,123,target,greene,1,,1,0,0,0,0
13n_607,63,target,greene,1,,1,0,0,0,0
13n_608,63,target,greene,1,,1,0,0,0,0
13n_614,105,control,greene,27,,1,1,1,1,1
13n_615,69,target,greene,1,,1,0,0,0,0
13n_617,117,control,greene,1,,1,1,1,1,1
13n_618,93,target,greene,1,,1,0,0,0,0
13n_619,117,control,greene,1,,1,1,1,1,1
13n_625,65,target,greene,1,,1,0,0,0,0
13n_626,119,target,greene,1,,1,0,0,0,0
13n_63,191,target,greene,1,,1,0,0,0,0
13n_630,99,target,greene,1,,1,0,0,0,0
13n_632,139,target,greene,1,,0,0,0,0,0
13n_633,157,target,greene,1,,1,0,0,0,0
13n_634,87,target,greene,1,,1,0,0,0,0
13n_635,123,target,greene,1,,1,0,0,0,0
13n_636,81,target,greene,27,,1,0,0,0,0
13n_637,123,control,greene,1,,1,1,1,1,1
13n_638,83,target,greene,1,,1,0,0,0,0
13n_64,229,target,greene,1,,1,0,0,0,0
13n_640,103,target,greene,1,,1,0,0,0,0
13n_642,121,control,greene,1,,1,1,1,1,1
13n_643,127,control,greene,1,,1,1,1,1,1
13n_644,79,target,greene,1,,1,0,0,0,0
13n_646,117,target,greene,1,,1,0,0,0,0
13n_648,131,target,greene,1,,1,0,0,0,0
13n_650,135,target,greene,1,,1,0,0,0,0
13n_655,123,target,greene,1,,1,0,0,0,0
13n_657,73,target,greene,1,,1,0,0,0,0
13n_658,71,target,greene,1,,1,0,0,0,0
13n_659,121,target,greene,1,,1,0,0,0,0
13n_66,169,target,greene,1,,1,0,0,0,0
13n_660,79,target,greene,1,,1,0,0,0,0
13n_662,115,target,greene,1,,1,0,0,0,0
13n_663,181,target,greene,1,,1,0,0,0,0
13n_665,89,control,greene,1,,1,1,1,1,1
13n_666,95,control,greene,1,,1,1,1,1,1
13n_667,59,target,greene,1,,1,0,0,0,0
13n_67,211,target,greene,1,,1,0,0,0,0
13n_671,131,target,greene,1,,1,0,0,0,0
13n_672,101,target,greene,1,,1,0,0,0,0
13n_673,137,target,greene,1,,1,0,0,0,0
13n_674,71,target,greene,1,,1,0,0,0,0
13n_677,103,control,greene,1,,1,1,1,1,1
13n_678,97,control,greene,1,,1,1,1,1,1
13n_681,141,target,greene,1,,1,0,0,0,0
13n_682,75,control,greene,1,,1,1,1,1,1
13n_683,71,target,greene,1,,1,0,0,0,0
13n_685,43,target,greene,1,,1,0,0,0,0
13n_688,77,control,greene,1,,1,1,1,1,1
13n_69,191,target,greene,1,,1,0,0,0,0
13n_692,131,target,greene,1,,0,0,0,0,0
13n_693,101,target,greene,1,,1,0,0,0,0
13n_695,101,target,greene,1,,1,0,0,0,0
13n_696,179,target,greene,1,,1,0,0,0,0
13n_698,61,target,greene,1,,1,0,0,0,0
13n_70,229,target,greene,1,,1,0,0,0,0
13n_702,95,target,greene,1,,1,0,0,0,0
13n_703,41,target,greene,1,,1,0,0,0,0
13n_704,107,target,greene,1,,1,0,0,0,0
13n_705,109,target,greene,1,,1,0,0,0,0
13n_706,79,target,greene,1,,1,0,0,0,0
13n_708,131,target,greene,1,,1,0,0,0,0
13n_710,95,target,greene,1,,1,0,0,0,0
13n_713,155,target,greene,1,,1,0,0,0,0
13n_717,139,target,greene,1,,0,0,0,0,0
13n_718,157,target,greene,1,,1,0,0,0,0
13n_72,121,target,greene,1,,1,0,0,0,0
13n_720,159,target,greene,1,,1,0,0,0,0
13n_722,211,target,greene,1,,1,0,0,0,0
13n_723,141,target,greene,1,,1,0,0,0,0
13n_726,75,target,greene,1,,1,0,0,0,0
13n_728,269,target,greene,1,,1,0,0,0,0
13n_73,159,target,greene,1,,1,0,0,0,0
13n_732,93,target,greene,1,,1,0,0,0,0
13n_733,115,target,greene,1,,1,0,0,0,0
13n_736,151,target,greene,1,,1,0,0,0,0
13n_738,203,target,greene,1,,1,0,0,0,0
13n_740,113,target,greene,1,,1,0,0,0,0
13n_742,181,target,greene,1,,1,0,0,0,0
13n_745,139,target,greene,1,,1,0,0,0,0
13n_748,133,target,greene,1,,1,0,0,0,0
13n_752,115,target,greene,1,,1,0,0,0,0
13n_754,103,target,greene,1,,1,0,0,0,0
13n_759,93,target,greene,1,,1,0,0,0,0
13n_762,99,target,greene,1,,1,0,0,0,0
13n_764,211,target,greene,1,,1,0,0,0,0
13n_767,269,target,greene,1,,1,0,0,0,0
13n_769,115,target,greene,1,,1,0,0,0,0
13n_772,143,target,greene,1,,1,0,0,0,0
13n_777,151,target,greene,1,,1,0,0,0,0
13n_779,49,target,greene,3,,0,0,0,0,0
13n_78,163,target,greene,1,,1,0,0,0,0
13n_781,127,target,greene,1,,1,0,0,0,0
13n_784,121,target,greene,1,,1,0,0,0,0
13n_785,167,target,greene,1,,1,0,0,0,0
13n_788,193,target,greene,1,,1,0,0,0,0
13n_794,175,target,greene,1,,1,0,0,0,0
13n_798,157,target,greene,1,,1,0,0,0,0
13n_8,111,target,greene,1,,1,0,0,0,0
13n_804,107,control,greene,1,,1,1,1,1,1
13n_806,121,target,greene,1,,0,0,0,0,0
13n_807,163,control,greene,1,,1,1,1,1,1
13n_808,221,control,greene,1,,1,1,1,1,1
13n_810,103,target,greene,1,,1,0,0,0,0
13n_811,157,target,greene,1,,1,0,0,0,0
13n_812,173,target,greene,1,,1,0,0,0,0
13n_813,211,target,greene,1,,1,0,0,0,0
13n_817,195,target,greene,1,,1,0,0,0,0
13n_819,155,target,greene,1,,1,0,0,0,0
13n_822,111,target,greene,1,,1,0,0,0,0
13n_829,189,target,greene,1,,1,0,0,0,0
13n_830,141,target,greene,1,,1,0,0,0,0
13n_834,155,control,greene,1,,1,1,1,1,1
13n_836,57,target,greene,6,,1,0,0,0,0
13n_837,87,target,greene,2,,1,0,0,0,0
13n_838,229,control,greene,1,,1,1,1,1,1
13n_84,129,target,greene,1,,1,0,0,0,0
13n_843,165,target,greene,1,,1,0,0,0,0
13n_844,219,target,greene,1,,1,0,0,0,0
13n_846,163,target,greene,1,,1,0,0,0,0
13n_847,221,target,greene,1,,1,0,0,0,0
13n_849,163,control,greene,1,,1,1,1,1,1
13n_850,221,control,greene,1,,1,1,1,1,1
13n_854,173,target,greene,1,,1,0,0,0,0
13n_855,211,target,greene,1,,1,0,0,0,0
13n_861,129,target,greene,1,,1,0,0,0,0
13n_864,139,target,greene,1,,1,0,0,0,0
13n_867,151,target,greene,1,,1,0,0,0,0
13n_869,163,target,greene,1,,1,0,0,0,0
13n_87,109,target,greene,1,,1,0,0,0,0
13n_873,203,target,greene,1,,1,0,0,0,0
13n_875,189,target,greene,1,,1,0,0,0,0
13n_878,117,control,greene,1,,1,1,1,1,1
13n_879,163,target,greene,1,,1,0,0,0,0
13n_88,151,target,greene,1,,1,0,0,0,0
13n_887,121,target,greene,1,,0,0,0,0,0
13n_89,101,control,greene,1,,1,1,1,1,1
13n_890,107,control,greene,1,,1,1,1,1,1
13n_892,107,target,greene,1,,1,0,0,0,0
13n_893,133,target,greene,1,,1,0,0,0,0
13n_896,169,target,greene,1,,1,0,0,0,0
13n_898,129,control,greene,1,,1,1,1,1,1
13n_899,179,target,greene,1,,1,0,0,0,0
13n_9,149,target,greene,1,,1,0,0,0,0
13n_902,111,control,greene,1,,1,1,1,1,1
13n_903,139,target,greene,1,,1,0,0,0,0
13n_908,251,target,greene,1,,1,0,0,0,0
13n_910,139,target,greene,1,,1,0,0,0,0
13n_913,139,target,greene,1,,1,0,0,0,0
13n_914,133,target,greene,1,,1,0,0,0,0
13n_918,175,target,greene,1,,1,0,0,0,0
13n_921,175,target,greene,1,,1,0,0,0,0
13n_923,157,target,greene,1,,1,0,0,0,0
13n_926,83,target,greene,1,,1,0,0,0,0
13n_928,177,target,greene,1,,1,0,0,0,0
13n_934,111,target,greene,1,,1,0,0,0,0
13n_938,151,target,greene,1,,0,0,0,0,0
13n_944,251,target,greene,1,,1,0,0,0,0
13n_946,179,target,greene,1,,1,0,0,0,0
13n_95,141,target,greene,1,,1,0,0,0,0
13n_950,189,target,greene,1,,1,0,0,0,0
13n_953,113,target,greene,1,,1,0,0,0,0
13n_956,181,target,greene,1,,1,0,0,0,0
13n_957,171,target,greene,1,,1,0,0,0,0
13n_960,213,target,greene,1,,1,0,0,0,0
13n_969,163,target,greene,1,,1,0,0,0,0
13n_97,157,target,greene,1,,1,0,0,0,0
13n_970,221,target,greene,1,,1,0,0,0,0
13n_980,123,target,greene,1,,1,0,0,0,0
13n_984,135,target,greene,1,,1,0,0,0,0
13n_990,135,target,greene,1,,1,0,0,0,0
13n_991,155,control,greene,1,,1,1,1,1,1
13n_992,229,control,greene,1,,1,1,1,1,1
13n_997,165,target,greene,1,,1,0,0,0,0
13n_998,219,target,greene,1,,1,0,0,0,0
3_1,3,control,montesinos,,1,1,1,1,1,1
4_1,5,control,montesinos,,1,1,1,1,1,1
5_1,5,control,montesinos,,1,0,0,0,0,0
5_2,7,control,montesinos,,1,1,1,1,1,1
6_1,9,control,montesinos,,1,1,1,1,1,1
6_2,11,control,montesinos,,1,1,1,1,1,1
6_3,13,control,montesinos,,1,1,1,1,1,1
7_2,11,control,montesinos,,1,1,1,1,1,1
7_3,13,control,montesinos,,1,0,0,0,0,0
7_4,15,control,montesinos,,1,0,0,0,0,0
7_5,17,control,montesinos,,1,0,0,0,0,0
7_6,19,control,montesinos,,1,1,1,1,1,1
7_7,21,control,montesinos,,1,1,1,1,1,1
8_1,13,control,montesinos,,1,1,1,1,1,1
8_10,27,control,montesinos,,1,1,0,0,0,0
8_11,27,control,montesinos,,1,1,1,1,1,1
8_12,29,control,montesinos,,1,1,0,0,0,0
8_13,29,control,montesinos,,1,1,1,1,1,1
8_14,31,control,montesinos,,1,1,1,1,1,1
8_15,33,control,montesinos,,1,0,0,0,0,0
8_2,17,control,montesinos,,1,0,0,0,0,0
8_20,9,control,greene;montesinos,1,1,1,1,1,1,1
8_21,15,control,greene;montesinos,1,1,1,1,1,1,1
8_3,17,control,montesinos,,1,1,0,0,0,0
8_4,19,control,montesinos,,1,1,0,0,0,0
8_5,21,control,montesinos,,1,0,0,0,0,0
8_6,23,control,montesinos,,1,1,0,0,0,0
8_7,23,control,montesinos,,1,1,1,1,1,1
8_8,25,control,montesinos,,1,0,0,0,0,0
8_9,25,control,montesinos,,1,1,1,1,1,1
9_11,33,control,montesinos,,1,0,0,0,0,0
9_12,35,control,montesinos,,1,1,1,1,1,1
9_14,37,control,montesinos,,1,1,1,1,1,1
9_15,39,control,montesinos,,1,0,0,0,0,0
9_17,39,control,montesinos,,1,0,0,0,0,0
9_18,41,control,montesinos,,1,0,0,0,0,0
9_19,41,control,montesinos,,1,1,1,1,1,1
9_2,15,control,montesinos,,1,1,1,1,1,1
9_20,41,control,montesinos,,1,0,0,0,0,0
9_21,43,control,montesinos,,1,1,1,1,1,1
9_22,43,control,montesinos,,1,1,1,1,1,1
9_23,45,control,montesinos,,1,0,0,0,0,0
9_24,45,control,montesinos,,1,1,1,1,1,1
9_25,47,control,montesinos,,1,1,0,0,0,0
9_26,47,control,montesinos,,1,1,1,1,1,1
9_27,49,control,montesinos,,1,1,1,1,1,1
9_28,51,control,montesinos,,1,1,1,1,1,1
9_30,53,control,montesinos,,1,1,1,1,1,1
9_31,55,control,montesinos,,1,0,0,0,0,0
9_36,37,control,montesinos,,1,0,0,0,0,0
9_4,21,control,montesinos,,1,0,0,0,0,0
9_42,7,control,montesinos,,1,1,1,1,1,1
9_43,13,control,montesinos,,1,0,0,0,0,0
9_44,17,control,greene;montesinos,1,1,1,1,1,1,1
9_45,23,control,greene;montesinos,1,1,1,1,1,1,1
9_5,23,control,montesinos,,1,0,0,0,0,0
9_7,29,control,montesinos,,1,0,0,0,0,0
9_8,31,control,montesinos,,1,1,0,0,0,0
